DATA,LABEL
"Dia selalu curhat tentang masalahnya kepadaku, rasanya melelahkan",NEGATIF
"Aku senang bisa menjadi tempat curhat teman-temanku, merasa dipercaya",POSITIF
"Sudah bosan dengan curhatan yang itu-itu saja, tidak ada solusinya",NEGATIF
"Mendengarkan curhatan orang lain bisa memberikan perspektif baru, menarik",POSITIF
Terlalu banyak curhatan negatif membuat suasana hati jadi buruk,NEGATIF
"Saat curhat, aku merasa lega karena dapat membagi beban dengan orang lain",POSITIF
"Terkadang malas mendengarkan curhatan orang lain, merasa kesal",NEGATIF
"Merasa terharu saat teman curhat tentang hal pribadinya, ingin membantu",POSITIF
"Curhat adalah salah satu cara untuk melepaskan tekanan batin, penting untuk kesehatan mental",POSITIF
"Seringkali curhatan hanya membuat masalah terasa semakin berat, tidak ada solusi yang diberikan",NEGATIF
Aku capek dengerin curhatan terus-terusan,NEGATIF
Senang bisa jadi tempat curhat teman-teman,POSITIF
Sebaiknya cari solusi daripada hanya curhat tanpa tindakan,NETRAL
"Curhatanmu selalu menginspirasi aku, terima kasih",POSITIF
Seringkali malas mendengar curhat orang lain,NEGATIF
Mendengar curhatanmu membuatku lebih memahami diri sendiri,POSITIF
Curhatan yang terlalu berlebihan bisa membuat orang jenuh,NEGATIF
Aku tidak suka saat teman hanya curhat tanpa mendengarkan saran,NEGATIF
Merasa lega setelah curhat kepada sahabat terdekat,POSITIF
Curhatan tentang pekerjaan selalu membuatku stres,NEGATIF
"Aduh, capek banget curhat terus...",NEGATIF
Senang banget bisa curhat sama sahabat dekat.,POSITIF
"Malu-malu curhat ke orang lain, takut dijudge.",NEGATIF
"Suka curhat di media sosial, merasa lega setelahnya.",POSITIF
Bosan dengerin curhatan teman yang sama terus.,NEGATIF
Merasa terbantu setelah curhat ke psikolog.,POSITIF
"Netral aja deh, curhat atau enggak sama teman.",NETRAL
"Suka curhat ke ibu, selalu dapat solusi yang baik.",POSITIF
Kadang curhat ke teman malah bikin semakin pusing.,NEGATIF
"Sering curhat ke sahabat, hubungan kami semakin erat.",POSITIF
Saya capek mendengarkan curhatan teman terus-menerus.,NEGATIF
Senang bisa menjadi tempat curhat yang aman bagi teman-teman.,POSITIF
Merasa lega setelah bisa curhat tentang masalah keluarga.,POSITIF
Tidak suka saat orang hanya curhat tapi tidak mau mencari solusi.,NEGATIF
Merasa tersentuh saat mendengar curhatan dari orang yang terus menerus berjuang.,POSITIF
Sering merasa pusing jika terlalu banyak mendengarkan curhatan orang lain.,NEGATIF
Mendengarkan curhatan membuat saya lebih menghargai pengalaman hidup orang lain.,POSITIF
Suka memberikan saran positif saat teman curhat tentang pekerjaannya.,POSITIF
Kesal karena sering menjadi tempat curhat tanpa dihargai oleh teman sendiri.,NEGATIF
"Seharusnya curhatan hanya menjadi langkah pertama, bukan jadi kebiasaan tanpa perubahan.",NEGATIF
Aku merasa lega setelah curhat dengan teman dekatku.,POSITIF
Sedihnya hatiku setelah curhat tapi teman malah cuek.,NEGATIF
Saya merasa terbantu setelah curhat pada psikolog.,POSITIF
"Curhatku diabaikan, membuatku semakin sendu.",NEGATIF
Curhat adalah cara terbaik untuk melepaskan beban pikiran.,POSITIF
"Rasanya jadi lebih berat setelah curhat, tidak ada solusi.",NEGATIF
Merasa lega setelah curhat di grup diskusi online.,POSITIF
"Curhatku dianggap sepele oleh orang lain, membuatku kecewa.",NEGATIF
"Saat curhat, aku merasa didengarkan dan dipahami sepenuhnya.",POSITIF
Rasa percaya diriku hancur setelah curhat dan disalahkan.,NEGATIF
Sedih melihat teman curhat tentang masalah keluarga,NEGATIF
Senang bisa menjadi pendengar setia saat sahabat curhat,POSITIF
Bingung harus memberikan saran apa saat teman curhat tentang pekerjaannya,NETRAL
Kesal karena teman selalu curhat tapi tidak pernah mendengarkan saran,NEGATIF
Merasa terharu ketika bisa membantu menyelesaikan masalah saat teman curhat,POSITIF
Cemas tidak bisa memberikan dukungan yang cukup saat sahabat curhat tentang kesehatannya,NEGATIF
Tenang mendengarkan curhatan orang lain tanpa perlu memberikan solusi,POSITIF
Kesepian karena jarang memiliki teman yang mau mendengarkan curhatan,NEGATIF
Suka memberikan perhatian saat orang curhat meski tidak ada solusi yang bisa diberikan,POSITIF
Rasa lega saat bisa berbagi beban dengan teman yang sedang curhat,POSITIF
Aku merasa lega setelah curhat mengenai masalah keluarga,POSITIF
Sebentar lagi aku akan curhat ke teman soal pekerjaan yang menumpuk,NEGATIF
"Saat curhat, aku merasa terbuka dan lebih ringan",POSITIF
Merasa kecewa karena curhatanku dianggap sepele oleh teman,NEGATIF
Curhatan pagi ini membuatku semangat menghadapi hari,POSITIF
Sudah lelah curhat terus-menerus tapi masalahnya belum juga selesai,NEGATIF
Curhat mengenai cinta selalu membuatku sedih,NEGATIF
Terkadang curhat membantu meluapkan emosi negatif,NETRAL
"Setelah curhat, aku merasa ada solusi untuk masalahku",POSITIF
Seringkali curhat hanya membuat kebingungan semakin bertambah,NEGATIF
Sedih melihat teman sedang curhat tanpa ada yang mendengarkan.,NEGATIF
Senang bisa menjadi tempat curhat bagi sahabat terdekat.,POSITIF
Bingung harus memberikan saran atau hanya mendengarkan saja saat curhatan teman.,NETRAL
Kesal karena teman curhat terus menerus tanpa ada perubahan yang dilakukan.,NEGATIF
Merasa terharu ketika melihat orang yang sedang curhat berhasil menemukan solusi untuk masalahnya.,POSITIF
Sedih melihat seseorang yang curhat tetapi tidak mau menerima masukan atau saran.,NEGATIF
Hati senang ketika bisa memberikan dukungan kepada teman yang sedang dalam kesulitan.,POSITIF
Terkadang merasa lelah karena sering menjadi tempat curhat bagi banyak orang.,NEGATIF
Netral saat mendengarkan cerita curhatan dari orang yang belum terlalu dekat.,NETRAL
Merasa lega setelah berhasil membagikan beban dengan menceritakan masalah pada orang lain.,POSITIF
Dia selalu curhat ke saya dan saya merasa senang bisa membantunya,POSITIF
Saya kesal karena teman saya terus-terusan curhat tapi tidak pernah mendengarkan saran,NEGATIF
"Saat curhat, dia selalu memberikan nasihat yang bijaksana dan membantu saya melihat dari sudut pandang yang berbeda",POSITIF
Saya merasa terbebani ketika teman curhat mengenai masalah yang sama berulang kali tanpa upaya perbaikan,NEGATIF
Mendengarkan curhatannya membuat saya merasa terharu dan semakin dekat dengannya,POSITIF
Rasanya melelahkan ketika harus selalu menjadi tempat curhat teman tanpa bisa berbagi beban yang sama,NEGATIF
Saya merasa lega setelah bisa curhat dan mendapat dukungan dari orang terdekat,POSITIF
Curhatnya selalu negatif dan membuat suasana hati saya ikut terpengaruh,NEGATIF
"Saya terbiasa menjadi pendengar yang baik saat teman curhat, meski kadang merasa kelelahan juga",NETRAL
Mendengarkan curhat orang lain kadang membuat saya merasa lebih bersyukur dengan hidup saya sendiri,POSITIF
Aku capek mendengarkan curhatan terus menerus,NEGATIF
Senang bisa menjadi teman curhat yang baik,POSITIF
Sedih melihat teman sedang bersedih saat curhat,NEGATIF
Suka memberi saran positif saat ada yang curhat,POSITIF
Bosan dengan curhatan yang tidak pernah berubah,NEGATIF
Netral saja saat ada yang curhat padaku,NETRAL
Merasa terbebani ketika banyak yang curhat padaku,NEGATIF
Berusaha memberikan dukungan penuh saat teman curhat,POSITIF
Tidak suka saat ada yang curhat terlalu dramatis,NEGATIF
Mendengarkan curhatan membuatku merasa lebih dekat,POSITIF
Aku capek mendengar curhatan terus-menerus dari temanku.,NEGATIF
Senang bisa menjadi tempat curhat yang aman bagi orang lain.,POSITIF
Biasanya saya merasa tegang saat sedang curhat dengan orang lain.,NEGATIF
Suka membantu orang yang sedang curhat untuk mencari solusi.,POSITIF
Kadang merasa terbebani saat menjadi tempat curhat untuk banyak orang.,NEGATIF
Suka mendengarkan curhatan orang lain karena bisa belajar banyak hal.,POSITIF
Kesal dengan teman yang hanya bisa curhat tapi tidak mau mencari solusi.,NEGATIF
Menyediakan waktu untuk mendengarkan curhatan teman adalah hal yang penting.,POSITIF
Merasa terharu ketika teman curhat pada saat saya sedang sedih sendiri.,POSITIF
Bosan dengan curhatan yang terus-menerus tanpa ada tindakan nyata.,NEGATIF
Senang bisa menjadi pendengar yang baik bagi teman yang sedang curhat,POSITIF
Kesal karena terus-terusan jadi tempat curhat teman tanpa dihargai,NEGATIF
Merasa terharu saat dapat membantu teman yang membutuhkan tempat curhat,POSITIF
Bingung bagaimana cara menanggapi curhatan teman yang penuh masalah,NETRAL
Merasa lelah dan terbebani dengan curhatan teman yang tak pernah berhenti,NEGATIF
Berusaha memberikan solusi positif kepada teman yang curhat tentang pekerjaannya,POSITIF
Suka mendengarkan cerita teman yang sedang curhat tentang percintaan,POSITIF
Kesepian karena jarang punya kesempatan curhat dengan orang lain,NEGATIF
Netral dengan curhatan orang yang lebih suka diam-diam memendam masalah,NETRAL
Saya merasa lega setelah curhat mengenai masalah keluarga,POSITIF
Aku sebal karena dia selalu curhat tapi tidak pernah mendengarkan saran,NEGATIF
Merasa terbantu setelah mendengarkan curhatan teman,POSITIF
Sedih mendengar curhatan tentang kehilangan pekerjaan,NEGATIF
Biasanya saya jadi lebih tenang setelah curhat dengan sahabat,POSITIF
Kesal karena curhatan dianggap remeh oleh teman,NEGATIF
Netral saja dengan curhatan tentang kehidupan sehari-hari,NETRAL
Senang bisa jadi tempat curhat bagi orang lain,POSITIF
Merasa terbebani dengan curhatan teman yang berlebihan,NEGATIF
Tidak peduli dengan curhatan orang yang tidak mau membantu dirinya sendiri,NEGATIF
Aku merasa lega setelah curhat dengan sahabat,POSITIF
Sedih sekali melihat teman terus curhat tapi tak kunjung membaik,NEGATIF
Saya merasa senang bisa menjadi tempat curhat yang aman bagi orang lain,POSITIF
Rasanya lelah mendengarkan cerita curhat yang sama berulang kali,NEGATIF
Curhat adalah salah satu cara terbaik untuk melepaskan beban pikiran,POSITIF
Kadang saya juga butuh curhat tapi merasa tidak ada yang peduli,NEGATIF
Merasa puas ketika curhat dan mendapat dukungan positif dari orang lain,POSITIF
Mendengarkan curhat orang lain membuat saya merasa terhubung secara emosional,POSITIF
Saya jadi tidak suka curhat karena seringkali hanya mendapat nasihat yang tidak membantu,NEGATIF
"Hati-hati saat curhat, jangan sampai malah mendapat penilaian negatif dari orang lain",NEGATIF
Aku capek mendengarkan curhatan terus-menerus dari temanku,NEGATIF
Senangnya bisa menjadi tempat curhat bagi sahabat yang sedang bermasalah,POSITIF
Biasanya curhatan di malam hari terasa lebih dalam,NETRAL
Seringkali curhatan hanya membuat suasana menjadi tegang,NEGATIF
Curhatan teman-teman seringkali menginspirasi aku untuk lebih bijaksana,POSITIF
Terkadang curhatan hanya membuat masalah terasa semakin besar,NEGATIF
Mendengarkan curhatan orang lain bisa membuat hati terasa hangat,POSITIF
"Jika curhatan tidak direspon dengan baik, orang bisa merasa diabaikan",NEGATIF
Curhatan adalah bagian penting dalam menjaga kesehatan mental seseorang,POSITIF
Orang yang suka curhat seharusnya juga siap menerima saran dan masukan,NETRAL
"Aduh, capek banget curhat terus. Rasanya jadi lega sih setelah cerita semua masalah.",NETRAL
"Suka dengerin temen curhat, tapi kadang bikin capek juga ya dengerin masalah terus.",NETRAL
"Seneng banget bisa curhat sama sahabat, rasanya beban di hati jadi berkurang.",POSITIF
"Lagi down banget, tapi gak punya temen dekat buat curhat.",NEGATIF
"Kadang suka mikir, apa temen-temenku capek ya dengerin curhatan aku terus.",NEGATIF
"Setiap kali curhat sama keluarga, pasti ada solusi yang bikin semangat lagi.",POSITIF
"Kangen curhat sama sahabat dekat, udah lama gak ngobrol serius nih.",NETRAL
"Suka curhat sama pacar, tapi kadang takut bikin dia jadi capek dengerin.",NETRAL
"Curhatan temen bikin mikir, apa yang sebaiknya aku lakukan dalam situasi serupa.",NETRAL
"Leganya hati setelah curhat ke psikolog, ternyata dia bisa bantu atasi masalah.",POSITIF
Sudah bosan mendengar curhatan teman yang selalu sama setiap hari.,NEGATIF
Terkadang merasa lelah juga menjadi pendengar curhatan orang lain.,NEGATIF
Merasa terharu mendengar curhatan yang sungguh dalam dari sahabat terbaik.,POSITIF
Seringkali merasa bingung harus memberikan solusi untuk curhatan teman.,NETRAL
Kadang merasa terganggu dengan curhatan yang berlebihan dan tidak relevan.,NEGATIF
Menyadari pentingnya mendengarkan curhatan orang lain untuk saling mendukung.,POSITIF
Ingin memberikan nasihat yang baik tapi takut disalahpahami oleh yang sedang curhat.,NETRAL
Merasa terhibur dengan curhatan lucu dari sahabat di grup chat.,POSITIF
Suka merasa terharu ketika bisa membantu teman dengan mendengarkan curhatannya.,POSITIF
"Aduh, capek banget mendengarkan curhatan orang lain.",NEGATIF
Sedih melihat teman sedang sedih saat curhat.,NEGATIF
Mendengarkan curhatan orang lain membuatku merasa terbantu.,POSITIF
Curhatan teman membuat suasana hati jadi tidak enak.,NEGATIF
Suka membantu menyelesaikan masalah setelah mendengar curhatan.,POSITIF
Kesal dengan teman yang selalu mengganggu dengan curhatannya.,NEGATIF
Menyadari pentingnya mendengarkan curhatan untuk saling mendukung.,POSITIF
Bosan dengan curhatan yang terus-menerus tanpa ada perubahan.,NEGATIF
Merasa lega setelah berhasil curhat dan mendapat dukungan dari teman.,POSITIF
Aku capek mendengarkan curhatan terus-menerus tanpa solusi yang jelas.,NEGATIF
Merasa lega setelah bisa curhat kepada sahabat terdekat.,POSITIF
Sedih mendengar curhatan teman yang penuh dengan kesedihan.,NEGATIF
Saat curhat bisa menjadi terapi yang baik untuk mengatasi masalah.,POSITIF
Kadang curhat hanya membuat beban hati semakin berat.,NEGATIF
Curhat adalah salah satu cara untuk meredakan stres.,POSITIF
Seringkali curhat menjadi ajang pamer masalah belaka.,NEGATIF
Ada kelegaan setelah berhasil mengungkapkan isi hati kepada orang lain.,POSITIF
Rasanya terbebani ketika harus mendengarkan curhatan yang bertele-tele.,NEGATIF
Saya merasa lega setelah curhat dengan teman dekat.,POSITIF
Aku merasa kecewa karena teman curhatku tidak mendengarkan dengan serius.,NEGATIF
Merasa terbantu setelah berbagi cerita dengan orang lain.,POSITIF
Sangat sulit menemukan teman yang bisa dipercaya untuk curhat.,NEGATIF
Senang bisa mendengarkan curhatan sahabat dan memberikan dukungan.,POSITIF
Seringkali merasa kesepian karena tidak punya teman curhat.,NEGATIF
Mendengarkan curhatan orang lain membuat saya merasa terharu.,POSITIF
Kesal karena teman curhat hanya memikirkan dirinya sendiri.,NEGATIF
Rasa lega dan ringan setelah curhat mengenai masalah keluarga.,POSITIF
Sulit bagi saya untuk membuka diri dan curhat kepada orang lain.,NEGATIF
Aku bosan mendengar teman yang terus curhat tanpa henti,NEGATIF
Seringkali curhat dengan sahabat membuat beban hati terasa lebih ringan,POSITIF
Merasa lega setelah curhat mengenai masalah pekerjaan,POSITIF
Orang yang suka curhat seharusnya belajar mandiri menyelesaikan masalah sendiri,NEGATIF
Saya senang bisa menjadi tempat curhat yang aman bagi teman-teman,POSITIF
Mendengar cerita sedih dari orang yang curhat membuat hati ikut sedih,NEGATIF
Kadang curhat bisa membantu melihat sisi lain dari masalah,POSITIF
Sulit fokus saat teman terus-terusan curhat mengenai hal yang sama,NEGATIF
Setiap orang butuh wadah untuk curhat agar tidak terbebani sendirian,POSITIF
Lebih baik curhat daripada menyimpan perasaan sendiri yang bisa berdampak buruk,POSITIF
Saya merasa lega setelah curhat kepada sahabat terdekat.,POSITIF
Merasa semakin tertekan setelah bercerita kepada teman.,NEGATIF
Curhat kepada orang tua selalu membuat hati lebih tenang.,POSITIF
Merasa diabaikan saat curhat kepada siapapun.,NEGATIF
Senang bisa berbagi cerita dengan seseorang yang mendengarkan dengan penuh perhatian.,POSITIF
Kesal karena teman hanya menganggap sepele setiap curhat yang disampaikan.,NEGATIF
"Saat curhat, saya merasa didengarkan tanpa disela-sela.",POSITIF
Merasa kecewa karena rahasia curhat dipecahkan kepada orang lain.,NEGATIF
Hati terasa lebih ringan setelah mengungkapkan beban kepada seseorang.,POSITIF
Merasa dikhianati ketika curhat dipublikasikan ke media sosial tanpa izin.,NEGATIF
"Aduh, capek banget dengerin curhatan teman terus.",NEGATIF
Senang banget bisa menjadi tempat curhat yang aman bagi teman-teman.,POSITIF
Sedih rasanya melihat orang curhat tapi tidak mendapat solusi yang tepat.,NEGATIF
Suka membantu orang curhat karena bisa saling mendengarkan dan memberi dukungan.,POSITIF
Biasanya curhatan orang lain jadi beban pikiran sendiri.,NEGATIF
"Netral saja saat teman curhat, tak terlalu terbawa perasaan.",NETRAL
Seringkali curhat dapat menjadi pelipur lara dan penyelesaian masalah.,POSITIF
Merasa terganggu ketika mendengar curhatan yang bertele-tele.,NEGATIF
Mendengar curhatan orang lain seringkali membuat saya lebih bersyukur dengan kehidupan sendiri.,POSITIF
Lebih suka curhat dengan orang yang bisa memberikan solusi daripada sekadar mendengarkan.,NETRAL
Saya merasa lega setelah curhat kepada sahabat.,POSITIF
Merasa kecewa karena curhatan saya dianggap remeh oleh teman.,NEGATIF
"Saat curhat, teman saya memberikan solusi yang sangat membantu.",POSITIF
Merasa tertekan karena tidak ada yang mau mendengarkan curhatan saya.,NEGATIF
Curhat kepada orang tua selalu membuat saya merasa tenang.,POSITIF
Teman-teman saya selalu cuek saat saya curhat.,NEGATIF
"Setelah curhat, saya merasa lebih ringan dan lega.",POSITIF
Merasa disia-siakan setelah curhat kepada seseorang.,NEGATIF
Curhat kepada sahabat membuat hubungan kami semakin erat.,POSITIF
Saya merasa tidak dihargai setelah curhat kepada pacar.,NEGATIF
Aku capek mendengarkan curhatan terus-menerus dari temanku.,NEGATIF
Sedih rasanya ketika orang yang kita curhati tidak mendengarkan dengan baik.,NEGATIF
Senangnya bisa menjadi tempat curhat yang dipercayai oleh banyak orang.,POSITIF
Mendengarkan curhatan orang lain membuatku merasa terhubung secara emosional.,POSITIF
Biasanya curhatan malam lebih dalam dan penuh makna.,POSITIF
"Sebentar lagi aku akan curhat kepadamu tentang masalahku, harap bersiap-siap.",NETRAL
Sebaiknya jangan sering curhat kepada orang yang tidak bisa dipercaya.,NEGATIF
Curhat adalah salah satu cara untuk melepaskan beban pikiran.,POSITIF
Kejujuran dalam curhatan sangat penting untuk mendapatkan solusi yang tepat.,POSITIF
Terkadang curhatan hanya membuat masalah terasa semakin berat.,NEGATIF
Sudah bosan dengan teman yang terus curhat tanpa henti.,NEGATIF
Senang bisa menjadi pendengar setia bagi teman yang sedang curhat.,POSITIF
Merasa terbebani ketika banyak orang curhat padamu sekaligus.,NEGATIF
"Saat teman curhat, rasanya hati jadi hangat ingin membantu.",POSITIF
Terharu mendengar cerita curhat dari sahabat terdekat.,POSITIF
Seringkali mendapat curhatan dari orang asing di media sosial.,NETRAL
Kesal dengan teman yang hanya curhat tapi tidak mau mencari solusi.,NEGATIF
Menghargai kepercayaan teman yang mau berbagi curhat pribadi.,POSITIF
"Terus terang, terkadang lelah mendengarkan curhatan yang sama dari teman-teman.",NETRAL
Suka memberikan saran positif ketika ada yang curhat pada saya.,POSITIF
Dia selalu curhat kepadaku dan membuatku merasa lebih dekat dengannya.,POSITIF
Sudah bosan dengan teman yang terus-terusan curhat tanpa henti.,NEGATIF
Mendengarkan curhatannya membuatku ikut sedih.,NEGATIF
Suka membantu teman yang sedang curhat karena merasa terhubung dengannya.,POSITIF
Hanya bisa memberikan dukungan moral saat teman curhat lewat pesan singkat.,NETRAL
Menyadari bahwa curhat adalah cara untuk saling mendukung dalam persahabatan.,POSITIF
Kadang merasa lelah karena selalu menjadi tempat curhat orang lain.,NEGATIF
Menyimpan rahasia teman yang curhat adalah bentuk kepercayaan yang harus dijaga.,POSITIF
Sering kali merasa terbebani dengan curhatan orang lain yang berlebihan.,NEGATIF
Menyediakan waktu untuk mendengarkan curhat teman adalah tanda kasih sayang.,POSITIF
Aku merasa lega setelah curhat kepada sahabat,POSITIF
Sedih rasanya ketika curhat tapi tidak ada yang mendengarkan,NEGATIF
Curhat adalah cara terbaik untuk mengurangi beban pikiran,POSITIF
Seringkali curhat malah membuat masalah semakin rumit,NEGATIF
Merasa didengarkan dan dimengerti ketika curhat kepada orang terdekat,POSITIF
Orang yang suka curhat terlalu banyak membebani orang lain,NEGATIF
"Ketika curhat, penting untuk mencari solusi bukan hanya sekadar curhatan",POSITIF
Curhat terkadang hanya membuat rasa sedih semakin mendalam,NEGATIF
Menerima masukan positif setelah curhat membuat hari menjadi lebih baik,POSITIF
Jangan sering curhat tanpa tindakan nyata untuk memperbaiki situasi,NEGATIF
Aku merasa lega setelah curhat tentang masalah keluarga dengan sahabat dekat.,POSITIF
Sedih rasanya ketika curhat pada teman tapi malah dianggap sebelah mata.,NEGATIF
Mendengarkan curhatan teman membuatku merasa lebih terhubung satu sama lain.,POSITIF
Sudah bosan dengan teman yang selalu curhat tanpa henti.,NEGATIF
Hati merasa hangat saat menerima curhatan dari sahabat terbaik.,POSITIF
Terkadang curhatan hanya membuat semakin bingung tanpa solusi.,NEGATIF
Senang bisa menjadi pendengar setia saat teman curhat tentang masalah percintaan.,POSITIF
Rasanya kesepian ketika tidak punya siapa-siapa untuk curhat.,NEGATIF
"Suka curhat pada waktu malam, rasanya pikiran jadi lebih ringan.",POSITIF
"Kadang curhatan tidak selalu dihargai, membuat merasa tidak dianggap.",NEGATIF
Saya muak mendengar curhatan terus-menerus dari teman saya.,NEGATIF
Biasanya orang yang sedang curhat butuh teman mendengarkan dengan penuh pengertian.,POSITIF
Aku jadi terusik karena curhatan orang itu sebenarnya hanya mencari simpati belaka.,NEGATIF
"Saat orang curhat, saya selalu siap mendengarkan dan memberikan saran jika diperlukan.",POSITIF
Kadang curhatan membuat suasana hati jadi lebih ringan dan lega.,POSITIF
Saya merasa lelah dengan beban curhatan teman yang terus menerus.,NEGATIF
Curhatan orang kadang membuat saya merasa terharu dan berempati.,POSITIF
Saya merasa tertekan ketika harus mendengarkan curhatan yang terlalu berat.,NEGATIF
Mendengarkan curhatan bisa menjadi momen bagi kita untuk saling mendukung satu sama lain.,POSITIF
Saya merasa terganggu dengan curhatan yang seharusnya bisa diselesaikan sendiri oleh orang tersebut.,NEGATIF
Sedih mendengar curhatan tentang masalah keluarga yang rumit.,NEGATIF
Biasanya curhatan di malam hari lebih dalam dan emosional.,NETRAL
Kadang merasa terbebani dengan curhatan yang terlalu berat.,NEGATIF
Suka memberikan saran positif untuk teman yang sedang curhat.,POSITIF
Merasa lega setelah curhat tentang masalah pekerjaan.,POSITIF
"Jangan terlalu sering curhat, nanti malah bikin stres sendiri.",NEGATIF
Mendukung sepenuh hati curhatan teman yang sedang dalam masalah.,POSITIF
Hati-hati dalam memilih tempat curhat agar tidak disalahgunakan.,NETRAL
Aku bosan mendengarkan teman yang terus curhat tanpa henti.,NEGATIF
"Saat teman curhat, aku selalu siap mendengarkan dan memberikan dukungan.",POSITIF
Seringkali curhat dapat menjadi beban emosional yang berat bagi yang mendengarkan.,NEGATIF
Kadang curhat bisa membantu menyelesaikan masalah dengan melihat dari sudut pandang lain.,POSITIF
Terkadang malas mendengar curhatan yang terlalu bertele-tele.,NEGATIF
Menyadari pentingnya curhat sebagai sarana melepaskan tekanan dan emosi.,POSITIF
Sulit bagi introvert untuk curhat kepada orang lain karena merasa terbuka terlalu banyak.,NEGATIF
Mendengarkan curhatan bisa membuat kita lebih empati terhadap perasaan orang lain.,POSITIF
"Jika terlalu sering curhat, bisa membuat suasana hati menjadi semakin buruk.",NEGATIF
Sudah bosan dengar curhatan terus menerus,NEGATIF
Merasa lelah mendengarkan cerita sedih orang lain,NEGATIF
Merasa terharu karena dipercaya untuk mendengarkan curhatan,POSITIF
Kesal karena curhatan tidak pernah berhenti,NEGATIF
Suka memberikan saran positif saat teman curhat,POSITIF
Merasa terganggu dengan curhatan orang yang berlebihan,NEGATIF
Netral saat mendengarkan curhatan tanpa memberikan respons,NETRAL
Bangga bisa menjadi tempat curhat yang aman,POSITIF
Tidak suka saat teman curhat tapi tidak mendengarkan masukan,NEGATIF
"Aduh, capek banget dengar curhatan orang lain.",NEGATIF
Senang rasanya bisa menjadi tempat curhat yang aman bagi teman-teman.,POSITIF
Sedih mendengar cerita sedih dari teman yang lagi curhat.,NEGATIF
Biasanya saya merasa lega setelah curhat dengan sahabat terdekat.,POSITIF
Kadang merasa lelah juga jadi tempat curhat untuk semua orang.,NEGATIF
Suka memberikan solusi kepada teman yang sedang curhat.,POSITIF
Terkadang merasa terbebani dengan curhatan yang terlalu berat.,NEGATIF
Merasa dihargai saat teman memilih curhat pada saya.,POSITIF
Seringkali merasa bingung harus memberikan nasihat apa saat orang curhat.,NETRAL
"Jujur, terkadang malas mendengarkan curhatan yang berlarut-larut.",NEGATIF
"Dia selalu curhat padaku setiap hari, rasanya jadi beban.",NEGATIF
"Suka meluangkan waktu untuk mendengarkan curhatan teman-teman, merasa senang bisa membantu.",POSITIF
"Curhatannya terlalu berlebihan, membuatku merasa lelah dan jenuh.",NEGATIF
Menyediakan bahu untuk curhat adalah salah satu bentuk dukungan yang penting.,POSITIF
Kadang merasa terganggu dengan curhatan orang lain yang tidak relevan.,NEGATIF
Mendengarkan curhatan bisa menjadi momen emosional yang mendalam.,POSITIF
Sulit fokus pada pekerjaan karena terlalu banyak orang yang ingin curhat.,NEGATIF
Merasa terharu ketika teman dekat mempercayakan curhatannya padaku.,POSITIF
Seringkali curhat hanya membuat masalah terasa semakin berat.,NEGATIF
Curhat dapat menjadi jembatan untuk mempererat hubungan antar individu.,POSITIF
Aku capek mendengarkan curhatan teman yang terus-menerus tanpa henti.,NEGATIF
Curhatannya membuatku merasa terharu dan ingin membantunya sebisa mungkin.,POSITIF
Mendengar cerita sedih dari curhatan seseorang bisa membuat hari jadi terasa lebih berat.,NEGATIF
Curhat merupakan salah satu cara terbaik untuk mengurangi beban pikiran.,POSITIF
Kadang curhatan hanya membuat masalah terasa semakin membesar.,NEGATIF
Saya merasa lega setelah curhat mengenai masalah keluarga kepada sahabat terdekat.,POSITIF
Curhatan yang berulang kali tanpa adanya solusi cenderung membuat frustrasi.,NEGATIF
Mendengarkan teman curhat tentang kesedihannya membuatku ikut merasa sedih.,NEGATIF
Curhatan di waktu yang tepat dapat memberikan pemahaman dan dukungan yang dibutuhkan.,POSITIF
"Aduh, capek banget mendengarkan cerita curhatan teman terus.",NEGATIF
Suka senang saat bisa menjadi tempat curhat yang baik bagi orang lain.,POSITIF
Biasanya curhatan orang cuma bikin ribet pikiran.,NEGATIF
Saling curhat adalah salah satu bentuk kebersamaan yang baik.,POSITIF
Kadang merasa terbantu setelah curhat dengan seseorang.,POSITIF
Terkadang malas juga dengar curhatan yang sama terus.,NEGATIF
Mendengarkan curhatan orang lain bisa memberikan perspektif baru.,POSITIF
Suka curhat sendiri daripada curhat sama orang lain.,NETRAL
Lebih baik curhat langsung ke ahlinya daripada ke teman biasa.,POSITIF
Jangan sampai curhatan jadi beban pikiran yang berlebihan.,NEGATIF
Saya merasa lega setelah curhat kepada teman dekat.,POSITIF
Aku sangat kesal karena teman curhatku tidak memedulikan masalahku.,NEGATIF
Mendengarkan curhat orang lain membuatku merasa tersentuh.,POSITIF
Sering curhat kepada orang lain membuatku merasa lega.,POSITIF
Curhatan teman membuatku semakin bingung dengan hidup ini.,NEGATIF
Saya merasa disayang teman karena dia selalu mendengarkan curhatanku.,POSITIF
Curhat terlalu banyak kepada orang lain bisa membuat beban pikiran bertambah.,NEGATIF
Membantu teman curhat adalah salah satu bentuk kepedulian kita pada orang lain.,POSITIF
"Ketika sedang sedih, curhat kepada sahabat bisa meringankan beban hati.",POSITIF
"Terkadang, curhat juga perlu bijak dalam memilih siapa yang layak mendengarkannya.",NETRAL
"Tolong, aku butuh orang untuk mendengarkan curhatanku.",POSITIF
"Aduh, capek banget dengerin curhatan orang terus.",NEGATIF
Seringkali curhat bisa jadi beban emosional yang berat.,NEGATIF
Senangnya punya teman yang mau diajak curhat tanpa dimarahi.,POSITIF
Aku sudah bosan dengan curhatan yang terlalu dramatis.,NEGATIF
Mendengarkan curhat orang lain bisa jadi pembelajaran tersendiri.,POSITIF
Curhatanmu membuatku lebih menghargai keberuntungan yang kudapat.,POSITIF
"Kadang curhatan kita tak perlu direspons, hanya butuh didengar.",POSITIF
Lebih baik curhat kepada ahlinya daripada ke publik yang tidak terpercaya.,POSITIF
Sebaiknya curhat diatur dengan bijak agar tidak membebani orang lain.,NETRAL
Aku capek mendengar curhatan teman terus-menerus.,NEGATIF
"Saat curhat, teman-teman selalu ada untukku. Terima kasih!",POSITIF
Sedih rasanya saat curhat tapi tak ada yang mengerti.,NEGATIF
Terkadang curhat hanya membuat semakin bingung.,NEGATIF
Orang yang suka curhat seharusnya juga siap mendengarkan cerita orang lain.,POSITIF
Curhat adalah salah satu bentuk kepercayaan antar teman.,POSITIF
Aku merasa lega setelah curhat tentang masalah kerja.,POSITIF
Curhat adalah wujud kejujuran dalam menjalin hubungan.,POSITIF
Kadang curhat hanya membuat masalah terasa lebih besar.,NEGATIF
Saya merasa lega setelah curhat dengan sahabat terdekat.,POSITIF
Aku capek mendengar curhatan terus menerus tanpa solusi.,NEGATIF
Mendengarkan curhat orang lain membuat saya merasa terharu.,POSITIF
Seringkali curhat hanya mengundang rasa simpati semu.,NEGATIF
Curhat adalah cara yang baik untuk mengungkapkan perasaan.,POSITIF
Rasa percaya diri bisa meningkat setelah curhat dengan teman.,POSITIF
Saya merasa lelah dengan curhatan yang selalu bertele-tele.,NEGATIF
Mendengar curhatan orang lain membuatku merenung tentang hidup.,POSITIF
Curhat bisa menjadi momen emosional yang berat bagi sebagian orang.,NEGATIF
Terima kasih telah mendengarkan curhatanku tanpa menghakimi.,POSITIF
Aku sudah muak mendengar curhatannya setiap hari.,NEGATIF
Saya merasa lega setelah bisa curhat kepada teman baik.,POSITIF
Dia selalu curhat tanpa pernah memikirkan perasaan orang lain.,NEGATIF
"Saat curhatannya selesai, aku merasa lebih ringan dan lega.",POSITIF
Curhatnya selalu bikin saya merasa terharu.,POSITIF
Aku bosan dengan curhatan tak berujung dari dia.,NEGATIF
"Setelah curhat, rasanya lebih sulit menerima kenyataan.",NEGATIF
"Curhatnya terlalu berat, membuat saya tertekan.",NEGATIF
Mendengarkan curhat teman adalah bentuk dukungan yang baik.,POSITIF
"Terima kasih sudah mau curhat, saya selalu siap mendengarkan.",POSITIF
"Dia selalu curhat kepada saya, rasanya lelah mendengarkan terus menerus.",NEGATIF
"Saya senang bisa menjadi tempat curhat teman-teman, merasa dihargai.",POSITIF
Sesekali curhat memang diperlukan untuk melepas beban pikiran.,POSITIF
"Curhatannya terlalu berlebihan, membuat saya jadi tidak nyaman.",NEGATIF
"Saya netral tentang curhatan teman, penting tapi jangan berlebihan.",NETRAL
Mengapa selalu curhat tentang hal yang sama? Saya mulai bosan mendengarnya.,NEGATIF
"Merasa terbantu setelah curhat kepada orang tua, mereka selalu mendengarkan dengan penuh perhatian.",POSITIF
"Ketika curhat kepada sahabat, saya mendapatkan dukungan dan solusi yang tepat.",POSITIF
Saya merasa terbebani ketika teman terus curhat tapi tidak mendengarkan saran yang diberikan.,NEGATIF
"Curhat adalah salah satu cara untuk meredakan stres, penting untuk kesehatan mental kita.",POSITIF
Seringkali curhat malah membuatku semakin bingung.,NEGATIF
Curhat adalah cara terbaik untuk mengurangi beban pikiran.,POSITIF
Saya merasa diabaikan setelah curhat kepada seseorang.,NEGATIF
Curhat membantu saya melupakan masalah sejenak.,POSITIF
Merasa dikhianati setelah curhat kepada sahabat karib.,NEGATIF
Curhat seringkali membuat saya merasa lebih ringan.,POSITIF
Terkadang curhat malah menimbulkan masalah baru.,NEGATIF
"Saat curhat, saya merasa didengar sepenuh hati.",POSITIF
Merasa kecewa setelah curhat kepada orang yang seharusnya bisa dipercaya.,NEGATIF
Saya merasa lega setelah curhat ke teman.,POSITIF
Merasa sedih karena tidak ada yang mau mendengarkan curhatan saya.,NEGATIF
Curhat adalah cara yang baik untuk mengurai beban pikiran.,POSITIF
Mendengarkan curhatan orang lain dapat memberi wawasan baru.,POSITIF
Ada rasa kecewa ketika curhatan kita dianggap remeh oleh orang lain.,NEGATIF
Setiap orang butuh tempat untuk curhat demi kesehatan mental.,POSITIF
Terlalu sering curhat malah membuat suasana hati semakin buruk.,NEGATIF
Saya merasa terbantu setelah curhat ke psikolog.,POSITIF
Tidak suka ketika curhatan dipakai sebagai bahan gosip oleh teman.,NEGATIF
Aku capek mendengarkan curhatan teman yang terlalu panjang,NEGATIF
"Saat dia curhat, aku merasa senang bisa membantunya menyelesaikan masalah",POSITIF
Curhatannya membuat suasana hati menjadi lebih berat,NEGATIF
"Suka mendengarkan cerita curhatan orang, sering kali memberikan sudut pandang baru",POSITIF
Terkadang curhatan orang membuat saya merasa terbebani,NEGATIF
Aku selalu siap mendengarkan curhatan sahabat tanpa menghakimi,POSITIF
Sulit bagi saya untuk memahami curhatan orang yang terlalu rumit,NEGATIF
Curhatan di malam hari terasa lebih dalam dan penuh makna,POSITIF
Mendengarkan curhatan orang lain membuat saya lebih bersyukur dengan hidup ini,POSITIF
Kadang merasa lelah dengan beban curhatan teman yang terus-menerus,NEGATIF
Saya merasa lega setelah curhat dengan sahabat terdekat,POSITIF
Merasa disayang dan didengarkan saat curhat membuat hati tenang,POSITIF
Seringkali merasa tertekan setelah curhat karena tidak mendapatkan solusi,NEGATIF
Kadang curhat hanya membuat masalah terasa semakin berat,NEGATIF
Mendengarkan curhat orang lain membuat saya merasa terhubung,POSITIF
Terlalu banyak curhat bisa membuat suasana hati jadi buruk,NEGATIF
Curhat merupakan cara yang baik untuk melepaskan beban pikiran,POSITIF
Saya sering merasa lega setelah curhat di grup diskusi online,POSITIF
Terkadang sulit menentukan siapa yang bisa dipercaya untuk curhat,NEGATIF
Merasa diabaikan saat curhat membuat hati tambah terluka,NEGATIF
Aku merasa diabaikan saat curhat kepadamu.,NEGATIF
Curhat adalah cara yang bagus untuk melepaskan beban pikiran.,POSITIF
Kamu sangat sabar mendengarkan curhatku tanpa komentar.,POSITIF
Seringkali curhat hanya membuat masalah terasa lebih berat.,NEGATIF
Curhat membantu saya merasa lebih terbuka dan lega.,POSITIF
Aku merasa kesepian karena tidak punya teman curhat.,NEGATIF
"Setelah curhat, aku jadi lebih yakin menghadapi masalah ini.",POSITIF
Curhat terlalu intens membuatku merasa terbebani.,NEGATIF
Mendengarkan curhat orang lain bisa memberikan perspektif baru.,POSITIF
Aku bosan mendengar dia terus-terusan curhat tentang masalah percintaannya.,NEGATIF
"Saat teman curhat, aku selalu siap mendengarkan dan memberikan dukungan sebisa mungkin.",POSITIF
Seringkali curhat bisa menjadi cara terbaik untuk melepaskan beban pikiran.,POSITIF
Terkadang merasa lelah ketika selalu menjadi tempat curhat teman yang sama tanpa mendapat balasan yang memuaskan.,NEGATIF
Saya merasa tersentuh ketika teman curhat tentang perjuangannya dan saya bisa memberikan semangat padanya.,POSITIF
Rasa capek seringkali muncul ketika harus mendengarkan curhatan yang terlalu bertele-tele.,NEGATIF
Curhat bisa menjadi momen berharga untuk saling memahami dan mendukung satu sama lain.,POSITIF
Kadang-kadang sulit untuk membedakan antara curhat dan mengeluh tanpa henti.,NETRAL
Saya merasa prihatin ketika melihat seseorang terus-terusan curhat tanpa ada solusi yang benar-benar diterapkan.,NEGATIF
"Saat curhat, penting untuk juga memberikan pendapat yang membangun daripada sekadar setuju tanpa pikiran.",POSITIF
Aku sedih karena curhatanku dianggap remeh oleh teman-teman.,NEGATIF
Rasanya lebih ringan hati setelah mengeluarkan isi hati pada orang tua.,POSITIF
"Seseorang yang sedang curhat seharusnya dipahami, bukan dihakimi.",POSITIF
"Curhatanku dianggap sepele oleh orang lain, membuatku semakin tertekan.",NEGATIF
Merasa lega setelah membagikan beban pikiran pada sahabat karib.,POSITIF
Saya jadi risih kalau curhat sama orang yang suka nyinyir saja.,NEGATIF
"Setelah curhat, aku merasa lebih yakin menghadapi masalah ini.",POSITIF
Seringkali curhat hanya membuat masalah terasa semakin rumit.,NEGATIF
Mendengarkan curhatan teman juga merupakan bentuk kepedulian.,POSITIF
"Habis curhat, malah jadi tambah sedih. Tidak ada solusi.",NEGATIF
"Saat curhat, temanku memberikan nasihat yang sangat membantu.",POSITIF
"Curhatku dianggap sepele oleh orang lain, jadi malah tambah frustasi.",NEGATIF
"Setelah curhat, aku merasa lebih ringan dan tenang.",POSITIF
"Curhatku dianggap hanya mencari perhatian, membuatku kecewa.",NEGATIF
Menyediakan waktu untuk mendengarkan curhat orang lain adalah hal yang baik.,POSITIF
Curhat terus-menerus tanpa tindakan akan membuat masalah tidak terselesaikan.,NEGATIF
Curhat di grup curhat online membuatku merasa lebih terbuka dan nyaman.,POSITIF
"Teman curhatku hanya mendengarkan separuh hati, membuatku merasa kesepian.",NEGATIF
Sedih melihat teman curhat terus-menerus tanpa solusi.,NEGATIF
Senang bisa menjadi tempat curhat yang aman bagi sahabat.,POSITIF
Seringkali curhat membantu mengurangi beban pikiran.,POSITIF
Bosan mendengar curhat yang selalu berulang tanpa tindakan.,NEGATIF
Merasa terbantu setelah curhat dengan orang tua.,POSITIF
Kesal karena curhat dianggap remeh oleh teman.,NEGATIF
Netral saat mendengar teman curhat soal masalah cinta.,NETRAL
Mendapat inspirasi dari curhat seorang sahabat yang gigih.,POSITIF
Kesepian karena jarang ada waktu untuk curhat dengan teman.,NEGATIF
Diam-diam menikmati saat curhat dengan sahabat di malam hari.,POSITIF
Saya merasa lega setelah bisa curhat kepada sahabat terdekat.,POSITIF
Aku merasa sedih karena dia tidak mau mendengarkan curhatanku.,NEGATIF
Curhatan temanku membuatku semakin memahami perjuangannya.,POSITIF
Merasa frustasi karena sering diabaikan saat curhat.,NEGATIF
Curhat adalah salah satu cara terbaik untuk melepaskan beban pikiran.,POSITIF
Saya merasa terbantu setelah mendengarkan curhatan rekan kerja.,POSITIF
Mendengarkan curhatan orang lain membuatku merasa lebih bersyukur.,POSITIF
Merasa kecewa karena curhatanku dianggap remeh oleh teman-teman.,NEGATIF
Curhat adalah wujud dari saling percaya dan mendukung di antara teman.,POSITIF
Aku bosan mendengarkan curhatan terus-menerus tanpa solusi.,NEGATIF
Curhat merupakan cara yang baik untuk mengurangi beban pikiran.,POSITIF
Rasa percaya diri saya meningkat setelah curhat dengan orang tua.,POSITIF
Curhat di media sosial seringkali dianggap sepele dan tidak efektif.,NEGATIF
Saya merasa dihargai saat teman curhat ke saya.,POSITIF
"Curhat terkadang membuat hubungan menjadi lebih dekat, namun terlalu sering juga bisa membebani.",NETRAL
Mendengarkan curhatan orang lain bisa menjadi pembelajaran bagi diri sendiri.,POSITIF
Saya merasa tertekan ketika harus selalu menjadi tempat curhat utama bagi teman-teman.,NEGATIF
Curhat adalah salah satu bentuk dukungan emosional yang penting dalam kehidupan.,POSITIF
Aku senang bisa jadi tempat curhat teman-temanku,POSITIF
"Dengar curhatan dia, rasanya hati jadi sedih",NEGATIF
Suka curhat karena merasa lega setelahnya,POSITIF
Merasa terbebani dengan semua curhatan orang di sekitar,NEGATIF
Netral saja ketika teman mulai curhat tentang masalah percintaan,NETRAL
Kadang curhatan bisa menjadi beban juga,NEGATIF
Menyediakan telinga untuk curhatan teman adalah hal yang baik,POSITIF
Sering curhat tapi jarang ada solusi yang diberikan,NEGATIF
Rasanya nyaman saat bisa curhat tanpa takut dihakimi,POSITIF
Lelah mendengar curhatan yang terus-menerus tanpa perubahan,NEGATIF
Sedih melihat teman yang sedang curhat tentang masalah percintaannya,NEGATIF
Senang bisa menjadi pendengar yang baik bagi orang yang sedang curhat,POSITIF
"Netral saja mendengarkan curhatan orang lain, tak terlalu terpengaruh",NETRAL
Kesal karena sering jadi tempat curhat tapi tidak pernah didengarkan,NEGATIF
Terharu mendengarkan curhatan sahabat yang penuh perjuangan,POSITIF
Merasa terbebani ketika dipilih sebagai tempat curhat yang seharusnya ke psikolog,NEGATIF
Suka memberikan saran yang positif kepada teman yang sedang curhat,POSITIF
Merasa cemas karena tidak tahu bagaimana memberikan dukungan yang tepat saat curhatan berat,NEGATIF
"Hanya mendengarkan curhat tanpa memberikan tanggapan, tak ingin ikut campur",NETRAL
Bersemangat memberi support kepada orang yang sedang curhat demi membantunya merasa lebih baik,POSITIF
"Aku capek dengar curhatan dia terus, sudah bosan rasanya.",NEGATIF
"Suka senang dengar curhatan teman, merasa lebih dekat.",POSITIF
"Biasanya curhatan malah bikin baper sendiri, ribet.",NEGATIF
Mendengarkan curhatan orang lain bisa jadi pelajaran berharga.,POSITIF
"Curhatan dia selalu berat, bikin hati jadi galau.",NEGATIF
Saling curhatan membuat hubungan semakin erat dan hangat.,POSITIF
"Sudah bosan dengan curhatan yang bertele-tele, bikin ngantuk.",NEGATIF
Suasana hati jadi lebih ringan setelah curhatan yang dalam.,POSITIF
"Curhatan dia selalu penuh drama, lelah mendengarnya.",NEGATIF
Curhatan itu penting untuk saling memahami dan mendukung satu sama lain.,POSITIF
"Aku capek dengerin curhatan dia terus, rasanya jadi ikutan sedih",NEGATIF
Senang banget bisa jadi teman curhat yang dipercaya sama teman-teman,POSITIF
Curhatan temenku hari ini bikin aku tersenyum sepanjang hari,POSITIF
Sudah bosan dengan curhatan yang tidak berujung ini,NEGATIF
Merasa lega setelah curhat mengenai masalah keluarga kepada orang yang mengerti,POSITIF
"Ketika curhatannya terlalu berat, rasanya jadi terbebani sendiri",NEGATIF
Hati jadi hangat saat bisa mendengarkan curhatan orang lain,POSITIF
Seringkali curhatan hanya membuat masalah terasa semakin rumit,NEGATIF
Tidak suka jika curhatan dipakai sebagai bahan gosip,NEGATIF
Hidup jadi lebih ringan ketika punya teman yang selalu siap mendengarkan curhatanku,POSITIF
Senang bisa curhat dan didengarkan dengan baik oleh teman.,POSITIF
Suka curhat tapi sering merasa diabaikan.,NEGATIF
Merasa lega setelah curhat mengenai masalah keluarga.,POSITIF
Kadang curhat bisa membuat beban pikiran bertambah.,NEGATIF
Menyenangkan bisa memberikan dukungan saat teman curhat.,POSITIF
Seringkali curhat hanya berujung pada omong kosong.,NEGATIF
Mendapat solusi yang tepat setelah curhat kepada orang yang bijak.,POSITIF
Jenuh dengan curhatan yang terus-menerus tanpa solusi.,NEGATIF
Mendengarkan curhatan orang lain juga bisa memberi pelajaran berharga.,POSITIF
Aku muak mendengar curhatan terus-menerus dari teman itu.,NEGATIF
"Saat dia curhat, aku selalu siap mendengarkan dan memberikan dukungan.",POSITIF
"Curhatannya sangat membuatku sedih, aku merasa ikut terbawa perasaannya.",NEGATIF
"Menurutku, curhat adalah cara yang baik untuk melepaskan beban pikiran.",POSITIF
Aku merasa lelah harus selalu jadi tempat curhat teman-temanku.,NEGATIF
Mendengarkan curhatan orang lain membuatku merasa terhubung dengan mereka.,POSITIF
Curhatan terkadang membuat suasana hati menjadi lebih ringan.,POSITIF
Aku merasa kesepian karena tidak punya teman yang mau mendengarkan curhatanku.,NEGATIF
Seringkali curhatan hanya membuat masalah terasa semakin besar.,NEGATIF
Ada kelegaan tersendiri saat berhasil mengeluarkan isi hati dalam curhatan.,POSITIF
Aku merasa lega setelah curhat dengan sahabatku,POSITIF
Sedih rasanya ketika curhat tapi malah diabaikan,NEGATIF
Curhat adalah cara terbaik untuk mengurai perasaan,POSITIF
Kadang curhat membuat beban pikiran semakin berat,NEGATIF
"Saat curhat, aku merasa didengarkan dengan sepenuh hati",POSITIF
Terkadang curhat hanya membuat masalah terasa lebih kompleks,NEGATIF
Merasa lega setelah curhat dengan orang tua,POSITIF
Curhat dengan teman yang mengerti membuat hati tenang,POSITIF
"Dibuang sayang, curhat tapi malah jadi bahan gosip",NEGATIF
Curhat itu penting untuk menjaga kesehatan mental,POSITIF
"Aku merasa lega setelah curhat kepada sahabat, dia memberikan dukungan yang luar biasa.",POSITIF
Sudah bosan mendengar terus curhatan teman yang itu-itu saja tanpa pernah mencari solusi.,NEGATIF
"Merasa terbantu setelah curhat kepada orang tua, mereka selalu memberikan nasihat bijak.",POSITIF
Orang yang terus-menerus curhat tanpa mau mendengarkan saran membuatku jengkel.,NEGATIF
"Saat curhat kepada kakak, dia malah menertawakan masalahku. Terasa tidak dihargai.",NEGATIF
Mendengarkan curhatan teman membuatku merasa terhubung dan lebih dekat dengannya.,POSITIF
"Setelah curhat, aku merasa lega tapi sedih karena masalahku belum terselesaikan.",NETRAL
Curhat kepada psikolog membuatku merasa lebih tenang dan mampu melihat masalah dari sudut pandang lain.,POSITIF
Merasa terbebani karena selalu menjadi tempat curhat teman tanpa mendapat balasan yang sama ketika aku butuh.,NEGATIF
Mendengarkan curhatan orang lain membuatku menyadari bahwa setiap orang punya beban masing-masing.,POSITIF
Aku capek mendengar curhatan terus menerus dari temanku,NEGATIF
"Saat teman curhat, aku selalu siap mendengarkan dan memberikan dukungan",POSITIF
Curhatan orang lain seringkali membuatku merasa terbebani,NEGATIF
"Bagi saya, curhat adalah cara yang baik untuk berbagi beban dan emosi",POSITIF
Seringkali curhatan hanya membuat masalah terasa semakin berat,NEGATIF
Mendengar curhatan seringkali membuat saya merasa terhubung dengan orang lain,POSITIF
Curhat adalah hal wajar dan perlu dilakukan untuk menjaga kesehatan mental,POSITIF
Terkadang saya bosan mendengar curhatan yang sama berulang kali,NEGATIF
Merasa lega setelah berhasil mengungkapkan isi hati dalam sesi curhat,POSITIF
Saya menjadi lebih memahami teman setelah mendengar curhatannya,POSITIF
Aku capek dengar curhatan terus-menerus,NEGATIF
Senang bisa menjadi tempat curhat yang aman bagi teman-teman,POSITIF
Biasanya curhatan hanya membuat semakin bingung,NEGATIF
Seringkali curhatan membantu melepaskan beban pikiran,POSITIF
Kadang curhatan hanya membuat masalah terasa lebih berat,NEGATIF
Merasa tersentuh saat teman curhat tentang perasaannya,POSITIF
Curhatan terlalu pribadi sebaiknya disimpan sendiri,NEGATIF
Penting untuk memberikan dukungan saat teman sedang curhat,POSITIF
Saya merasa terbantu setelah curhat dengan sahabat karib,POSITIF
Ketika curhatan dianggap sebagai keluhan tanpa solusi,NEGATIF
Aku capek dengar curhatan terus dari temanku.,NEGATIF
Senangnya bisa menjadi tempat curhat yang aman bagi orang lain.,POSITIF
Seringkali curhatan hanya membuat suasana hati semakin buruk.,NEGATIF
Mendengarkan curhatan teman membuat kita saling lebih memahami.,POSITIF
Curhatan terkadang membuat hubungan menjadi lebih dekat.,POSITIF
Saya merasa terbebani saat teman curhat masalah yang sama berulang kali.,NEGATIF
Curhatan bisa menjadi pelipur lara di tengah kesedihan.,POSITIF
Kadang curhatan hanya membuat orang lain merasa terganggu.,NEGATIF
"Jujur, aku lebih suka curhat lewat tulisan daripada langsung bicara.",NETRAL
Membantu teman curhat adalah suatu keharusan sebagai sahabat.,POSITIF
Senangnya punya teman yang bisa jadi tempat curhat yang nyaman.,POSITIF
"Sebenernya males juga dengar curhat orang, tapi mau ga mau ya dengerin saja.",NETRAL
"Curhatan dia bikin hati jadi ikut sedih, semoga dia bisa segera move on.",NEGATIF
Merasa lega setelah curhat tentang masalah pekerjaan dengan sahabat.,POSITIF
Kadang suka bingung harus gimana saat teman curhat tentang percintaan.,NETRAL
"Curhatannya terlalu berlebihan, jadi males dengerin deh.",NEGATIF
Suka merasa terbantu setelah curhat sama orang tua tentang masalah kuliah.,POSITIF
"Dengar curhatan teman tentang pertemanan, bikin mikirin banyak hal.",NETRAL
Kegiatan curhat memang penting untuk saling mendengarkan dan meredakan beban.,POSITIF
"Aduh, capek banget curhat terus tiap hari.",NEGATIF
Senang banget bisa curhat sama sahabat terdekat.,POSITIF
Suka curhat ke orang yang nggak bisa diandalkan.,NEGATIF
"Biasanya curhat itu bikin lega, tapi kadang malah tambah bingung.",NETRAL
Curhat sama orang tua selalu bikin tenang hati.,POSITIF
Sering curhat malah bikin hubungan jadi renggang.,NEGATIF
Kangen curhat sama sahabat kuliah dulu.,POSITIF
Curhat di media sosial cuma buang-buang waktu.,NEGATIF
Curhat ke teman kantor bisa jadi saran berguna.,POSITIF
Mending curhat sama psikolog daripada teman yang suka nyinyir.,POSITIF
"Aduh, capek banget curhat terus ga ada yang dengerin...",NEGATIF
"Senangnya bisa curhat sama sahabat, lega banget rasanya.",POSITIF
"Sedihnya hati ini, curhat ke teman tapi malah dianggap lebay.",NEGATIF
"Terima kasih sudah mau dengerin curhatanku, kamu teman yang baik.",POSITIF
Cuma bisa curhat ke diary karena takut dijudge orang lain.,NETRAL
Kadang curhat itu membuat beban pikiran sedikit berkurang.,POSITIF
Merasa kecewa saat curhat ke orang tua malah dianggap sepele.,NEGATIF
Curhat malam-malam ke hotline bisa jadi pelipur lara.,POSITIF
"Suka curhat ke media sosial, tapi seringkali cuma buat cari perhatian.",NEGATIF
Mendengarkan curhatan orang lain seringkali membuat saya terharu.,POSITIF
"Aduh, capek banget dengerin curhatan orang mulu.",NEGATIF
"Seneng bisa jadi tempat curhat teman-teman, merasa dipercaya.",POSITIF
Suka merasa terbebani ketika harus mendengarkan cerita sedih orang lain.,NEGATIF
"Saat orang curhat, saya selalu siap mendengarkan dan memberikan dukungan.",POSITIF
Kadang suka merasa bingung harus memberi solusi saat teman curhat.,NETRAL
Sedih rasanya mendengar curhatan sahabat yang penuh masalah.,NEGATIF
Suka meluangkan waktu sekadar mendengarkan kisah hidup orang-orang.,POSITIF
"Ketika curhatan teman berlebihan, terkadang jadi membuat saya stres.",NEGATIF
Merasa terharu ketika teman mempercayakan cerita terdalam padaku.,POSITIF
Biasanya saya lebih suka memberi nasihat daripada sekadar mendengarkan curhatan.,NETRAL
Aku capek dengar teman curhat terus tanpa henti.,NEGATIF
"Saat teman curhat padaku, aku selalu siap mendengarkan dengan penuh perhatian.",POSITIF
Merasa lega setelah bisa curhat kepada seseorang yang bisa dipercaya.,POSITIF
Seringkali curhat malah membuat saya semakin bingung dengan masalah ini.,NEGATIF
"Teman curhatku selalu memberikan saran yang bijak, membuatku merasa lebih tenang.",POSITIF
Curhat adalah salah satu cara untuk mengurangi beban pikiran yang terlalu berat.,POSITIF
Mendengarkan curhat orang lain membuat saya merasa terbantu.,POSITIF
Saya jadi merasa tertekan ketika mendengar cerita curhat yang terlalu sedih.,NEGATIF
Terkadang curhat bisa membuat hubungan pertemanan menjadi lebih erat.,POSITIF
"Ketika sedang sedih, curhat kepada sahabat bisa membuat suasana hati menjadi lebih baik.",POSITIF
"Dia selalu curhat pada saya, rasanya melelahkan",NEGATIF
Saya senang bisa menjadi tempat curhat yang aman baginya,POSITIF
"Curhatannya terlalu berlebihan, membuat saya jenuh",NEGATIF
Merasa terharu karena dia memilih saya sebagai tempat curhat,POSITIF
Saya merasa kehilangan ketika dia berhenti curhat pada saya,NEGATIF
Curhatnya bikin saya jadi lebih memahami perasaannya,POSITIF
Sudah bosan dengar curhatan yang itu-itu saja,NEGATIF
Setiap curhatan membuka mata saya akan banyak hal,POSITIF
Suka curhat tanpa pernah memikirkan perasaan orang lain,NEGATIF
Terima kasih karena selalu mendengarkan curhatanku,POSITIF
"Aduh, capek banget curhat terus, rasanya lega setelah cerita semua masalah.",POSITIF
Sedih banget dengar curhatan teman yang lagi patah hati.,NEGATIF
"Suka senang dengerin curhatan sahabat, bisa saling memberi dukungan.",POSITIF
Kadang malas juga sih dengerin curhatan yang gak jelas.,NEGATIF
Biasanya curhatan di malam hari lebih dalam dan serius.,NETRAL
Senang bisa jadi tempat curhat yang aman bagi teman-teman.,POSITIF
Terkadang capek juga harus jadi tempat curhat untuk semua orang.,NEGATIF
Suasana hati bisa jadi lebih ringan setelah curhat ke sahabat terdekat.,POSITIF
Sering merasa terbebani setelah dengar curhatan masalah yang berat.,NEGATIF
"Menyenangkan bisa bertukar curhatan dengan teman, saling memberi dukungan.",POSITIF
Aku muak dengan teman yang terus-terusan curhat tanpa pernah mendengarkan nasihatku.,NEGATIF
"Saat temanku curhat, aku selalu siap mendengarkan dan memberikan dukungan sebisa mungkin.",POSITIF
Curhat adalah cara terbaik untuk melepaskan beban pikiran dan perasaan.,POSITIF
Aku merasa capek dengan orang yang selalu curhat tapi tidak pernah mencari solusi untuk masalahnya.,NEGATIF
Mendengarkan curhatan orang lain membuatku merasa ikut terbawa emosi.,NETRAL
Sebaiknya kita selalu siap mendengarkan curhat teman tanpa menghakimi.,POSITIF
Curhat adalah hal yang wajar sebagai bentuk saling percaya antar teman.,POSITIF
Aku terkadang merasa lelah menjadi tempat curhat utama bagi banyak orang.,NEGATIF
Memiliki teman yang selalu siap mendengarkan curhat adalah anugerah yang sangat berharga.,POSITIF
Kadang curhat menjadi lebih berat daripada memendam sendiri masalah.,NETRAL
Aku capek dengar curhatan terus menerus.,NEGATIF
Senang bisa menjadi teman curhat yang dipercaya.,POSITIF
Sebaiknya cari bantuan profesional jika curhat tidak membantu.,NETRAL
Suka dengar cerita-cerita curhat dari teman-teman.,POSITIF
Sering merasa terbebani ketika mendengar curhatan orang lain.,NEGATIF
Adikku sering curhat tentang masalah sekolahnya.,NETRAL
Rasanya lega setelah curhat mengenai masalah keluarga.,POSITIF
Kadang sulit membedakan antara curhat dan mengeluh.,NETRAL
Teman yang selalu curhat tanpa henti membuatku lelah.,NEGATIF
Saling curhat bisa mempererat hubungan persahabatan.,POSITIF
"Aduh, capek banget cerita hidupku hari ini.",NEGATIF
Senang banget bisa curhat sama sahabat terbaikku.,POSITIF
Sudah bosan mendengar keluhan yang sama setiap hari.,NEGATIF
"Alhamdulillah, akhirnya bisa lega setelah curhat tentang masalah keluarga.",POSITIF
Kadang merasa tersiksa ketika harus mendengarkan curhatan yang berlebihan.,NEGATIF
Hati senang bisa dibuka saat curhat dengan orang terpercaya.,POSITIF
Sering kali merasa tidak dihargai saat orang lain curhat padaku.,NEGATIF
Merasa lega setelah curhat tentang tekanan kerja yang menumpuk.,POSITIF
Bosan dengan curhatan yang penuh dengan keluhan tanpa solusi.,NEGATIF
Netral saja kalau harus curhat tentang hal-hal sepele.,NETRAL
Aku capek mendengar curhatan terus-menerus dari teman-temanku.,NEGATIF
Seringkali curhat adalah cara terbaik untuk melepaskan beban pikiran.,POSITIF
Rasanya senang bisa menjadi tempat curhat yang aman bagi orang lain.,POSITIF
Merasa kelelahan karena selalu mendengarkan curhatan yang sama tiap hari.,NEGATIF
Kadang curhatan bisa membantu mempererat hubungan antar teman.,POSITIF
Suka marah sendiri setelah curhat karena merasa terlalu lemah.,NEGATIF
Tidak nyaman saat teman yang sama terus-terusan curhat tanpa mendengarkan masalah orang lain.,NEGATIF
Menyadari bahwa curhat adalah langkah awal untuk memperbaiki diri.,POSITIF
Ketika curhatan teman bisa memberikan sudut pandang baru yang membantu menyelesaikan masalah.,POSITIF
Rasa muak mulai muncul ketika curhatan teman selalu berputar pada masalah yang sama tanpa ada solusi.,NEGATIF
Saya capek mendengarkan teman yang terus curhat tanpa henti.,NEGATIF
Aku selalu siap mendengarkan curhatan sahabat-sahabatku kapan pun mereka butuh.,POSITIF
"Setiap kali dia curhat, rasanya hatiku juga ikut terenyuh.",POSITIF
Sudah bosan dengan curhatan yang bertele-tele tanpa solusi.,NEGATIF
Kadang curhat adalah cara terbaik untuk melepaskan beban pikiran.,POSITIF
Curhatan teman-teman membuatku semakin menyadari arti persahabatan yang sejati.,POSITIF
Seringkali curhat hanya membuat masalah terasa semakin besar.,NEGATIF
Curhat adalah bentuk kepercayaan yang harus dihargai dengan bijaksana.,POSITIF
Terkadang terlalu sering curhat malah membuatmu terlihat lemah di mata orang lain.,NEGATIF
Rasanya seperti beban hati terangkat setelah curhat kepada psikolog.,POSITIF
Orang yang terlalu sering curhat membuat suasana jadi negatif di lingkungan.,NEGATIF
Saya merasa diabaikan ketika teman tidak mau mendengarkan curhat saya.,NEGATIF
Curhat merupakan salah satu cara untuk melepaskan emosi yang tertahan.,POSITIF
Kadang curhat bisa membuat masalah terasa lebih berat daripada sebelumnya.,NEGATIF
"Saat sedang sedih, curhat kepada orang terdekat dapat meringankan beban pikiran.",POSITIF
Curhat online seringkali lebih nyaman karena tidak perlu bertemu langsung.,POSITIF
Orang yang suka curhat bisa terlihat lebih emosional dan rentan.,NEGATIF
Mendengarkan curhat orang lain juga bisa membantu memahami perspektif baru.,POSITIF
Aku merasa lega setelah curhat dengan sahabat terdekatku.,POSITIF
"Sedihnya hatiku, tidak ada yang peduli dengan curhatanku.",NEGATIF
Merasa ringan hati setelah bisa curhat kepada orang tua.,POSITIF
Senang bisa memberikan pendengaran kepada teman yang sedang curhat.,POSITIF
Merasa terbebani dengan curhatan teman yang bertele-tele.,NEGATIF
Netral saja saat teman curhat masalah pekerjaan yang sama setiap hari.,NETRAL
Bangga bisa menjadi tempat curhat yang aman bagi banyak orang.,POSITIF
Kesal dengan teman yang selalu curhat tapi tidak pernah mau mendengarkan saran.,NEGATIF
Mendengarkan curhatan orang lain membuatku lebih bersyukur dengan hidupku.,POSITIF
"Aduh, capek banget curhat terus.",NEGATIF
Senangnya bisa curhat sama sahabat terbaik.,POSITIF
Sedihnya ditinggal curhat sendirian.,NEGATIF
Biasanya lebih lega setelah curhat dengan orangtua.,POSITIF
Kadang curhat justru menambah beban pikiran.,NEGATIF
Merasa terbantu setelah curhat pada teman dekat.,POSITIF
Seringkali malu untuk curhat tentang masalah pribadi.,NEGATIF
Meluapkan emosi lewat curhat seringkali membantu.,POSITIF
Takut dicemooh setelah curhat pada rekan kerja.,NEGATIF
Rasanya lebih tenang setelah curhat pada terapis.,POSITIF
Aku lelah mendengarkan curhatan teman terus-menerus.,NEGATIF
Senang bisa menjadi teman yang dipercaya untuk curhat.,POSITIF
Sedih melihat seseorang sedang curhat tanpa bisa memberikan solusi.,NEGATIF
Biasanya curhatan malah membuat suasana hati jadi lebih baik.,POSITIF
Terkesan netral saat melihat teman curhat tanpa terlibat emosi.,NETRAL
Merasa terbebani karena harus mendengarkan curhatan yang tak kunjung usai.,NEGATIF
Suka memberi nasihat yang dapat meringankan beban curhatan teman.,POSITIF
Kadang curhatan justru membuat hubungan pertemanan semakin erat.,POSITIF
Kesal melihat seseorang curhat terus-menerus tanpa mau mencari solusi.,NEGATIF
Merasa puas ketika bisa memberikan dukungan saat teman sedang curhat.,POSITIF
"Curhatannya terlalu berlebihan, membuat saya merasa jengkel.",NEGATIF
Aku selalu siap mendengarkan curhatan dari teman-teman.,POSITIF
Mendengarkan curhatan orang lain membuat saya merasa terbantu.,POSITIF
Curhatan teman saya membuat saya semakin depresi.,NEGATIF
"Saat curhat, aku merasa dipahami dan diterima apa adanya.",POSITIF
"Curhatannya terlalu rumit, sulit untuk memberikan saran.",NETRAL
Merasa lelah harus selalu mendengarkan curhatan yang sama dari teman.,NEGATIF
Aku merasa senang bisa menjadi tempat curhat teman-teman.,POSITIF
"Aduh, capek banget curhat terus. Pengen cari solusi tapi gak tahu harus mulai dari mana.",NEGATIF
Senangnya punya teman yang selalu siap mendengarkan curhatan aku tanpa menghakimi.,POSITIF
Biasanya curhat sama sahabat bisa jadi obat penenang hati.,POSITIF
"Sedihnya, curhatku dianggap sepele sama orang lain. Merasa tidak didengarkan.",NEGATIF
Mendengarkan curhatan orang lain juga bisa jadi pembelajaran bagi diri sendiri.,POSITIF
Suka curhat tapi takut dianggap mengeluh terus sama teman-teman.,NEGATIF
"Seharusnya curhat itu bisa membuat beban hati terasa lebih ringan, tapi kadang malah tambah pusing.",NEGATIF
"Kadang merasa lega setelah curhat, tapi kadang malah tambah bingung dengan saran yang diberikan.",NETRAL
Penting banget punya orang dekat yang bisa jadi tempat curhat tanpa rasa takut dihakimi.,POSITIF
Rasa lega setelah curhat adalah salah satu bentuk terapi psikologis yang sederhana tapi ampuh.,POSITIF
"Senang bisa curhat dengan teman dekat, jadi lega hati.",POSITIF
Sedih melihat orang yang terus curhat tapi tidak pernah berubah.,NEGATIF
"Biasanya saat curhat, saya merasa terbantu dan lebih ringan.",POSITIF
Kadang malas mendengarkan curhatan yang terlalu berlebihan.,NEGATIF
"Merasa damai setelah curhat dengan orang tua, mereka selalu mengerti.",POSITIF
Kesal dengan teman yang hanya curhat tanpa pernah mau diajak mencari solusi.,NEGATIF
"Netral tentang curhatan teman, kadang mendengarkan saja tanpa komentar.",NETRAL
Terharu saat melihat teman curhat karena percaya dengan saya.,POSITIF
Jengkel dengan orang yang suka curhat tapi tidak pernah bersyukur.,NEGATIF
Suka curhat dengan sahabat karena selalu memberi masukan positif.,POSITIF
Aku capek mendengarkan curhatan terus-terusan tanpa solusi.,NEGATIF
Suka rasanya bisa menjadi tempat curhat dan memberikan dukungan kepada orang lain.,POSITIF
"Sebaiknya pilih waktu yang tepat saat ingin curhat, jangan ganggu orang lain yang sedang sibuk.",NEGATIF
Mendengarkan curhatan orang lain membuat saya belajar lebih banyak tentang kehidupan.,POSITIF
Kadang curhatan hanya menjadi beban bagi yang mendengarkan tanpa ada tindakan nyata.,NEGATIF
Seringkali curhatan menjadi jembatan untuk mempererat hubungan antar teman.,POSITIF
Terlalu sering curhat tanpa upaya mengatasi masalah hanya akan membuat semakin terpuruk.,NEGATIF
Menjadi pendengar yang baik saat orang lain curhat adalah tanda kepedulian.,POSITIF
Curhat adalah bentuk terapi yang dapat membantu mengurangi beban pikiran.,POSITIF
Jangan sampai curhatan menjadi alasan untuk menyalahkan orang lain atas masalah yang ada.,NEGATIF
Senangnya bisa curhat sama sahabat terdekat.,POSITIF
Sedihnya hati ini setiap kali curhat tidak dianggap serius.,NEGATIF
Kadang curhat justru membuat masalah menjadi semakin rumit.,NEGATIF
Suka denger curhatan teman karena bisa memberikan dukungan yang dibutuhkan.,POSITIF
Rasanya lega setelah curhat semua masalah yang selama ini terpendam.,POSITIF
Terkadang malas juga sih dengerin curhatan orang lain yang terlalu bertele-tele.,NEGATIF
Semoga dengan curhat semua beban ini bisa terangkat.,POSITIF
"Ketika curhatan tidak mendapat respon, rasanya seperti bicara ke tembok.",NEGATIF
Suka rasanya bisa menjadi tempat curhat yang aman bagi orang lain,POSITIF
Curhatanmu membuatku lebih memahami perasaanmu,POSITIF
"Jangan terlalu sering curhat tanpa solusi, mencari solusi juga penting",NETRAL
Seringkali curhat online membuat rasa beban semakin berat,NEGATIF
Merasa lega setelah bisa curhat dan mendapat dukungan dari teman-teman,POSITIF
Curhatan tentang masalah pekerjaan membuat suasana hati jadi buruk,NEGATIF
"Setiap orang punya hak untuk curhat, asal tidak merugikan orang lain",POSITIF
Teman yang selalu curhat tanpa mendengarkan masalah orang lain juga bikin jengkel,NEGATIF
"Jujur, terkadang aku lebih suka curhat dengan orang asing daripada teman sendiri",NETRAL
"Aku capek dengar dia curhat terus, jadi pengen kabur aja",NEGATIF
"Saat teman curhat kepadaku, aku merasa tersentuh dan lebih dekat dengannya",POSITIF
"Curhatannya gak jelas, bikin aku bingung mau kasih saran apa",NEGATIF
Senang bisa jadi teman curhat yang bisa dipercaya,POSITIF
Kadang suka merasa lelah juga mendengar cerita curhat terus-menerus,NEGATIF
Merasa lega setelah berhasil curhat kepada sahabat terdekat,POSITIF
"Suka curhat tapi malah dianggap mengeluh terus, bikin kesel",NEGATIF
Mendengarkan curhatan bisa jadi pelajaran berharga untuk lebih memahami orang lain,POSITIF
"Ketika curhatan teman membuatku ikut sedih, tapi juga bisa saling menguatkan",NETRAL
"Kadang suka merasa terbebani dengan curhatan yang berat, tapi tak ingin menolak teman",NETRAL
Aku merasa lega setelah bercerita kepada sahabat karibku.,POSITIF
Mengosongkan hati dengan curhat membuatku merasa lebih ringan.,POSITIF
Sulit sekali menemukan teman yang mau mendengarkan curhatanku.,NEGATIF
Curhatku selalu dianggap sepele oleh orang lain.,NEGATIF
Merasa tenang setelah curhat kepada orang tua.,POSITIF
Seringkali curhat hanya membuat masalah semakin rumit.,NEGATIF
Aku senang bisa menjadi tempat curhat yang aman bagi teman-temanku.,POSITIF
Curhatku selalu disambut dengan tanggapan yang bijak oleh sahabatku.,POSITIF
Terkadang curhat hanya membuat hubungan semakin retak.,NEGATIF
Lebih baik curhat kepada psikolog daripada menumpahkan semua keluh kesah kepada siapa pun.,NETRAL
Aku selalu siap mendengarkan teman yang sedang curhat.,POSITIF
Kadang curhatan orang malah bikin suasana jadi berat.,NEGATIF
Seringkali curhatan itu membuat kita merasa lebih lega.,POSITIF
Curhat bisa jadi solusi untuk melepaskan beban pikiran.,POSITIF
Merasa tidak nyaman saat teman terus-terusan curhat tanpa henti.,NEGATIF
Saya senang bisa menjadi tempat curhat yang dipercaya oleh teman.,POSITIF
Curhat yang terlalu berlebihan seringkali membuat hubungan menjadi tidak sehat.,NEGATIF
Mendengarkan curhatan orang lain membuat saya belajar menjadi lebih empati.,POSITIF
Terlalu sering curhat bisa membuat kita terlihat lemah di hadapan orang lain.,NEGATIF
"Saat sedang sedih, curhat adalah obat yang mujarab bagi saya.",POSITIF
Aku jadi merasa lega setelah curhat dengan sahabat terdekatku.,POSITIF
"Setelah curhat, aku malah jadi merasa semakin tertekan.",NEGATIF
"Saat curhat, teman-temanku selalu memberikan dukungan yang luar biasa.",POSITIF
Rasanya hatiku lega setelah bisa curhat tentang masalah keluarga.,POSITIF
"Curhatku dianggap sepele oleh orang lain, membuatku semakin kesepian.",NEGATIF
Mendengarkan curhatan teman membuatku semakin bersyukur dengan kehidupanku.,POSITIF
"Setelah curhat panjang lebar, akhirnya aku merasa lega juga.",POSITIF
Curhatanku dianggap sebagai beban oleh teman-temanku.,NEGATIF
Aku jadi merasa tidak sendirian setelah curhat dengan seseorang.,POSITIF
Seringkali curhat hanya membuatku semakin bingung dengan keadaan.,NEGATIF
Aku muak mendengar curhatannya yang terus-menerus tanpa tindakan konkret,NEGATIF
Suka membantu teman-teman yang sedang curhat karena merasa terhubung secara emosional,POSITIF
"Ketika teman curhat, rasanya hati jadi lebih lega dan terasa lebih ringan",POSITIF
Seringkali merasa lelah dan terbebani saat menjadi tempat curhat bagi banyak orang,NEGATIF
Mendengarkan curhatan orang lain membuat saya lebih memahami perspektif mereka,POSITIF
"Curhatannya selalu berbelit-belit dan sulit dipahami, membuatku bingung",NEGATIF
Suka merasa terbantu saat bisa curhat kepada seseorang yang mendengarkan dengan penuh perhatian,POSITIF
Kadang merasa terganggu dengan curhatan yang terlalu dramatis dan berlebihan,NEGATIF
Merasa tersentuh dan terharu saat melihat teman dekat curhat dengan tulus,POSITIF
Seringkali merasa takut curhat karena khawatir dianggap mengeluh,NEGATIF
Aku capek mendengarkan cerita sedih temanku terus-menerus.,NEGATIF
Senangnya ketika bisa menjadi tempat curhat yang dipercayai oleh teman.,POSITIF
Biasanya aku merasa lega setelah curhat dengan sahabat dekat.,POSITIF
"Sulit juga ya menjadi pendengar curhatan, butuh ketulusan dan perhatian ekstra.",NEGATIF
Rasanya terharu ketika orang memilihku untuk curhat masalahnya.,POSITIF
Kadang merasa tertekan juga saat harus menyimpan curhatan teman sendiri.,NEGATIF
Sebaiknya kita saling mendengarkan saat orang lain butuh curhat.,POSITIF
Sakit rasanya ketika curhatan kita dianggap remeh oleh orang lain.,NEGATIF
Terimakasih telah menjadi pendengar setia ketika aku butuh curhat.,POSITIF
"Merasa lega setelah curhat, tapi terkadang malah jadi ingat masalahnya terus.",NETRAL
Saya merasa lega setelah curhat tentang masalah keluarga,POSITIF
Aku jadi sedih setelah mendengar curhatan teman tentang kesedihannya,NEGATIF
Merasa terbantu setelah curhat kepada sahabat tentang pekerjaan,POSITIF
Saya tidak tega mendengar curhatan yang menyedihkan dari orang lain,NEGATIF
Senang bisa berbagi cerita dan curhat dengan sahabat terdekat,POSITIF
Kesal karena teman hanya curhat terus tanpa mencari solusi,NEGATIF
Merasa lega setelah curhat kepada psikolog tentang depresi,POSITIF
Saya tidak suka saat orang lain curhat terus menerus tanpa henti,NEGATIF
Netral saat mendengar curhatan tetangga tentang masalah rumah tangganya,NETRAL
Tidak enak mendengar curhatan teman yang penuh dengan keluh kesah,NEGATIF
Senang bisa curhat dan dapat support dari teman-teman.,POSITIF
"Sedihnya hati ini, curhat ke siapa ya?",NEGATIF
"Suka curhat sama sahabat, rasanya lega banget.",POSITIF
"Bingung deh, curhat ke orang tua atau teman?",NETRAL
Kangen curhat sama sahabat terdekat.,POSITIF
Sudah bosan dengar curhatan yang itu-itu saja.,NEGATIF
Berusaha kuat walau harus curhat sendirian.,POSITIF
Terkadang curhat malah menambah beban pikiran.,NEGATIF
Aku merasa lega setelah curhat kepada sahabat terdekatku.,POSITIF
Rasanya hatiku semakin berat setelah bercerita tentang masalahku kepada orang lain.,NEGATIF
Saya tidak suka curhat karena merasa rentan dan tidak nyaman.,NEGATIF
Mendengarkan curhatan teman membuatku merasa terhubung dengannya.,POSITIF
Orang yang terlalu sering curhat cenderung terlihat negatif.,NEGATIF
Curhat merupakan wadah untuk menuangkan perasaan tanpa harus takut dihakimi.,POSITIF
Saya merasa bosan mendengarkan curhatan yang tidak pernah berubah dari teman saya.,NEGATIF
"Setelah curhat, saya merasa lebih kuat menghadapi masalah yang ada.",POSITIF
Curhat terkadang membuat suasana hati menjadi lebih buruk daripada sebelumnya.,NEGATIF
"Sudah bosan mendengar curhatan teman yang sama terus, jadi negatif",NEGATIF
"Senang bisa menjadi tempat curhat teman, jadi positif",POSITIF
"Merasa risih karena terlalu banyak orang yang curhat padamu, jadi negatif",NEGATIF
"Biasa saja saat mendengarkan curhatan orang lain, jadi netral",NETRAL
"Suka memberikan saran yang positif saat ada yang curhat, jadi positif",POSITIF
"Terharu mendengar curhatan teman yang sedang bermasalah, jadi positif",POSITIF
"Bosan dengan cerita curhat yang terlalu dramatis, jadi negatif",NEGATIF
"Merasa terbantu setelah curhat kepada sahabat, jadi positif",POSITIF
"Menganggap curhatan adalah hal yang lumrah dalam pertemanan, jadi netral",NETRAL
"Ingin mendengarkan curhatan orang lain namun takut tidak bisa memberikan dukungan yang cukup, jadi negatif",NEGATIF
Sudah lelah mendengarkan keluhan teman yang tak kunjung selesai.,NEGATIF
Seringkali merasa tertekan setelah mendengar cerita sedih dari teman.,NEGATIF
Menyimpan perasaan sendiri tanpa bisa berbagi rasanya sangat menyiksa.,NEGATIF
Senang bisa menjadi tempat curhat teman yang membutuhkan.,POSITIF
Merasa terganggu dengan curhatan teman yang terlalu panjang.,NEGATIF
Suka mendengarkan curhatan orang lain karena bisa belajar banyak.,POSITIF
Menghibur teman yang sedang bersedih adalah tugas kita sebagai sahabat.,POSITIF
Kadang malas mendengarkan curhatan karena merasa tidak ada gunanya.,NEGATIF
Senangnya bisa menjadi tempat curhat teman,POSITIF
Sudah bosan dengan curhatan yang sama setiap hari,NEGATIF
Saling curhat membuat hubungan kita semakin erat,POSITIF
Merasa lega setelah curhat mengenai masalah besar itu,POSITIF
Kadang malas juga dengar curhat teman yang bertele-tele,NEGATIF
Teman yang selalu curhat membuat suasana hati jadi buruk,NEGATIF
Sebaiknya kita punya batasan dalam curhat agar tidak berlebihan,NETRAL
Menyadari bahwa curhatan juga merupakan salah satu cara mengatasi masalah,POSITIF
Tidak suka kalau curhatan kita dijadikan bahan gosip oleh orang lain,NEGATIF
Aku merasa lega setelah bisa curhat dengan sahabat terbaikku.,POSITIF
Sering curhat kepada orang lain membuatku merasa lebih ringan.,POSITIF
Rasa kecewa karena curhatanku dianggap remeh oleh teman.,NEGATIF
Merasa kesepian karena tidak punya teman curhat yang bisa dipercaya.,NEGATIF
"Saat curhat, teman-teman selalu memberikan dukungan yang luar biasa.",POSITIF
Mendengarkan curhatan orang lain membuatku merasa terbebani.,NEGATIF
Suka memberikan pendapat positif saat teman curhat masalahnya.,POSITIF
"Ketika curhat, seringkali merasa tidak mendapatkan solusi yang tepat.",NEGATIF
Teman yang selalu siap mendengarkan curhatanku sangat berarti bagiku.,POSITIF
Sudah bosan mendengar curhatan terus-menerus dari teman,NEGATIF
Senang bisa menjadi tempat curhat yang aman bagi orang lain,POSITIF
Kadang merasa lelah mendengarkan curhatan yang tak kunjung berhenti,NEGATIF
Merasa terharu saat teman mempercayai untuk curhat kepada kita,POSITIF
Seringkali curhatan hanya membuat suasana hati semakin buruk,NEGATIF
Hati senang bisa memberikan pendengaran yang baik untuk teman yang sedang curhat,POSITIF
Merasa terganggu dengan curhatan yang terlalu berlebihan,NEGATIF
Menghargai keberanian seseorang untuk terbuka dan curhat tentang masalahnya,POSITIF
Mengerti bahwa curhat adalah salah satu cara orang untuk meluapkan perasaan,POSITIF
Kadang merasa kelelahan menjadi tempat curhat yang selalu didatangi,NEGATIF
Dia selalu mengeluh tentang masalahnya setiap hari.,NEGATIF
"Saya senang bisa mendengarkan curhatannya, membuatku merasa lebih dekat dengannya.",POSITIF
Aku bosan dengan curhatannya yang terus-terusan tanpa henti.,NEGATIF
"Saat dia bercerita tentang masalahnya, saya merasa sedih dan ikut terharu.",POSITIF
Curhatannya membuat suasana hati saya ikut suram.,NEGATIF
Menyimak curhatan orang lain membuat saya merasa terhubung dengan perasaannya.,POSITIF
Saya merasa terganggu dengan curhatannya yang terlalu dramatis.,NEGATIF
Mendengarkan curhatan teman membuat beban pikiran saya tambah ringan.,POSITIF
Curhatannya menjengkelkan dan membuat saya ingin menghindar.,NEGATIF
Dia selalu ada untuk mendengarkan curhatanku tanpa komplain.,POSITIF
Aku capek mendengarkan curhatan teman terus-menerus,NEGATIF
Curhat adalah cara yang baik untuk mengurai beban pikiran,POSITIF
Merasa lega setelah bisa curhat kepada seseorang,POSITIF
Teman yang selalu curhat tanpa henti bisa membuat stres,NEGATIF
Mendengarkan curhatan orang lain membuat saya merasa terhubung,POSITIF
Kadang curhatan hanya sebagai ajang mencari perhatian,NEGATIF
"Sulit bagi saya untuk mengungkapkan perasaan, termasuk saat curhat",NEGATIF
Menyimpan semua beban sendiri tanpa curhat bisa membuat depresi,NEGATIF
Senang banget punya teman yang selalu mau dengerin curhatanku.,POSITIF
Sering curhat ke orang yang nggak peduli juga bikin hati makin galau.,NEGATIF
Suasana hati jadi lebih ringan setelah curhat ke sahabat terbaik.,POSITIF
Merasa lega setelah curhat masalah pekerjaan kepada keluarga.,POSITIF
Kadang curhat ke orang asing lebih nyaman daripada ke teman sendiri.,NETRAL
Takut curhat ke pacar karena khawatir jadi beban.,NEGATIF
Curhat kepada orang yang menghargai membuat masalah terasa lebih ringan.,POSITIF
Sudah bosan curhat terus tapi nggak ada solusi yang memuaskan.,NEGATIF
Mungkin curhat adalah cara terbaik untuk melepas beban pikiran.,POSITIF
Suka senang bisa jadi tempat curhat yang aman bagi teman-teman.,POSITIF
"Biasanya setelah curhat, jadi lebih ringan perasaannya.",POSITIF
"Sebaiknya curhat kepada yang bisa memberikan solusi, bukan cuma mendengarkan.",NETRAL
"Hati-hati memilih teman curhat, jangan sampai malah dibalikin ke orang lain.",NEGATIF
"Jujur, lebih suka curhat ke kucing daripada manusia.",NETRAL
Senang bisa memberikan dukungan kepada teman yang sedang curhat.,POSITIF
Kadang merasa terbebani saat harus mendengarkan curhatan yang sama berulang kali.,NEGATIF
"Perlu adil dalam memberikan pendapat setelah teman curhat, jangan terlalu keras.",NETRAL
"Lebih baik curhat dengan orang tua, mereka lebih bijaksana dalam memberi saran.",POSITIF
Aku merasa dikhianati karena teman curhatku menceritakan rahasiaku ke orang lain.,NEGATIF
"Saat curhat, saya selalu merasa lebih ringan dan tenang.",POSITIF
Orang yang suka curhat terlalu banyak akan terlihat lemah.,NEGATIF
Saya merasa dihargai ketika seseorang mempercayai saya sebagai tempat curhatnya.,POSITIF
Kadang curhat bisa membuat masalah terasa lebih besar dari yang sebenarnya.,NEGATIF
Saya lebih suka mencari solusi daripada hanya sekadar curhat tanpa tindakan.,POSITIF
Seringkali curhat justru memperburuk suasana hati dan membuat semakin merana.,NEGATIF
Curhat adalah bentuk kepercayaan dan keintiman yang berharga.,POSITIF
Aku merasa lega setelah curhat dengan sahabat.,POSITIF
Sudah bosan mendengar teman curhat terus menerus tanpa tindakan.,NEGATIF
Merasa diterima dan dimengerti setelah curhat ke orang tua.,POSITIF
Seringkali curhat justru menambah beban pikiran.,NEGATIF
Rasanya hati jadi ringan setelah bisa curhat kepada seseorang.,POSITIF
Kadang merasa kesepian karena tidak punya teman curhat.,NEGATIF
Curhat membantu untuk melepaskan emosi yang terpendam.,POSITIF
Tidak suka saat teman curhat malah memanfaatkan situasi.,NEGATIF
Merasa terbantu dengan curhat online di forum diskusi.,POSITIF
Seringkali curhat malah menimbulkan drama yang tidak perlu.,NEGATIF
Saya merasa lega setelah curhat kepada teman.,POSITIF
Dia selalu curhat tapi tidak pernah mendengarkan saran.,NEGATIF
Curhatannya membuat suasana hati menjadi lebih ringan.,POSITIF
Rasanya tidak enak hati jika terus-terusan curhat tanpa memperbaiki masalah.,NEGATIF
Saya sering merasa dimanfaatkan saat orang lain hanya ingin curhat tanpa mendengarkan cerita saya.,NEGATIF
Mendengarkan curhatan teman membuat kita lebih mengenal mereka dengan lebih baik.,POSITIF
Curhat terus menerus tanpa tindakan hanya akan membuat masalah semakin rumit.,NEGATIF
"Saat sedang sedih, curhat kepada sahabat bisa jadi penyejuk hati.",POSITIF
Curhatan yang berlebihan kadang membuat orang lain menjadi tidak nyaman.,NEGATIF
Teman saya selalu curhat pada saya dan saya merasa senang bisa mendengarkan dan memberikan dukungan.,POSITIF
Sedih melihat orang yang terus menerus curhat tanpa pernah menghargai nasihat dan bantuan yang diberikan.,NEGATIF
Saya merasa netral ketika mendengar curhatan seseorang yang sebenarnya tidak terlalu mengganggu kehidupan saya.,NETRAL
Seringkali saya merasa lelah ketika teman curhat terus-menerus tanpa pernah memberikan kesempatan untuk saya bicara.,NEGATIF
Mendengarkan curhat teman membuat saya merasa dekat dan terhubung dengan perasaan mereka.,POSITIF
"Ketika curhatan sudah berulang-ulang tanpa ada perubahan positif, saya mulai merasa jenuh dan frustrasi.",NEGATIF
"Setiap kali saya curhat pada teman, mereka selalu memberikan dukungan dan solusi yang membantu meredakan beban pikiran.",POSITIF
Saya merasa tidak nyaman ketika orang asing tiba-tiba curhat pada saya tentang masalah pribadi mereka.,NEGATIF
Menjadi pendengar yang baik saat orang lain curhat merupakan salah satu cara untuk mempererat hubungan persahabatan.,POSITIF
Kadang curhatan orang lain bisa membuka sudut pandang baru bagi saya dan membuat saya lebih menghargai situasi mereka.,POSITIF
Aku sudah bosan mendengarkan curhatanmu terus-menerus.,NEGATIF
Senang bisa menjadi teman curhat yang bisa dipercaya.,POSITIF
"Sudah saatnya kamu move on dari masalah itu, teman.",NETRAL
Terima kasih sudah mau mendengarkan curhatanku.,POSITIF
Kamu selalu mengeluh tanpa pernah mencari solusi.,NEGATIF
Aku merasa lega setelah curhat mengenai masalah ini.,POSITIF
Hanya kamu yang selalu ada saat aku butuh teman curhat.,POSITIF
Suka curhat tapi tidak pernah mau menerima saran yang diberikan.,NEGATIF
"Aku juga butuh waktu untuk curhat, bukan hanya mendengarkan.",NETRAL
"Jujur, curhatanmu terlalu berlebihan dan membebani aku.",NEGATIF
"Aduh, capek banget curhat terus tapi nggak ada yang dengerin.",NEGATIF
"Senang rasanya bisa curhat kepada sahabat terdekat, lega hati ini.",POSITIF
"Sering curhat ke orang lain malah jadi dicemooh, sedih rasanya.",NEGATIF
"Merasa ringan hati setelah curhat ke terapis profesional, semoga semakin baik ke depannya.",POSITIF
"Hanya bisa curhat kepada peliharaan, tapi setidaknya mereka tak akan menghakimi.",NETRAL
Kangen masa-masa dulu bisa curhat sampai larut malam bersama sahabat terbaik.,POSITIF
"Setiap curhat ke orang tua selalu dianggap remeh, bikin frustasi.",NEGATIF
"Suka curhat di media sosial, ternyata dapat dukungan luar biasa dari netizen.",POSITIF
Bisa curhat kepada seorang yang mendengarkan dengan penuh perhatian adalah anugerah.,POSITIF
"Merasa tertekan karena tak bisa curhat kepada siapapun, rasanya kesepian.",NEGATIF
"Aku selalu siap mendengarkan curhatan temanku, hal itu membuatku bahagia",POSITIF
Sudah lelah mendengarkan curhatan orang lain tanpa ada yang mendengarkan ceritaku,NEGATIF
"Saat curhat dengan sahabat, aku merasa lega dan dipahami sepenuhnya",POSITIF
Curhatan temanku tentang masalahnya membuatku sedih dan khawatir,NEGATIF
Menyimpan curhatan sendiri tanpa dibagikan terkadang membuat hati terasa berat,NEGATIF
Mendengarkan curhatan orang asing di media sosial membuatku terinspirasi untuk peduli lebih banyak,POSITIF
Curhatan terbuka di grup diskusi online sering kali mendapatkan dukungan yang menghangatkan hati,POSITIF
Sulit membedakan antara curhatan yang serius dan sekadar iseng belaka di dunia maya,NETRAL
Curhatan panjang lebar teman sekantor membuat suasana kerja terasa tidak nyaman,NEGATIF
"Terima kasih sudah mau mendengarkan curhatanku, kamu memang sahabat sejati",POSITIF
Sudah bosan mendengar curhatan mereka terus menerus.,NEGATIF
Rasa capek muncul ketika harus mendengarkan curhatan yang sama setiap hari.,NEGATIF
Terharu melihat teman curhat dan saling mendukung satu sama lain.,POSITIF
Merasa tertekan karena terlalu banyak orang yang curhat padamu.,NEGATIF
Hati senang ketika bisa membantu sahabat dalam curhatannya.,POSITIF
Menghargai kepercayaan teman yang memilihmu sebagai tempat curhat.,POSITIF
Kesal karena curhatan yang didengar selalu berputar pada masalah kecil.,NEGATIF
Rasa lega saat bisa menceritakan beban hati pada seseorang.,POSITIF
Mulai merasa jengkel dengan teman yang hanya menganggapmu sebagai tempat curhat.,NEGATIF
Aku bosan mendengar curhatan terus menerus,NEGATIF
"Saat teman curhat, aku selalu siap mendengarkan dengan hati",POSITIF
Curhatanmu membuatku semakin depresi,NEGATIF
Mengapa selalu harus curhat di media sosial?,NEGATIF
Mendengarkan curhatan orang lain membuatku merasa terhubung,POSITIF
"Jangan terlalu sering curhat, coba cari solusi sendiri",NEGATIF
Curhat adalah salah satu cara melepaskan beban pikiran,POSITIF
Suka kesal ketika teman curhat tapi tidak mendengarkan saran,NEGATIF
Mendengarkan curhatan membuatku lebih peka terhadap perasaan orang lain,POSITIF
Aku bosan terus menerima curhatan teman-temanku.,NEGATIF
Curhatan orang lain sering membuatku merasa terbebani.,NEGATIF
Aku merasa senang ketika bisa menjadi tempat curhat yang aman bagi teman-temanku.,POSITIF
Mendengarkan curhatan seringkali membuatku merasa empati.,POSITIF
Curhat adalah hal yang penting untuk menjaga kesehatan mental.,POSITIF
Aku sering merasa lelah setelah mendengarkan curhatan panjang dari teman.,NEGATIF
Merasa dihargai saat teman memilihku sebagai tempat curhatnya.,POSITIF
Kadang curhatan teman membuatku merasa stres karena ikut terbawa perasaannya.,NEGATIF
"Teman saya selalu curhat padaku, rasanya senang bisa mendengarkan dan memberikan dukungan.",POSITIF
Sering kali saya merasa lelah karena terus menerus mendengarkan curhatan teman tanpa henti.,NEGATIF
Mendengarkan curhatan orang lain bisa menjadi pembelajaran berharga untuk lebih menghargai kehidupan sendiri.,POSITIF
Kadang-kadang curhatan orang terlalu berlebihan dan membuat suasana jadi negatif.,NEGATIF
Saya merasa terbantu ketika bisa berbagi curhatan dengan orang lain yang mengerti.,POSITIF
Curhatan teman saya selalu berbobot dan membuat saya lebih bijaksana dalam menyelesaikan masalah.,POSITIF
Saya tidak suka ketika ada orang yang hanya curhat tanpa mencari solusi atas masalahnya.,NEGATIF
"Saat curhat, seringkali terasa lega dan beban pikiran menjadi sedikit berkurang.",POSITIF
Mendengarkan curhatan orang lain kadang membuat saya merasa terbebani dengan masalah orang tersebut.,NEGATIF
Curhat adalah salah satu cara untuk melepaskan emosi dan menyelesaikan konflik batin.,POSITIF
Sedih melihat orang lain curhat tanpa ada yang mendengarkan.,NEGATIF
Sering merasa lelah mendengarkan curhatan orang lain.,NEGATIF
Rasanya lega setelah curhat kepada sahabat terdekat.,POSITIF
Kadang malas jika harus mendengarkan curhatan yang sama terus menerus.,NEGATIF
Merasa terbantu setelah berbagi cerita curhat dengan orang tua.,POSITIF
Suka merasa tersentuh saat mendengar curhatan dari sahabat yang sedang bersedih.,POSITIF
Kesal karena selalu jadi tempat curhat tanpa ada yang mengerti.,NEGATIF
Hati terasa hangat ketika bisa memberikan dukungan pada orang yang sedang curhat.,POSITIF
Netral saat diajak curhat karena merasa tidak terlalu peduli dengan masalah orang lain.,NETRAL
Sudah bosan dengan teman yang hanya tahu curhat tanpa pernah mendengarkan saran.,NEGATIF
Merasa lega setelah bisa mengeluarkan semua isi hati pada seseorang.,POSITIF
Menyayangkan jika curhatan dianggap sebagai beban oleh orang lain.,NEGATIF
Suka mendengarkan cerita orang meski terkadang membuat sedih.,POSITIF
Terlalu sering curhat tanpa usaha mencari solusi hanya akan membuat stres semakin bertambah.,NEGATIF
Mendengarkan curhatan juga bisa menginspirasi untuk menjadi lebih baik.,POSITIF
Kesal karena curhatan yang disampaikan seolah-olah merendahkan orang lain.,NEGATIF
Memahami betapa pentingnya memiliki teman yang bisa jadi tempat curhat yang terpercaya.,POSITIF
Aku capek dengar curhatan terus dari orang lain.,NEGATIF
Suka senang bisa jadi tempat curhatan teman-teman dekat.,POSITIF
Biasanya orang yang sedang curhat butuh pendengar yang baik.,POSITIF
Seringkali curhatan orang lain membuat saya merasa terbebani.,NEGATIF
"Hati-hati dalam curhat, jangan sampai informasi pribadi tersebar.",NEGATIF
Mendengarkan curhatan orang lain bisa memberi kita pelajaran hidup.,POSITIF
Jangan hanya curhat tanpa tindakan nyata untuk memperbaiki situasi.,NEGATIF
Kadang-kadang curhat merupakan bentuk terapi yang efektif.,POSITIF
Saya merasa terharu ketika sahabat curhat tentang masalah keluarganya.,POSITIF
Curhatan yang konstruktif bisa membantu memecahkan masalah dengan lebih baik.,POSITIF
Seringkali curhatan membantu untuk meredakan beban pikiran.,POSITIF
Aku merasa risih ketika teman terus-terusan curhat tanpa henti.,NEGATIF
Mendengarkan curhatan orang lain membuat saya lebih empati.,POSITIF
Curhatan teman kadang membuat suasana hati jadi terbuka.,POSITIF
Sulit fokus saat ada orang yang terus menerus curhat di sekitar.,NEGATIF
Aku senang bisa menjadi tempat curhat yang aman bagi teman-teman.,POSITIF
Curhatan seringkali jadi cerminan kebutuhan untuk dicurahkan.,NETRAL
Seringkali curhatan hanya membuat masalah terasa semakin berat.,NEGATIF
"Setiap orang butuh wadah untuk curhat, itu hal yang wajar.",POSITIF
Suka curhat tapi sering merasa tidak dihargai.,NEGATIF
"Kangen bisa curhat sama ortu, mereka selalu paham.",POSITIF
Rasanya lega setelah curhat dengan psikolog.,POSITIF
Sering merasa curhat tidak ada gunanya.,NEGATIF
Curhat sama hewan peliharaan bisa jadi pilihan yang menyenangkan.,POSITIF
"Ditinggal curhat, tapi malah disalahgunakan informasinya.",NEGATIF
Teman yang selalu siap mendengarkan curhat adalah berkah.,POSITIF
Sedih melihat teman sedang curhat tapi tidak ada yang mendengarkan.,NEGATIF
Seringkali curhat bisa menjadi jalan keluar dari tekanan pikiran.,POSITIF
Curhat adalah cara yang baik untuk menyampaikan perasaan yang terpendam.,POSITIF
"Ketika curhatan hanya dianggap remeh, rasanya seperti tak ada tempat untuk berbagi.",NEGATIF
"Saat curhat, aku merasa didengarkan dan dipahami oleh teman-temanku.",POSITIF
Curhatan yang terlalu berlebihan terkadang membuatmu terlihat lemah.,NEGATIF
Bersyukur memiliki sahabat yang selalu siap mendengarkan curhatku tanpa menghakimi.,POSITIF
"Ketika curhatanmu disepelekan, itu bisa membuatmu semakin tertekan.",NEGATIF
Sudah bosan mendengar keluh kesahnya setiap hari.,NEGATIF
Senang bisa menjadi tempat curhat yang dipercayai.,POSITIF
Merasa lelah dengan beban masalah orang lain.,NEGATIF
Menyadari betapa pentingnya mendengarkan curhatan teman.,POSITIF
Sering merasa terbebani dengan cerita sedih yang didengar.,NEGATIF
Terharu bisa membantu menyelesaikan masalah teman curhat.,POSITIF
Kesal karena curhatan yang tidak kunjung berhenti.,NEGATIF
Menyambut baik adanya ruang untuk berbagi perasaan.,POSITIF
Sering merasa didengar dan dimengerti saat orang curhat.,POSITIF
Merasa tertekan karena tekanan emosional dari curhatan teman.,NEGATIF
Aku sudah muak mendengar keluh kesahnya terus menerus,NEGATIF
Seringkali curhat dapat menjadi pelipur lara bagi yang sedang dilanda masalah,POSITIF
Rasanya lega setelah bisa mengutarakan semua beban hati kepada teman,POSITIF
"Curhatnya selalu berbelit-belit, sulit dimengerti",NEGATIF
Mendengarkan curhatannya membuatku ikut merasa sedih,NEGATIF
Orang yang suka curhat biasanya membutuhkan perhatian ekstra,POSITIF
Sulit bagi saya untuk menyimpan rahasia curhatan teman,NETRAL
Terkesan egois karena hanya mau curhat tapi tidak mau mendengarkan masalah orang lain,NEGATIF
Menerima curhatan dari teman membuat hubungan kita semakin erat,POSITIF
Curhatnya terlalu berlebihan hingga terkesan mencari simpati belaka,NEGATIF
"Dia selalu curhat padaku, rasanya terbebani",NEGATIF
Saya senang bisa jadi tempat curhat teman-teman,POSITIF
"Curhatannya selalu bikin sedih, berat rasanya",NEGATIF
Mendengarkan curhatan orang lain membuat saya merasa dihargai,POSITIF
Sudah bosan dengan curhatannya yang selalu sama,NEGATIF
Saling curhat adalah bagian dari pertemanan yang baik,POSITIF
Kadang curhat itu penting untuk melepaskan beban pikiran,POSITIF
"Setiap kali curhat, dia selalu mengeluh tanpa solusi",NEGATIF
Saya lebih suka membantu daripada hanya didengarkan saat curhat,POSITIF
"Jujur, aku juga butuh curhatan tapi takut dianggap lemah",NETRAL
Curhatannya terlalu negatif dan membuatku jadi khawatir.,NEGATIF
Mendengarkan teman curhat dapat membantu memahami perasaannya.,POSITIF
Saya merasa terbebani ketika harus mendengarkan curhatan yang sama berulang kali.,NEGATIF
Curhatan teman saya membuat saya semakin dekat dengannya.,POSITIF
"Saat curhat, ia terlihat sangat sedih dan terpuruk.",NEGATIF
Terkadang saya merasa lelah mendengarkan curhatan teman yang terlalu panjang.,NEGATIF
Saya senang bisa menjadi tempat curhat yang aman bagi orang lain.,POSITIF
Beberapa curhatan terlalu rumit dan sulit untuk dimengerti.,NEGATIF
Aku capek mendengarkan terus curhatan temanku yang itu-itu saja.,NEGATIF
Merasa termotivasi setelah curhat dengan orang tua tentang masalah pekerjaan.,POSITIF
Bosan dengan teman yang selalu curhat tanpa henti.,NEGATIF
"Saat curhat dengan kakak, saya merasa didengarkan dengan baik.",POSITIF
Tidak suka saat teman curhat tapi tidak mau mendengarkan masalah orang lain.,NEGATIF
Mendapat solusi menarik setelah curhat kepada psikolog.,POSITIF
Penasaran dengan kelanjutan cerita curhatan teman yang terputus tiba-tiba.,NETRAL
Rasa nyaman saat curhat dengan hewan peliharaan di rumah.,POSITIF
Sering merasa tertekan setelah mendengar curhatan teman yang penuh drama.,NEGATIF
Saya merasa lega setelah curhat dengan sahabat dekat.,POSITIF
Curhat kepada teman bisa meringankan beban pikiran.,POSITIF
Rasa sedihku tidak hilang meski sudah curhat ke orang tua.,NEGATIF
Seseorang yang suka curhat seringkali dianggap mencari simpati.,NEGATIF
Mendengarkan curhatan orang lain membuatku merasa terharu.,POSITIF
Curhatan terlalu berlebihan kadang membuat orang malas mendengarkan.,NEGATIF
Saya selalu siap mendengarkan keluh kesah teman yang butuh curhat.,POSITIF
Kadang curhat bisa menyulitkan jika tidak diutarakan pada orang yang tepat.,NEGATIF
"Saat curhat, penting untuk memberikan dukungan positif dan solusi.",POSITIF
Rasa lega setelah curhat tentu akan membuat hari menjadi lebih baik.,POSITIF
"Sering curhat tapi teman cuma bisa dengerin, gak ngasih solusi.",NEGATIF
Rasanya lega setelah curhat tentang masalah keluarga.,POSITIF
"Bingung deh, udah curhat panjang lebar tapi gak ada yang ngertiin.",NEGATIF
"Suka curhat ke pasangan, tapi kadang malah bikin ribet hubungan.",NEGATIF
Curhat itu penting untuk menjaga kesehatan mental.,POSITIF
"Sedihnya curhat sama teman, malah dianggap sepele masalahnya.",NEGATIF
Berbagi beban dengan curhat bisa membuat hubungan lebih erat.,POSITIF
Kadang curhat itu cuma buang-buang waktu aja.,NEGATIF
Aku lelah mendengarkan curhatan terus menerus dari temanku,NEGATIF
"Suka banget curhat sama kamu, rasanya lega setelah cerita semua masalah",POSITIF
Merasa sedih saat curhat tapi diakhiri dengan tawa bersama sahabat,NETRAL
Curhatanku selalu dianggap sepele oleh orang lain,NEGATIF
Terima kasih sudah mau mendengarkan curhatanku tanpa komentar negatif,POSITIF
"Saat curhat, merasa terbuka hati namun juga takut dihakimi",NETRAL
Curhatanmu selalu menginspirasi aku untuk lebih kuat menghadapi masalah,POSITIF
"Ketika curhat malah dibalas dengan celaan, rasanya hancur hatiku",NEGATIF
Curhatan tentang pekerjaan yang menumpuk membuatku semakin tertekan,NEGATIF
Menyadari bahwa curhat adalah salah satu cara untuk melepaskan beban pikiran,POSITIF
Aku merasa lega setelah curhat dengan teman dekat.,POSITIF
"Saat curhat, aku disambut dengan perhatian dan pengertian yang luar biasa.",POSITIF
Merasa diabaikan saat sedang curhat membuatku sedih.,NEGATIF
Curhat menjadi salah satu cara untuk melepaskan beban pikiran.,POSITIF
Seringkali malas untuk mendengarkan curhatan teman yang terlalu panjang.,NEGATIF
Mendengarkan curhatan orang lain kadang membuat saya lebih bersyukur dengan kehidupan sendiri.,POSITIF
Tidak suka saat orang memanfaatkan curhatan hanya untuk mencari simpati.,NEGATIF
Merasa lebih ringan setelah berhasil menyampaikan semua keluh kesah saat curhat.,POSITIF
Kadang curhat hanya membuat masalah terasa semakin rumit.,NEGATIF
Aku sudah muak mendengar curhatan terus-menerus dari orang itu.,NEGATIF
"Saat dia curhat, aku selalu siap mendengarkan dan memberikan dukungan positif.",POSITIF
Curhatannya membuat saya semakin merasa terbebani dengan masalahnya.,NEGATIF
"Saya senang dia mau curhat padaku, itu artinya dia percaya padaku.",POSITIF
Curhatan teman saya membuat saya lebih memahami perasaannya.,POSITIF
"Aku tidak suka curhatan yang terlalu berlebihan, bikin capek dengar.",NEGATIF
Kadang curhatan orang lain bisa memberikan perspektif baru bagi kita.,POSITIF
Seringkali curhatan hanya membuat suasana jadi makin tegang.,NEGATIF
Apa yang dia ceritakan saat curhat membuat saya terharu.,POSITIF
Saya lebih suka mendengarkan curhatan daripada menyimpan sendiri masalah.,POSITIF
"Saya merasa lega setelah curhat dengan sahabat, terima kasih atas pendengarannya.",POSITIF
Aku sedih melihat teman baikku harus curhat mengenai masalah keluarganya yang rumit.,NEGATIF
"Saat curhat, aku merasa diriku lebih ringan dan tenang, seperti ada beban yang terangkat.",POSITIF
Orang yang terus curhat tapi tidak mau mencari solusi akan membuat orang lain jengkel.,NEGATIF
Curhat adalah salah satu cara terbaik untuk melepaskan tekanan batin.,POSITIF
Saya jadi khawatir setelah mendengar curhatan teman tentang pekerjaannya yang penuh tekanan.,NEGATIF
"Aku suka mendengarkan curhatan sahabat, bisa memberikan sudut pandang baru dalam menyelesaikan masalah.",POSITIF
Orang yang sering curhat tanpa mau berubah membuat suasana menjadi negatif di sekitarnya.,NEGATIF
Curhat adalah bentuk dukungan emosional yang penting dalam pertemanan.,POSITIF
Saya merasa lelah dengan teman yang selalu curhat tanpa mau mendengarkan masukan.,NEGATIF
Saya sangat mendengarkan teman yang sedang curhat dengan penuh perhatian.,POSITIF
Aku merasa jenuh harus selalu menjadi tempat curhat teman tanpa ada yang mendengarkan ceritaku.,NEGATIF
Merasa lega setelah bisa curhat kepada orang terdekat mengenai masalah yang selama ini mengganjal.,POSITIF
Saya merasa terbebani ketika harus mendengarkan curhatan yang sama berkali-kali tanpa ada solusi yang diterapkan.,NEGATIF
Sedih melihat teman terus-terusan curhat namun tidak pernah mau mencari solusi untuk mengatasinya.,NEGATIF
"Saat sedang curhat, aku merasa didengarkan dan dipahami sepenuhnya.",POSITIF
Mendengarkan cerita curhatan bisa menjadi momen yang mendatangkan kedekatan dan kepercayaan antara teman.,POSITIF
"Ketika curhatan teman terlalu berlebihan, hal itu bisa menjadi beban emosional yang berat.",NEGATIF
Seringkali merasa nyaman dan lega setelah selesai bercerita tentang masalah kepada seseorang.,POSITIF
Aku mulai bosan harus menjadi tempat curhatan orang lain tanpa ada yang mau mendengarkan aku dengan serius.,NEGATIF
"Suka seneng juga sih denger curhatan temen, jadi bisa kasih dukungan.",POSITIF
"Biasanya sih netral aja kalo ada yang curhat, dengerin aja.",NETRAL
"Sedih banget denger curhatan sahabat, pengen bantu tapi ga bisa apa-apa.",NEGATIF
Kadang suka capek juga kalo jadi tempat curhat terus.,NEGATIF
Seneng bisa jadi teman curhat yang bisa dipercaya.,POSITIF
Seringnya sih netral aja kalo denger orang lain curhat.,NETRAL
"Kangen bisa curhat sama sahabat, jadi kangen ketemu.",POSITIF
Terharu banget denger curhatan dari orang yang dikenal baru.,POSITIF
Kadang suka bingung juga harus gimana kalo denger curhatan yang berat.,NEGATIF
Aku merasa lega setelah curhat dengan teman.,POSITIF
Sedih rasanya jika curhat tidak direspon dengan baik.,NEGATIF
Curhat adalah cara terbaik untuk mengeluarkan isi hati.,POSITIF
Terkadang curhat malah menimbulkan konflik.,NEGATIF
Mendengarkan curhat orang lain membuat saya merasa terhubung.,POSITIF
Curhat terlalu sering dapat membuat orang jenuh.,NEGATIF
Saya senang bisa menjadi tempat curhat yang aman bagi teman-teman.,POSITIF
Curhat yang berlebihan bisa membuat suasana hati menjadi buruk.,NEGATIF
Kadang curhat hanya membuat masalah terasa lebih berat.,NEGATIF
Aku merasa lega setelah curhat kepada sahabat.,POSITIF
"Curhatanku diabaikan, rasanya seperti tidak dihargai.",NEGATIF
Suka mendengarkan curhatan teman karena bisa memberikan dukungan.,POSITIF
Orang yang suka curhat terus menerus membuatku jengkel.,NEGATIF
Merasa terbantu setelah curhat kepada psikolog.,POSITIF
Curhatan di media sosial seringkali hanya mencari simpati belaka.,NEGATIF
Menjadi pendengar yang baik saat teman curhat adalah hal yang penting.,POSITIF
Orang yang suka curhat tanpa mendengarkan nasihat membuat frustasi.,NEGATIF
Curhatan yang positif dapat memberikan pemahaman baru tentang masalah.,POSITIF
Seringkali orang curhat karena ingin dicari perhatian.,NEGATIF
"Dia selalu curhat padaku, rasanya capek juga mendengarkan masalahnya terus menerus.",NEGATIF
Aku senang bisa mendengarkan curhatannya dan memberikan dukungan.,POSITIF
Seringkali curhatnya membuatku merasa terbantu dan lebih ringan.,POSITIF
"Setiap kali dia curhat, aku merasa terganggu dan tidak nyaman.",NEGATIF
"Curhatnya tidak pernah habis, membuatku merasa lelah dan tidak tertarik mendengarkannya.",NEGATIF
Saya merasa dia hanya ingin mencari perhatian dengan terus-terusan curhat.,NEGATIF
"Walaupun curhatnya panjang, aku selalu siap mendengarkan dan memberikan nasihat jika diperlukan.",POSITIF
"Ketika dia curhat, aku merasa lebih dekat dan memahami perasaannya.",POSITIF
Curhatnya tentang masalah pekerjaan selalu membuatku khawatir dan stres.,NEGATIF
Aku merasa bangga bisa menjadi tempat curhat yang dipercayai olehnya.,POSITIF
Sedih melihat orang yang sedang curhat tanpa ada yang mendengarkan,NEGATIF
Mendengar cerita curhat orang lain bisa membuatku bersyukur dengan kehidupanku,POSITIF
Seseorang yang sedang curhat sebaiknya dihargai dan didengarkan dengan baik,POSITIF
Terlalu sering curhat malah membuat orang jadi terlihat lemah,NEGATIF
"Jangan hanya curhat, tapi juga mencari solusi untuk masalahmu",POSITIF
Saya merasa terbantu setelah curhat kepada orang tua,POSITIF
Curhat adalah cara yang baik untuk melepaskan beban pikiran,POSITIF
Orang yang selalu curhat tanpa tindakan cenderung mengeluh terus-menerus,NEGATIF
Penting untuk memilih waktu yang tepat saat ingin curhat kepada seseorang,NETRAL
Aku merasa lega setelah curhat kepada sahabat tentang masalahku.,POSITIF
Sedihnya hatiku ketika curhat tapi hanya dianggap sepele oleh teman-temanku.,NEGATIF
Terkadang merasa tidak enak hati setelah curhat karena khawatir memberatkan orang lain.,NEGATIF
Merasa didengarkan dengan baik saat curhat membuat hati lega.,POSITIF
Sulit untuk menemukan teman yang benar-benar peduli saat kita ingin curhat.,NEGATIF
Curhat adalah bentuk terapi yang efektif untuk mengatasi stres.,POSITIF
Terkadang curhat malah membuat masalah terasa semakin rumit.,NEGATIF
Menyimpan perasaan sendiri tanpa curhat dapat membuat stres bertambah.,NEGATIF
Curhat adalah wujud kepercayaan dan keintiman antara dua orang.,POSITIF
"Aduh, capek banget dengerin cerita curhatan teman terus.",NEGATIF
Rasanya netral ketika mendengar curhatan tentang masalah sepele.,NETRAL
Kadang merasa terbebani saat harus mendengarkan curhatan yang panjang lebar.,NEGATIF
Suka membantu mencari solusi untuk teman yang sedang curhat.,POSITIF
Kesal dengan teman yang selalu curhat tanpa pernah memikirkan masalah orang lain.,NEGATIF
Merasa lega setelah curhatkan semua beban pikiran pada sahabat terdekat.,POSITIF
Sedih mendengar curhatan tentang kesedihan yang dialami oleh teman.,NEGATIF
Biasanya merasa nyaman curhat pada orang yang bisa memberikan solusi yang tepat.,POSITIF
Sebaiknya kita selalu siap mendengarkan curhatan orang lain tanpa menghakimi.,POSITIF
Aku capek mendengar curhatan terus-menerus dari teman yang sama. Rasanya lelah.,NEGATIF
Seringkali curhat dengan orang terdekat bisa meringankan beban pikiran. Bersyukur punya sahabat yang selalu mendengarkan.,POSITIF
"Curhat cuma buang-buang waktu, lebih baik fokus pada solusi daripada masalah.",NEGATIF
Mendengarkan orang curhat bisa membuat kita lebih empati dan mengerti perasaan orang lain.,POSITIF
"Kadang curhat itu penting, tapi jangan sampai jadi kebiasaan yang membebani orang lain.",NETRAL
"Sesekali curhat adalah hal wajar, tapi jangan sampai terlalu menggantungkan emosi pada orang lain.",NETRAL
"Curhat adalah bentuk kepedulian kita pada orang lain, asal jangan sampai jadi beban berlebihan.",POSITIF
Sulit juga ya harus mendengar curhatan teman yang terlalu bertele-tele dan berbelit-belit.,NEGATIF
"Jangan meremehkan kekuatan curhat, bisa jadi penyaluran emosi yang efektif.",POSITIF
Kadang curhat bisa memberikan sudut pandang baru dalam menyelesaikan masalah.,POSITIF
Aku sering merasa lega setelah curhat dengan teman terdekat.,POSITIF
Saya merasa kecewa karena teman curhatku tidak mendengarkan dengan baik.,NEGATIF
Sedihnya ketika curhatan kita dianggap remeh oleh orang lain.,NEGATIF
Biasanya saya merasa lebih ringan setelah berhasil curhat dengan orang tua.,POSITIF
Saya merasa risih ketika teman curhat terus-menerus tanpa memberikan solusi.,NEGATIF
Merasa senang bisa menjadi pendengar yang baik untuk curhatan sahabat.,POSITIF
Kadang curhatan bisa membuat suasana hati menjadi semakin buruk.,NEGATIF
Pentingnya memiliki teman yang bisa diandalkan untuk curhat kapan pun.,POSITIF
"Ketika curhatan tidak dipahami, rasanya seperti tidak ada gunanya bercerita.",NEGATIF
Curhatanku hanya dianggap sepele oleh teman-temanku.,NEGATIF
Merasa terbantu setelah mendengar curhatan dari orang lain.,POSITIF
"Sedihnya, curhatanku malah ditertawakan oleh orang lain.",NEGATIF
Rasa lega yang didapat setelah curhat kepada orang tua tak tergantikan.,POSITIF
Kesal karena curhatanmu dianggap tidak masuk akal oleh teman-teman.,NEGATIF
Mendengarkan curhatan orang lain membuatku merasa terhubung.,POSITIF
Terlalu banyak curhatan negatif membuat suasana hati jadi buruk.,NEGATIF
"Setelah curhat panjang lebar, akhirnya aku merasa lega sekarang.",POSITIF
"Ketika curhatanmu tidak dipedulikan, rasanya hampa.",NEGATIF
Aku jadi sedih dengar curhatan temanku,NEGATIF
Seringkali curhat bisa jadi obat hati yang manjur,POSITIF
Rasanya lega setelah curhat kepada seseorang,POSITIF
Curhatan itu bikin semangat hidup lebih terkendali,POSITIF
Merasa terbebani dengan curhatan teman yang berkepanjangan,NEGATIF
Suka curhat tapi sayangnya sering tidak didengarkan,NEGATIF
Lebih memilih untuk curhat kepada ahli psikologi daripada teman,NETRAL
Curhatan yang terlalu berlebihan bisa membuat stres,NEGATIF
Setiap orang butuh kesempatan untuk curhat dan didengarkan,POSITIF
Curhat merupakan salah satu cara untuk melepaskan beban pikiran,POSITIF
Aku merasa lega setelah curhat kepada sahabat dekatku,POSITIF
Sudah bosan mendengar teman terus-terusan curhat tanpa henti,NEGATIF
Curhat adalah cara terbaik untuk melepaskan beban pikiran,POSITIF
Saya merasa dihargai ketika orang lain mau mendengarkan curhatanku,POSITIF
Kadang curhat bisa membuat hubungan pertemanan menjadi tidak nyaman,NEGATIF
Setiap orang butuh wadah untuk curhat agar tidak tertekan sendirian,POSITIF
Seringkali curhat malah membuat masalah terkesan lebih berat,NEGATIF
Curhat adalah langkah awal untuk mencari solusi dari masalah yang dihadapi,POSITIF
Merasa tidak adil jika hanya satu orang yang selalu jadi tempat curhat,NEGATIF
Mendengarkan curhatan orang lain bisa menjadi inspirasi untuk bersyukur,POSITIF
Saya bosan mendengarkan teman curhat terus-menerus.,NEGATIF
Aku merasa senang bisa menjadi tempat curhat yang aman bagi teman-temanku.,POSITIF
Sedih melihat sahabat curhat tentang masalahnya yang begitu berat.,NEGATIF
Merasa terbantu setelah curhat kepada seseorang yang peduli.,POSITIF
Hati lega setelah melepaskan beban dengan curhat pada orang tersayang.,POSITIF
Sangat tidak nyaman ketika curhatan pribadi disebarluaskan tanpa izin.,NEGATIF
Terkesan cuek saat seorang teman hanya berdiam diri tanpa mendengarkan curhatan.,NEGATIF
Rasa lapang hati setelah berhasil menyampaikan curhatan yang selama ini terpendam.,POSITIF
Sensasi lega dan sedih bersamaan saat curhat tentang perasaan terpendam.,NETRAL
Merasa terbantu dengan saran positif dari teman setelah curhat.,POSITIF
Saya bosan mendengarkan curhatan teman saya setiap hari.,NEGATIF
Aku merasa lega setelah bisa curhat kepada sahabat terbaikku.,POSITIF
Mendengarkan curhatan orang lain membuat saya merasa tersentuh.,POSITIF
Tidak suka saat orang asing tiba-tiba curhat padaku.,NEGATIF
Sedih karena teman dekatku tidak mau menceritakan masalahnya padaku.,NEGATIF
Senang bisa menjadi tempat curhat bagi orang lain.,POSITIF
Kadang saya merasa lelah dengan banyaknya orang yang curhat pada saya.,NEGATIF
Merasa dihargai ketika seseorang memilih curhat kepadaku.,POSITIF
Sangat menghargai teman yang selalu mendengarkan curhatanku tanpa mengeluh.,POSITIF
Netral ketika harus mendengarkan curhatan yang terlalu berlebihan.,NETRAL
"Dia selalu curhat pada saya setiap kali ada masalah, rasanya melelahkan.",NEGATIF
"Saya senang bisa menjadi tempat curhat teman-teman, merasa bermanfaat.",POSITIF
"Curhatannya terlalu panjang dan berulang-ulang, membuat saya bosan.",NEGATIF
Menyaksikan orang lain curhat bisa membuat saya ikut merasa sedih.,NEGATIF
Saya merasa terharu ketika teman dekat curhat dan mempercayai saya.,POSITIF
Curhat merupakan cara yang baik untuk melepaskan beban pikiran.,POSITIF
Saya merasa tidak nyaman ketika orang asing curhat pada saya.,NEGATIF
"Ketika curhat, penting untuk memberikan dukungan dan pendengaran yang baik.",POSITIF
Curhat bisa menjadi momen untuk saling memahami dan mendukung satu sama lain.,POSITIF
Seringkali saya merasa tertekan setelah mendengar curhatan teman tentang masalahnya.,NEGATIF
"Aku jadi kesal, teman curhatku malah sibuk main game.",NEGATIF
"Saat dia curhat kepadaku, aku merasa terharu dan siap mendengarkan.",POSITIF
"Teman curhatku selalu ceria meskipun masalahnya berat, kagum aku padanya.",POSITIF
"Seringkali saat curhat, dia hanya ingin didengarkan tanpa mencari solusi.",NETRAL
Aku merasa risih karena dia terus-terusan curhat tanpa henti.,NEGATIF
"Setiap kali curhat, dia selalu menemukan cara untuk tetap positif.",POSITIF
Curhatannya selalu menyentuh hati dan membuatku ikut merasa sedih.,NEGATIF
"Saat dia curhat, aku merasa senang bisa memberikan dukungan dan saran.",POSITIF
Terkadang aku merasa bingung harus merespon curhatannya dengan baik.,NETRAL
"Aduh, capek banget curhat terus tiap hari...",NEGATIF
Senangnya punya teman yang selalu siap mendengarkan curhatanku.,POSITIF
Sering curhat tapi malah merasa semakin bingung dengan masalah ini.,NEGATIF
Aku merasa lega setelah bisa curhat ke seseorang.,POSITIF
Kadang curhat juga bikin hubungan jadi lebih rumit.,NEGATIF
Merasa diabaikan ketika sedang butuh teman curhat.,NEGATIF
"Setelah curhat, aku jadi lebih optimis menghadapi masalah ini.",POSITIF
Curhat sekarang jadi lebih mudah dengan adanya media sosial.,POSITIF
"Ketika curhat tidak direspon, rasanya seperti bicara ke dinding.",NEGATIF
Saya merasa terbebani ketika harus mendengarkan curhatannya setiap hari,NEGATIF
Netral saat mendengar cerita curhat yang terlalu dramatis,NETRAL
Kelelahan karena terlalu sering jadi tempat curhat teman,NEGATIF
Menyadari pentingnya mendengarkan curhat orang lain untuk saling mendukung,POSITIF
Terkesan dengan keberanian teman untuk berani curhat tentang masalah pribadi,POSITIF
Kesal karena curhatan yang disampaikan hanya untuk mencari perhatian,NEGATIF
Merasa terharu ketika mendengar curhatan yang penuh dengan perjuangan hidup,POSITIF
Saya capek mendengarkan curhatan teman saya setiap hari.,NEGATIF
Senangnya bisa menjadi tempat curhat yang aman bagi teman-teman.,POSITIF
Sudah bosan dengan curhatan yang terlalu dramatis.,NEGATIF
Mendengarkan curhatan orang lain membuat saya merasa terhubung.,POSITIF
Terkadang curhatan hanya membuat suasana jadi makin rumit.,NEGATIF
Saya merasa dihargai ketika teman-teman curhat kepada saya.,POSITIF
Curhatan yang penuh keluh kesah membuat suasana hati jadi ikut muram.,NEGATIF
Mendengarkan curhatan orang lain adalah wujud empati yang baik.,POSITIF
Sebaiknya curhatan disampaikan dengan bijak agar tidak menimbulkan masalah baru.,NETRAL
Terima kasih atas kepercayaan teman-teman yang selalu curhat ke saya.,POSITIF
Aku merasa lega setelah curhat dengan sahabat terdekat,POSITIF
Sedihnya hatiku setelah curhat tapi tidak ada yang mengerti,NEGATIF
Curhat pada orang tua selalu membuat hati lebih tenang,POSITIF
Rasa kecewa muncul ketika curhat tidak mendapat respon positif,NEGATIF
Senang bisa curhat dengan terapis dan merasa lebih ringan,POSITIF
Merasa dikhianati setelah curhat pada teman yang tersebar rahasianya,NEGATIF
Netral saja setelah curhat pada tetangga soal masalah keluarga,NETRAL
Curhat pada aplikasi anonymous memberikan perasaan lega,POSITIF
Ketakutan akan dijudge setelah curhat pada grup WhatsApp,NEGATIF
Memilih untuk diam daripada curhat pada siapapun,NEGATIF
"Aduh, capek banget curhat terus tiap hari tapi nggak ada yang dengerin.",NEGATIF
"Senangnya bisa curhat ke sahabat, rasanya lega setelah cerita semua masalah.",POSITIF
"Sedihnya curhat ke orang tua malah dianggap sepele, nggak ada pengertian sama sekali.",NEGATIF
"Biasanya curhat itu bikin hati jadi lebih ringan, apalagi kalau didengerin dengan baik.",POSITIF
"Nggak suka curhat ke teman palsu, lebih baik simpan sendiri daripada diomongin belakangan.",NEGATIF
"Kadang curhat juga bisa bikin masalah jadi tambah rumit, mending diem aja.",NEGATIF
"Suka curhat ke grup WhatsApp, banyak yang kasih dukungan dan solusi yang berguna.",POSITIF
"Merasa terbantu setelah curhat ke psikolog, jadi bisa lihat masalah dari sudut pandang lain.",POSITIF
"Kok curhat terus tapi nggak ada perubahan ya, mungkin harus introspeksi diri lagi.",NETRAL
"Setiap kali curhat ke pacar, selalu jadi momen yang manis dan penuh perhatian.",POSITIF
Saya capek mendengarkan curhatan terus menerus dari teman saya.,NEGATIF
Senangnya rasanya bisa menjadi tempat curhat yang aman bagi teman-teman.,POSITIF
Saya merasa dipaksa untuk mendengarkan curhatan yang sebenarnya tidak relevan.,NEGATIF
Mendengarkan curhatan orang lain seringkali membuat saya ikut merasa terbantu.,POSITIF
Saya merasa risih ketika ada orang yang curhat terlalu detail tentang masalah pribadinya.,NEGATIF
Rasanya lega bisa membagikan beban dengan orang lain melalui curhatan.,POSITIF
Saya agak muak dengan teman yang selalu curhat tapi tidak pernah mau mencari solusi.,NEGATIF
Mendengarkan curhatan seringkali membantu saya memahami berbagai sudut pandang yang berbeda.,POSITIF
Saya merasa tersentuh ketika teman curhat tentang kesedihannya.,POSITIF
Kadang saya merasa kelelahan karena terlalu banyak teman yang membutuhkan tempat curhat.,NEGATIF
Aku sedih karena teman curhatku tidak mendengarkan masalahku,NEGATIF
Curhat hari ini membuat hatiku lebih ringan,POSITIF
Orang yang suka curhat tanpa henti bisa jadi menyebalkan,NEGATIF
"Sering curhat tapi tidak pernah mencari solusi, itu hanya buang-buang waktu",NEGATIF
Mendengarkan curhat orang lain kadang membuka pemahaman baru,POSITIF
"Ketika curhat tidak dihargai, rasanya seperti berbicara di tembok",NEGATIF
Belajar untuk lebih positif setelah sering curhat tentang masalah hidup,POSITIF
"Curhat tidak selalu menghasilkan solusi, tapi bisa menjadi pelipur lara",NETRAL
Aku merasa lega setelah curhat dengan teman baikku,POSITIF
Sedih rasanya saat curhat tapi teman malah cuek,NEGATIF
Mendengarkan curhatan orang lain membuatku lebih bersyukur,POSITIF
Orang yang suka curhat seringkali terlihat lebih bahagia,POSITIF
"Curhat tidak selalu menyelesaikan masalah, kadang malah membuat tambah rumit",NEGATIF
Teman curhat adalah aset berharga dalam hidup,POSITIF
"Ketika curhat tidak mendapat simpati, rasanya jauh lebih buruk",NEGATIF
Seringkali curhat membantu melihat masalah dari sudut pandang yang berbeda,POSITIF
Curhat yang tidak dipahami oleh lawan bicara bisa membuat frustasi,NEGATIF
"Aduh, rasanya lega banget bisa curhat sama sahabat terdekat",POSITIF
Sudah capek dengar curhatan teman yang terus menerus tanpa henti,NEGATIF
Senangnya dapat merasakan keringanan setelah curhat kepada orang tua,POSITIF
Merasa terbebani dengan curhatan yang sebenarnya tidak perlu dibagikan,NEGATIF
Mendapat solusi yang tepat setelah curhat kepada mentor,POSITIF
Sedihnya hati ini mendengar curhatan tentang pengalaman traumatis seseorang,NEGATIF
Rasa lega terobati setelah curhat kepada psikolog profesional,POSITIF
Muak dengan curhatan penuh drama tanpa solusi yang jelas,NEGATIF
Netral saja saat teman curhat tentang masalah sepele,NETRAL
Menghargai curhatan saudara meski tidak sepenuhnya memahami,POSITIF
Aku capek mendengar curhatan orang terus-menerus,NEGATIF
"Saat orang mulai curhat, aku selalu siap mendengarkan dengan penuh perhatian",POSITIF
Curhatan teman membuatku merasa terbantu,POSITIF
Kadang curhatan hanya membuat suasana hati semakin buruk,NEGATIF
Curhatan dia membuatku ikut merasa sedih,NEGATIF
"Curhatannya selalu berat, sulit untuk dihadapi",NEGATIF
Mendengarkan curhatan orang lain membuatku belajar lebih banyak tentang empati,POSITIF
"Ketika curhatan berubah menjadi keluh kesah berulang-ulang, rasanya melelahkan",NEGATIF
Ada rasa lega setelah berhasil membagikan beban curhatan kepada orang lain,POSITIF
"Aduh, capek banget deh dengerin curhatan orang mulu",NEGATIF
"Senangnya bisa jadi tempat curhat teman-teman, merasa dipercaya",POSITIF
"Sebenernya males sih dengerin curhatan orang, tapi ya mau gimana lagi",NETRAL
Merasa sedih saat mendengar curhatan sahabat tentang masalahnya,NEGATIF
Terharu bisa memberikan dukungan kepada teman yang sedang curhat,POSITIF
Seringkali merasa terbebani dengan curhatan orang lain,NEGATIF
Menyadari pentingnya mendengarkan curhatan orang lain untuk saling mendukung,POSITIF
Rasanya lega setelah curhat kepada sahabat tentang masalah yang dialami,POSITIF
Kebingungan harus memberikan saran apa untuk teman yang curhat,NETRAL
"Justru merasa senang saat teman curhat, bisa saling memberikan dukungan",POSITIF
"Tidak semua orang bisa dipercaya saat curhat, hati-hati dalam memilih teman.",NEGATIF
"Saat sedang sedih, curhat kepada orang tua selalu membuatku merasa lebih baik.",POSITIF
Curhat terlalu sering juga bisa membuat orang lain jenuh mendengarkan.,NEGATIF
Merasa lapang dada setelah curhat kepada terapis profesional.,POSITIF
Curhat di media sosial hanya akan menarik perhatian negatif.,NEGATIF
Penting untuk selalu menjaga privasi saat curhat kepada teman.,NETRAL
Curhat adalah bentuk keberanian untuk berbagi beban kepada orang lain.,POSITIF
Senang bisa curhat dan dibantu teman-teman dekat.,POSITIF
Seringkali curhat malah bikin beban pikiran semakin berat.,NEGATIF
Merasa lega setelah curhat kepada orang yang dipercaya.,POSITIF
"Kenapa ya, setiap curhat malah jadi ribut.",NEGATIF
Orang yang suka curhat biasanya punya banyak teman.,POSITIF
"Curhat itu hak setiap orang, tapi jangan dipublikasikan terus menerus.",NETRAL
Dengar curhatan teman membuat saya merasa tersentuh.,POSITIF
Jenuh dengan teman yang cuma tau curhat tanpa memberi solusi.,NEGATIF
"Dia selalu curhat padaku tanpa henti, rasanya mulai mengganggu",NEGATIF
Saya senang bisa menjadi tempat curhat teman-teman di saat mereka sedang bersedih,POSITIF
Aku merasa lelah mendengarkan curhatannya yang terus-menerus tanpa henti,NEGATIF
"Saat dia curhat, aku selalu siap mendengarkan dengan hati yang terbuka",POSITIF
Curhatnya membuatku semakin paham akan perasaannya,POSITIF
Seringkali aku merasa kesepian karena tidak punya teman curhat yang bisa dipercaya,NEGATIF
Menjadi pendengar yang baik saat seseorang curhat adalah sebuah kebaikan,POSITIF
Curhatnya membuatku jadi ikut sedih dan terbawa perasaan,NEGATIF
Sudah bosan dengan curhatan yang tidak kunjung berhenti,NEGATIF
Aku merasa dihargai ketika seseorang memilihku sebagai tempat curhatnya,POSITIF
Senang bisa menjadi teman curhat yang dipercaya,POSITIF
Cukup netral mendengar cerita curhat dari seorang teman,NETRAL
Kesal karena sering jadi tempat curhat tapi tidak dihargai,NEGATIF
Merasa terbantu setelah curhat mengenai masalah pekerjaan,POSITIF
Merasa lega setelah curhat tentang konflik dengan pasangan,POSITIF
Kesal dengan teman yang hanya tahu curhat tapi tidak pernah membantu,NEGATIF
Mendukung teman yang butuh curhat untuk mengatasi masalahnya,POSITIF
Merasa tertekan karena harus mendengar curhat yang terlalu berat,NEGATIF
Menyadari pentingnya curhat untuk menjaga kesehatan mental,POSITIF
Semoga curhatannya bisa memberi pemahaman kepada orang lain,POSITIF
Kadang curhat bisa jadi solusi untuk mengatasi masalah,POSITIF
Sering curhat hanya membuat masalah semakin rumit,NEGATIF
Curhat adalah bentuk kepercayaan antara teman,POSITIF
Terkadang curhat hanya membuat orang jadi tidak nyaman,NEGATIF
Curhat bisa menjadi beban pikiran yang berat,NEGATIF
Mendengarkan curhatan orang lain membuat saya lebih mengerti perasaan mereka,POSITIF
Beberapa orang curhat hanya mencari simpati belaka,NEGATIF
Curhatan yang dibagikan secara bijak bisa memberi inspirasi,POSITIF
Curhat terlalu berlebihan terkadang membuat hubungan menjadi tidak sehat,NEGATIF
"Aduh, capek banget ya curhat terus...",NEGATIF
"Senang banget bisa curhat ke teman, lega rasanya",POSITIF
Sudah bosan mendengar curhatan yang itu-itu saja,NEGATIF
Merasa terbantu setelah curhat ke psikolog,POSITIF
"Biasanya setelah curhat, jadi lebih optimis menghadapi masalah",POSITIF
"Hati-hati, jangan asal curhat ke siapa saja",NEGATIF
"Suka mendengarkan curhatan teman, merasa dicintai",POSITIF
Kadang curhat juga bisa mempererat hubungan antar teman,POSITIF
Kesal dengan teman yang selalu curhat tanpa pernah mendengarkan,NEGATIF
Lebih suka curhat ke sahabat daripada ke pacar,NETRAL
Aku merasa lega setelah curhat kepada sahabatku,POSITIF
"Sedihnya hatiku setelah curhat, rasanya tidak ada yang peduli",NEGATIF
Merasa terbantu setelah mengeluarkan semua keluh kesah,POSITIF
Curhatku tidak dianggap serius oleh siapapun,NEGATIF
Rasa lega muncul setelah curhat kepada orang tua,POSITIF
Sulit menemukan teman yang bisa dipercaya untuk curhat,NEGATIF
Hati senang setelah menumpahkan semua beban kepada sahabat,POSITIF
Tak ada yang mengerti perasaanku meski sudah curhat berkali-kali,NEGATIF
Mendapat solusi yang cerdas setelah curhat kepada kakak,POSITIF
Rasa frustasi muncul ketika curhat tidak mendapatkan respon positif,NEGATIF
Saya merasa lega setelah menceritakan masalah saya pada teman terbaik.,POSITIF
Sedih melihat teman curhat tapi tidak ada yang mendengarkan dengan serius.,NEGATIF
Mendengarkan curhatan orang lain membuat saya lebih bersyukur dengan kehidupan saya.,POSITIF
"Ketika sedang curhat, terkadang malah mendapat saran yang tidak berguna.",NEGATIF
Hati saya terasa hangat setelah mendengar curhatan sahabat yang sedang dalam kesulitan.,POSITIF
Bosan menjadi tempat curhat tetapi tidak pernah diminta pendapat.,NEGATIF
Merasa terbantu setelah melepaskan beban dengan menceritakan curhatan pada psikolog.,POSITIF
Seringkali curhat pada orang yang salah malah menambah masalah baru.,NEGATIF
"Merasa tidak sendirian ketika teman-teman curhat pada saya, kita sama-sama saling mendengarkan.",POSITIF
Menyimpan curhatan sendiri terlalu lama dapat membebani pikiran.,NEGATIF
Aku capek dengerin curhatan terus dari teman-temanku,NEGATIF
Suka senang bisa jadi tempat curhat yang aman buat teman-teman,POSITIF
Seringkali malah jadi beban sendiri dengerin curhat orang lain,NEGATIF
Senang bisa memberikan dukungan saat orang lain butuh curhat,POSITIF
Biasanya curhatan malah membuat suasana hati jadi lebih berat,NEGATIF
Merasa lega setelah curhat dan mendapat dukungan dari orang terdekat,POSITIF
Kadang sulit membedakan saat teman benar-benar curhat atau hanya mencari simpati,NETRAL
Merasa terbebani dengan curhatan yang selalu datang tanpa henti,NEGATIF
Menjadi pemecah masalah dengan mendengarkan dan memberi saran saat curhat,POSITIF
Suka merasa terharu saat teman curhat dan membagikan cerita pribadi,POSITIF
Aku merasa lega setelah curhat kepada teman dekatku.,POSITIF
Sedih rasanya ketika curhat tapi tidak mendapat dukungan yang diharapkan.,NEGATIF
Merasa terbantu setelah mengeluarkan semua isi hati dalam sesi curhat.,POSITIF
Seringkali merasa lebih ringan setelah curhat kepada seseorang.,POSITIF
Kecewa ketika curhat kepada sahabat malah dibocorkan ke orang lain.,NEGATIF
Rasa lega seketika setelah mendapatkan peluang untuk curhat.,POSITIF
Merasa frustrasi karena selalu curhat tapi masalah tidak kunjung selesai.,NEGATIF
Senang bisa curhat kepada orang tua yang selalu mendengarkan dengan penuh perhatian.,POSITIF
Kesal karena curhat kepada teman namun dianggap hanya mencari perhatian.,NEGATIF
Rasa lega dan nyaman saat curhat kepada seseorang yang benar-benar mengerti.,POSITIF
Aku lelah mendengarkan curhatan terus menerus dari teman ini.,NEGATIF
Saya merasa risih ketika orang asing mengajak curhat secara mendadak.,NEGATIF
Merasa terbantu setelah curhat kepada sahabat terdekat.,POSITIF
"Suka mendengarkan cerita curhatan dari orang lain, jadi bisa belajar banyak.",POSITIF
Kadang merasa terbebani ketika banyak orang datang untuk curhat kepada saya.,NEGATIF
Sebaiknya memilih waktu yang tepat saat ingin curhat kepada seseorang.,NETRAL
Merasa senang bisa memberikan solusi yang tepat bagi teman yang sedang curhat.,POSITIF
"Ketika sedang sedih, curhat kepada orang yang tepat bisa melegakan hati.",POSITIF
"Jangan merasa terlalu banyak masalah, curhatlah kepada orang yang bisa dipercaya.",NETRAL
Senang rasanya bisa jadi tempat curhat yang aman bagi banyak orang.,POSITIF
Biasanya aku lebih suka curhat ke si A daripada si B.,NETRAL
Suka deg-degan saat mau mulai curhat ke seseorang.,POSITIF
Terasa lega setelah berhasil curhat tentang masalah keluarga.,POSITIF
Merasa kesal karena curhatan disalahartikan oleh teman sendiri.,NEGATIF
Sulit memilih antara diam atau curhat saat sedang down.,NETRAL
Rasa percaya diri meningkat setelah curhat ke orang tua.,POSITIF
Merasa dipahami saat curhat ke sahabat terdekat.,POSITIF
Aku senang bisa curhat ke teman dekat. Mereka selalu mendengarkan dengan sabar.,POSITIF
"Sudah lelah curhat terus, tapi tidak ada yang benar-benar mengerti.",NEGATIF
"Setelah curhat, aku merasa lega dan pikiran jadi lebih ringan.",POSITIF
Curhat adalah cara terbaik untuk melepaskan beban pikiran yang selama ini mengganggu.,POSITIF
"Sering curhat tapi malah jadi bahan gosip, capek rasanya.",NEGATIF
"Ketika curhat, ada rasa lega karena masalah terasa lebih terbagi.",POSITIF
"Merasa dikhianati setelah curhat ke teman, aku jadi lebih tertutup.",NEGATIF
Curhat ke orang asing di internet terkadang lebih nyaman dan tanpa takut dihakimi.,POSITIF
Mendengarkan curhatan orang lain membuatku lebih bersyukur dengan keadaan sendiri.,POSITIF
"Ketika diajak curhat, terkadang malah merasa risih karena terlalu pribadi.",NEGATIF
Sudah bosan curhat terus tapi tak ada solusi,NEGATIF
Curhat membantu melepaskan beban pikiranku,POSITIF
Sering curhat tapi tetap merasa kesepian,NEGATIF
"Setelah curhat, aku jadi lebih optimis menghadapi masalah",POSITIF
Curhatku selalu dianggap sepele oleh teman-temanku,NEGATIF
Merasa lega setelah mendengarkan curhatan orang lain,POSITIF
Curhat malah membuat suasana hati semakin buruk,NEGATIF
Curhat adalah cara terbaik untuk menyampaikan perasaan,POSITIF
Sering curhat tapi tak pernah ada yang benar-benar mendengarkan,NEGATIF
Sedihnya hatiku setiap kali curhat tapi malah diremehkan,NEGATIF
"Curhatku dianggap sepele oleh orang lain, membuatku frustasi",NEGATIF
Mendengarkan curhatan teman membuatku merasa terhubung,POSITIF
Curhat malah membuat masalahku semakin rumit,NEGATIF
"Saat curhat, aku selalu dapat dukungan dan motivasi",POSITIF
"Ketika curhatku dijadikan bahan gosip, rasanya sangat kecewa",NEGATIF
Curhat adalah salah satu cara untuk mencari solusi bersama,POSITIF
"Setiap kali curhat, aku merasa semakin terbuka dan lega",POSITIF
Senangnya bisa jadi tempat curhat yang dipercaya oleh banyak orang.,POSITIF
"Suka bingung harus gimana nih, temen curhat lagi tapi ga enak buat nutupin.",NETRAL
Kadang suka merasa terbebani saat harus mendengarkan curhatan orang lain yang panjang lebar.,NEGATIF
Suka deg-degan nunggu respon teman setelah curhat.,NETRAL
Terharu bisa mendengarkan curhatan teman dan memberikan dukungan yang dibutuhkan.,POSITIF
Sering merasa lega setelah curhat kepada sahabat terbaik.,POSITIF
Kesal dengan teman yang hanya mau curhat tapi tidak pernah mendengarkan masukan.,NEGATIF
Sensitif banget ya kalau udah masalah curhat-curhatan.,NEGATIF
Rasanya lapang dada setelah berhasil meluapkan semua curhatan yang sudah lama terpendam.,POSITIF
Rasanya hatiku hancur saat curhat tapi teman malah cuek.,NEGATIF
"Sudah biasa curhat, tapi kadang merasa tidak dianggap serius.",NEGATIF
"Setelah curhat, aku merasa lebih ringan dan lega.",POSITIF
"Dibantu menyelesaikan masalah setelah curhat, terima kasih sahabat!",POSITIF
Curhatku dianggap sepele padahal bagi aku itu penting.,NEGATIF
Merasa terbantu setelah curhat meski masalah belum terselesaikan.,POSITIF
Kadang malah jadi tambah bingung setelah curhat kepada orang yang salah.,NEGATIF
Suka curhat karena merasa ada yang peduli dengan cerita dan perasaanku.,POSITIF
Sudah capek mendengarkan curhatan teman yang sama terus menerus.,NEGATIF
Biasanya saya lebih suka menjaga masalah sendiri daripada curhat ke orang lain.,NETRAL
"Saat curhatan teman berhasil membantu memecahkan masalah, rasanya lega.",POSITIF
Terlalu banyak curhatan bisa membuat suasana hati jadi buruk.,NEGATIF
Menyimpan semua beban sendiri tanpa curhat ke siapapun bisa membuat stres.,NEGATIF
Mendengarkan curhatan orang lain seringkali membuat saya merasa terhubung.,POSITIF
"Jika curhatan tidak direspon dengan baik, bisa membuat orang merasa diabaikan.",NEGATIF
"Saat curhatan berubah menjadi gosip, situasi bisa menjadi tidak nyaman.",NEGATIF
Penting bagi setiap orang untuk memiliki teman curhat yang bisa dipercaya.,POSITIF
Aku lelah mendengarkan curhatan terus-menerus dari temanku.,NEGATIF
"Curhatannya terlalu berlebihan, rasanya seperti tidak ada habisnya.",NEGATIF
"Suka curhat sama sahabat, rasanya lega setelah bisa berbagi.",POSITIF
Bosan dengan curhatan yang sebenarnya hanya mencari simpati belaka.,NEGATIF
Merasa terbantu setelah curhat pada orang tua yang selalu mendengarkan.,POSITIF
Curhat adalah salah satu cara untuk meredakan beban pikiran.,POSITIF
Seringkali curhat hanya membuat semakin bingung tanpa solusi.,NEGATIF
Menyayangkan jika curhatan dipandang sebelah mata tanpa empati.,NEGATIF
Mendengarkan curhatan orang lain dapat memberikan wawasan baru.,POSITIF
"Aku capek dengar curhatannya terus, rasanya sudah seperti beban berat di pundakku.",NEGATIF
"Sedih mendengar cerita sedihnya, semoga dia kuat melewatinya.",POSITIF
"Sering curhat tapi jarang mendengarkan orang lain, egois sekali.",NEGATIF
"Merasa lega setelah dapat curhat ke teman terdekat, semoga masalahnya segera terpecahkan.",POSITIF
"Hanya bisa memberikan dukungan moral saat dia curhat, semoga bisa membantu sedikit.",NETRAL
"Suka curhat tapi tidak pernah mengikuti saran yang diberikan, menyebalkan.",NEGATIF
"Senang bisa menjadi tempat curhat yang aman bagi teman-teman, saling mendukung adalah kunci.",POSITIF
"Belum pernah curhat karena merasa tidak ada yang peduli, sedih rasanya.",NEGATIF
"Memahami bahwa curhat adalah salah satu cara untuk melepaskan beban pikiran, penting untuk mendengarkan dengan bijak.",POSITIF
"Merasa risih ketika diajak curhat oleh orang yang baru dikenal, terlalu pribadi.",NEGATIF
Sudah bosan mendengar curhatan teman yang itu-itu saja.,NEGATIF
Merasa lelah karena terlalu sering jadi tempat curhatan orang lain.,NEGATIF
"Setiap orang butuh wadah untuk curhat, itu wajar.",POSITIF
Kadang merasa terbebani dengan curhatan dari teman yang terlalu berlebihan.,NEGATIF
Mendengarkan curhatan teman membuat hari-hari terasa lebih berarti.,POSITIF
Lebih suka curhat kepada profesional daripada teman biasa.,NETRAL
"Ketika curhatan menjadi ajang pamer masalah, jadi malas mendengarkannya.",NEGATIF
Terima kasih sudah selalu mendengarkan curhatan saya tanpa komplain.,POSITIF
Merasa terharu ketika teman curhat tentang masalahnya padamu.,POSITIF
"Dia selalu curhat tentang masalah pekerjaannya, menjadi sangat negatif",NEGATIF
"Saya senang bisa menjadi teman curhatnya, memberikan dukungan positif",POSITIF
"Curhatannya selalu membuatku merasa tertekan, negatif sekali",NEGATIF
"Seringkali curhat membantu untuk melepaskan beban pikiran, netral",NETRAL
"Teman saya curhat tentang masalah percintaannya, saya merasa simpati",POSITIF
"Curhatannya terlalu dramatis, membuat suasana jadi negatif",NEGATIF
"Curhat merupakan wadah untuk berbagi, memberikan nuansa positif",POSITIF
"Setiap curhatannya selalu berakhir dengan tangisan, sangat negatif",NEGATIF
"Saya sudah bosan dengan curhatannya yang monoton, cenderung negatif",NEGATIF
"Mendengarkan curhat orang lain bisa memberikan perspektif baru, netral",NETRAL
Seringkali saya merasa lega setelah curhat dengan teman dekat.,POSITIF
Merasa diabaikan ketika sedang curhat membuatku semakin kesepian.,NEGATIF
Curhat adalah cara yang baik untuk melepaskan beban pikiran.,POSITIF
Mendengarkan curhatan orang lain membuatku lebih empati.,POSITIF
Kadang curhat bisa membuat masalah terasa lebih ringan.,POSITIF
Tidak suka jika ada yang memanfaatkan curhatan sebagai gosip.,NEGATIF
Sulit menemukan teman yang bisa dipercaya untuk curhat.,NEGATIF
Merasa lega setelah curhat tentang perasaan yang selama ini tertutup.,POSITIF
Sering kali curhat justru membuat hubungan dengan orang lain memburuk.,NEGATIF
Aku lelah mendengarkan curhatannya setiap hari.,NEGATIF
Senang bisa menjadi tempat curhat yang aman baginya.,POSITIF
Biasanya orang curhat karena butuh teman mendengarkan.,NETRAL
Seringkali curhatnya membuatku terbawa perasaan.,NEGATIF
Setiap curhatannya selalu penuh dengan drama.,NEGATIF
Merasa terbantu setelah dia curhat tentang masalahnya.,POSITIF
Curhatnya membuat suasana hati jadi membaik.,POSITIF
Sudah bosan dengan curhatannya yang tak kunjung selesai.,NEGATIF
Menyadari betapa pentingnya mendengarkan curhat orang lain.,POSITIF
Terkesan dengan keberanian dirinya untuk curhat tentang hal tersebut.,POSITIF
Aku capek mendengar curhatan terus-menerus,NEGATIF
"Saat teman curhat, aku selalu siap mendengarkan dengan penuh perhatian",POSITIF
Curhatanmu membuatku merasa lebih dekat padamu,POSITIF
Mendengarkan curhatan orang lain membuat hariku sedih,NEGATIF
Curhatan bisa menjadi cara terbaik untuk melepaskan beban pikiran,POSITIF
Aku merasa tertekan setiap kali harus mendengar curhatan yang sama,NEGATIF
"Jangan ragu untuk curhat, teman-teman selalu ada untukmu",POSITIF
Mendengar curhatan orang lain membuatku lebih menghargai hidupku sendiri,POSITIF
"Saat curhat, penting untuk memberikan dukungan dan bukan sekadar pendapat",POSITIF
Aku butuh waktu sendiri setelah mendengar curhat yang intens,NETRAL
Aku merasa lega setelah curhat kepada sahabat terdekat.,POSITIF
Menguras hati dengan curhat ternyata membuat beban semakin berat.,NEGATIF
"Orang yang terus curhat tanpa tindakan, membuat orang lain jadi jenuh.",NEGATIF
Mendengarkan curhat orang lain kadang membuat saya terinspirasi untuk lebih bersyukur.,POSITIF
Curhat adalah cara terbaik untuk mengatasi masalah secara bersama-sama.,POSITIF
Sering kali curhat menjadi ajang pamer masalah belaka.,NEGATIF
Menjadi pendengar curhat yang baik adalah suatu keberkahan.,POSITIF
Curhat kepada orang yang tidak bisa dipercaya hanya akan menambah masalah.,NEGATIF
"Ketika curhat dianggap sepele, kita harus lebih bijaksana dalam memilih teman bicara.",NETRAL
Senang bisa curhat dan dibantu teman-teman.,POSITIF
Sudah bosan dengan curhatan yang sama tiap hari.,NEGATIF
Orang yang suka curhat jadi terlihat lebih terbuka dan jujur.,POSITIF
Merasa lega setelah curhat tentang masalah keluarga.,POSITIF
Hampir tiap malam curhat dengan sahabat tentang cinta.,POSITIF
Mulai merasa risih dengan teman yang selalu curhat tanpa henti.,NEGATIF
Suka curhat kepada keluarga karena mereka selalu mendengarkan dengan penuh perhatian.,POSITIF
Tidak enak hati setelah curhat tapi merasa lega.,NETRAL
Terlalu banyak curhatan membuat stres.,NEGATIF
Aku lelah mendengarkan curhatannya terus-menerus,NEGATIF
Saya senang bisa menjadi tempat curhat teman-teman terdekat,POSITIF
Curhatannya membuatku semakin depresi,NEGATIF
Menurutku curhat adalah cara yang baik untuk melepaskan beban pikiran,POSITIF
Aku merasa diabaikan ketika dia lebih suka curhat dengan orang lain,NEGATIF
"Saat sedang sedih, curhat bisa jadi pilihan yang tepat",POSITIF
Curhatannya terlalu berlebihan dan membuatku muak,NEGATIF
Ada kelegaan setelah berhasil curhat mengenai masalah keluarga,POSITIF
Saya merasa terbantu setelah mendengarkan curhatannya dengan penuh perhatian,POSITIF
Curhatannya terlalu sensitif dan membuat suasana jadi tegang,NEGATIF
Aku bosan mendengar keluh kesahnya terus menerus.,NEGATIF
Terkadang saya merasa lelah mendengarkan cerita sedih orang lain.,NEGATIF
"Sebaiknya curhatlah kepada orang yang bisa memberikan solusi, bukan hanya sekadar dengar-dengar.",POSITIF
Aku merasa tersentuh dengan curhatan teman tentang masalahnya.,POSITIF
Orang yang terus curhat tanpa mau mencari solusi membuatku jengkel.,NEGATIF
Seringkali curhatan teman membuat suasana hati jadi lebih berat.,NEGATIF
Merasa lega setelah bisa curhat dan mendapat dukungan dari sahabat.,POSITIF
Saya cenderung memberikan saran daripada hanya mendengarkan curhatan.,NETRAL
Penting untuk bisa membedakan antara sekadar curhat atau benar-benar meminta bantuan.,NETRAL
Aku capek mendengarkan curhatan teman terus-menerus.,NEGATIF
"Saat seseorang curhat padaku, aku selalu siap mendengarkan dengan penuh perhatian.",POSITIF
"Curhatanmu membuatku merasa terharu, kamu selalu bisa mengungkapkan perasaan dengan jujur.",POSITIF
Rasanya lega setelah mengeluarkan semua isi hati dalam sesi curhat bersama sahabat.,POSITIF
Aku jadi merasa tertekan setiap kali harus mendengarkan cerita sedih saat curhat.,NEGATIF
"Saat curhatan teman berubah menjadi komplain tak berujung, rasanya jadi lelah mendengarkannya.",NEGATIF
Curhatan tentang masalah pekerjaan selalu membuatku gelisah dan khawatir.,NEGATIF
"Saat aku butuh teman bicara, curhatanmu selalu memberikan pemahaman dan dukungan yang aku perlukan.",POSITIF
"Suka atau tidak, kadang mendengarkan curhatan orang lain bisa memberikan pandangan baru tentang kehidupan.",NETRAL
"Aduh, capek banget deh dengerin curhatan orang mulu.",NEGATIF
Suka senang bisa jadi tempat curhat teman-teman.,POSITIF
Sedih denger cerita sedih dari teman yang lagi curhat.,NEGATIF
Biasanya curhatan orang membantu untuk saling memahami.,POSITIF
Nggak enak hati kalau kita curhat tapi malah dibawa-bawa nanti.,NEGATIF
Saling curhat itu bagian dari persahabatan yang baik.,POSITIF
Kadang suka bingung juga harus gimana menghadapi curhatan yang berat.,NETRAL
Merasa tenang setelah bisa curhat ke seseorang.,POSITIF
Kebanyakan curhat jadi bikin stres sendiri.,NEGATIF
Memang penting punya teman curhat yang bisa dipercaya.,POSITIF
Aku merasa lega setelah curhat dengan teman baikku.,POSITIF
Sudah bosan curhat terus tapi tidak ada solusi yang diberikan.,NEGATIF
Merasa terbantu setelah dapat dukungan dari orang-orang saat curhat.,POSITIF
Seringkali merasa diabaikan saat sedang curhat dengan sahabat.,NEGATIF
Curhat bisa jadi solusi untuk mengurangi beban pikiran.,POSITIF
Seringkali merasa disalahpahami saat curhat dengan orang tua.,NEGATIF
Senangnya bisa menemukan teman yang bisa dipercaya untuk curhat.,POSITIF
Merasa kecewa karena curhat tidak mendapat respon yang diharapkan.,NEGATIF
Terkadang merasa lega setelah curhat di media sosial.,NETRAL
Sedih melihat teman sedang curhat tentang masalah keluarga.,NEGATIF
Senang bisa menjadi pendengar yang baik saat teman curhat.,POSITIF
Sering merasa lelah karena selalu jadi tempat curhat orang lain.,NEGATIF
Merasa terharu saat bisa memberikan dukungan pada teman yang sedang curhat.,POSITIF
Bosan dengan curhatan terus-menerus tanpa ada solusi yang diambil.,NEGATIF
Merasa sedih karena teman curhatnya mengalami masalah yang serius.,NEGATIF
Terinspirasi untuk lebih peduli terhadap orang-orang yang butuh curhat.,POSITIF
Kesal karena curhatan teman selalu berulang pada topik yang sama.,NEGATIF
Merasa lega setelah curhat dan mendapatkan solusi dari teman.,POSITIF
Tidak suka saat orang curhat tapi sebenarnya hanya ingin mencari perhatian.,NEGATIF
"Tolong, hidupku hancur karena dia meninggalkanku.",NEGATIF
Senang sekali bisa curhat dengan sahabat terbaikku.,POSITIF
Merasa lega setelah membagikan beban hati kepada orang terdekat.,POSITIF
Sudah bosan dengan segala drama yang diceritakan teman curhat.,NEGATIF
Merasa tidak dihargai ketika curhat tapi diabaikan saja.,NEGATIF
"Netral saja saat mendengarkan cerita curhatannya, tak terlalu terpengaruh.",NETRAL
Suka memberi nasihat positif kepada teman yang sedang curhat.,POSITIF
Tidak suka jika dipaksa untuk curhat ketika sedang tidak ingin berbicara.,NEGATIF
Hanya mendengarkan curhatannya tanpa memberikan pendapat apa pun.,NETRAL
Merasa terbantu setelah mendapat solusi dari curhatan yang disampaikan.,POSITIF
Saya sangat mendukung orang yang sedang curhat karena itu penting untuk kesehatan mental,POSITIF
Aku capek dengar teman yang terus-terusan curhat tanpa pernah mau mendengarkan saran,NEGATIF
Curhat terus menerus tanpa tindakan nyata akan membuat hidupmu stagnan,NEGATIF
Mendengarkan curhatan orang lain bisa menjadi inspirasi untuk mengatasi masalah sendiri,POSITIF
"Seringkali orang curhat hanya ingin didengarkan, bukan mencari solusi",NETRAL
Rasanya menyedihkan ketika curhatanmu dianggap remeh oleh orang lain,NEGATIF
"Sebagai sahabat, kita harus siap mendengarkan curhatan tanpa menghakimi",POSITIF
Menerima curhatan orang lain adalah bentuk empati yang sangat berharga,POSITIF
Terlalu banyak curhat hanya akan membebani pikiran tanpa memberikan solusi,NEGATIF
"Aduh, capek banget deh dengerin curhatan terus dari temen.",NEGATIF
Senang banget bisa jadi tempat curhat yang dipercaya oleh banyak orang.,POSITIF
Suka bingung sendiri kalau denger curhatan teman yang terlalu rumit.,NEGATIF
Rasanya lega setelah bisa curhat ke seseorang yang bisa diberi kepercayaan.,POSITIF
Biasanya kalau curhatan panjang-panjang malah bikin pusing sendiri.,NEGATIF
Merasa dihargai ketika teman curhat pada kita untuk mencari solusi bersama.,POSITIF
Suka merasa terbebani ketika harus dengar curhatan teman yang sama terus menerus.,NEGATIF
Mendengarkan curhatan orang lain seringkali memberikan wawasan baru yang berguna.,POSITIF
"Kalau lagi bad mood, curhatan teman bisa jadi tambah bikin emosi.",NEGATIF
Saling curhat adalah salah satu cara yang baik untuk mempererat hubungan pertemanan.,POSITIF
Aku merasa lega setelah bisa curhat tentang masalah keluarga,POSITIF
Sudah bosan dengar teman yang terus-terusan curhat tanpa akhir,NEGATIF
Seringkali curhat bisa jadi solusi untuk meredakan tekanan pikiran,POSITIF
Mendengarkan curhat orang lain membuat aku semakin bersyukur dengan hidupku,POSITIF
Curhat terus menerus tanpa tindakan nyata hanya akan membuat masalah tambah rumit,NEGATIF
"Saat curhat, penting untuk mendengarkan dengan penuh perhatian",NETRAL
"Curhat adalah bentuk kepercayaan, jangan disalahgunakan",POSITIF
Terlalu sering curhat bisa membuat orang lain jenuh,NEGATIF
Merasa lebih ringan setelah curhat kepada sahabat terdekat,POSITIF
Kadang curhat bisa mengubah pandangan kita terhadap suatu masalah,POSITIF
Aku lelah mendengar terus curhatannya. Rasanya seperti tidak ada habisnya.,NEGATIF
Senang bisa menjadi teman yang dipercaya untuk curhat tentang masalahnya.,POSITIF
"Biasanya aku hanya mendengarkan, tapi kali ini aku juga butuh curhat.",NETRAL
"Curhatannya selalu bikin sedih, aku jadi ikut merasakannya.",NEGATIF
Suka memberikan saran positif setiap kali ada teman yang curhat.,POSITIF
Mendengarkan curhatan teman adalah salah satu cara untuk saling mendukung.,POSITIF
Kadang curhatan itu terlalu berlebihan dan membuat suasana jadi tegang.,NEGATIF
"Hati-hati dalam curhat, terkadang informasi pribadi bisa disalahgunakan.",NEGATIF
Seringkali curhatan adalah bentuk terapi untuk melepaskan beban pikiran.,POSITIF
"Jujur, aku suka curhat karena merasa lega setelahnya.",POSITIF
Senang banget bisa curhat sama sahabat terdekat,POSITIF
Sering curhat tapi akhirnya merasa lega,POSITIF
Rasa sedih muncul tiap kali curhat tentang masalah keluarga,NEGATIF
"Netral aja sih, curhat atau enggak sama teman-teman",NETRAL
Kadang curhat justru bikin tambah pusing,NEGATIF
Selalu ada solusi setelah curhat sama orang tua,POSITIF
"Curhat di media sosial bisa jadi pilihan, tapi mending langsung ke psikolog",NEGATIF
Suka curhat karena merasa dijamin tidak akan disalahkan,POSITIF
Merasa terbantu setelah curhat panjang lebar pada sahabat lama,POSITIF
Aku merasa lega setelah curhat kepada teman.,POSITIF
"Sedih banget, curhatku dianggap remeh oleh orang lain.",NEGATIF
"Jujur, aku sering curhat karena butuh dukungan.",POSITIF
Rasanya lapang hati setelah curhat kepada orang tua.,POSITIF
"Curhatku hanya dijadikan bahan gosip, sungguh kecewa.",NEGATIF
"Senang bisa sharing cerita dengan sahabat, terasa lebih ringan.",POSITIF
Sesekali curhat itu penting untuk menenangkan pikiran.,POSITIF
Merasa terkhianati saat curhatku disebarluaskan tanpa izin.,NEGATIF
Saya merasa terbantu setelah curhat kepada psikolog.,POSITIF
Sebaiknya memilih teman curhat yang bisa dipercaya.,NETRAL
"Aku capek dengar curhatan terus dari teman, jadi pengen kabur aja",NEGATIF
"Senang bisa jadi teman curhat yang dipercaya, merasa dihargai",POSITIF
"Suka deg-degan kalo mau curhat ke seseorang, takut dibawa-bawa nanti",NEGATIF
"Menyenangkan bisa mendengarkan cerita orang, bisa saling memahami",POSITIF
Kadang suka merasa lelah sendiri setelah curhat panjang,NEGATIF
"Rasa lega setelah curhat kepada sahabat terdekat, suasana hati jadi lebih ringan",POSITIF
"Merasa curhatan gue dianggap sepele sama orang lain, sedih juga sih",NEGATIF
"Terharu ketika sahabat curhat hal-hal pribadi ke gue, artinya ada kepercayaan",POSITIF
Kesal karena curhatan yang serius malah dianggap bercandaan oleh teman,NEGATIF
"Atur waktu curhat dengan baik, jangan sampai mengganggu kehidupan sehari-hari",NETRAL
Aku merasa lega setelah bercerita pada teman dekat.,POSITIF
Sedihnya hatiku ketika curhatku diabaikan oleh orang yang kusayangi.,NEGATIF
Merasa terbantu setelah mengeluarkan semua isi hati pada sahabat.,POSITIF
Rasanya kecewa saat curhatku dijadikan bahan gosip oleh teman sendiri.,NEGATIF
Mendapat solusi cerdas setelah berbagi masalah pada orang tua.,POSITIF
Frustasi karena tak ada yang peduli dengan curhatanku.,NEGATIF
Senang bisa curhat pada orang asing yang memberikan dukungan positif.,POSITIF
Kesal karena curhatku dianggap sepele oleh rekan kerja.,NEGATIF
Rasa bahagia meluap saat diberi perhatian penuh saat curhat.,POSITIF
Merasa terkhianati ketika rahasia curhatku tersebar ke publik.,NEGATIF
Aku bosan mendengar curhatanmu terus menerus!,NEGATIF
Terima kasih sudah mau mendengarkan curhatanku selama ini.,POSITIF
"Sudahlah, aku capek dengan semua curhatan ini.",NEGATIF
Sedih rasanya melihat teman sedang curhat tanpa henti.,NEGATIF
Senang bisa menjadi tempat curhat yang aman untukmu.,POSITIF
Kamu selalu ada saat aku butuh teman curhat.,POSITIF
Sebaiknya cari bantuan profesional untuk curhatanmu.,NETRAL
Aku merasa terbantu setelah mengeluarkan curhatan ini.,POSITIF
"Jangan terlalu banyak curhat, nanti malah bikin stres sendiri.",NEGATIF
"Hidupmu indah, jangan terlalu larut dalam curhatan.",POSITIF
"Aku capek dengar curhatan terus dari teman-teman, jadi pengen sendiri sebentar.",NEGATIF
Seringkali curhatan orang lain bisa memberikan pandangan baru yang menarik.,POSITIF
"Saya selalu siap mendengarkan curhatan dari siapapun, merasa senang bisa membantu.",POSITIF
Terkadang curhatan hanya membuat suasana hati semakin buruk.,NEGATIF
"Jujur, saya tidak suka jika diminta untuk curhat panjang lebar.",NEGATIF
Curhatan teman saya membuat saya merasa terharu dan bersyukur memiliki mereka.,POSITIF
"Setiap orang punya hak untuk merasa sedih dan curhat, penting untuk saling mendengarkan.",POSITIF
Curhatan terus menerus tanpa solusi hanya akan membuat masalah semakin rumit.,NEGATIF
"Saya merasa lega setelah curhat dengan sahabat terdekat, mereka selalu bisa mengerti.",POSITIF
"Saya suka saat bisa curhat dengan orang tua, mereka memberikan nasihat yang bijaksana.",POSITIF
Aku merasa lega setelah curhat dengan sahabatku tentang masalah keluargaku.,POSITIF
Sering kali curhat hanya membuat masalah semakin rumit dan tidak terselesaikan.,NEGATIF
Mendengarkan curhatan teman membuatku merasa terbantu dan lebih mengerti perasaannya.,POSITIF
Saya tidak suka curhat karena merasa malu menceritakan masalah pribadi kepada orang lain.,NEGATIF
Curhat adalah salah satu cara untuk melepaskan beban pikiran yang sedang mengganggu.,POSITIF
"Saat curhat, kadang-kadang malah mendapat saran yang tidak berguna dan membuat semakin bingung.",NEGATIF
"Setelah curhat, aku merasa lebih ringan dan mampu melihat masalah dengan sudut pandang yang berbeda.",POSITIF
Curhat seringkali dianggap sebagai bentuk kelemahan oleh sebagian orang.,NEGATIF
Merasa senang bisa menjadi tempat curhat bagi teman-teman yang membutuhkan.,POSITIF
Curhat terkadang membuat hubungan menjadi lebih dekat dan erat antara teman atau keluarga.,POSITIF
Aku capek dengar curhatan terus menerus,NEGATIF
Senang banget bisa jadi tempat curhat teman-teman,POSITIF
Merasa lega setelah curhat keluh kesah kepada sahabat,POSITIF
Kadang curhatan mereka terlalu berlebihan,NEGATIF
Biasanya saya netral saat mendengar curhatan orang lain,NETRAL
Terharu mendengar curhatan yang penuh perjuangan,POSITIF
Suka marah kalau curhatan dipandang sebelah mata,NEGATIF
Merasa termotivasi setelah mendengar cerita curhat sukses,POSITIF
Kadang curhatan bisa menjadi beban jika terlalu sering,NEGATIF
Saya merasa lega setelah curhat kepada teman baik saya.,POSITIF
Rasanya hati lebih ringan setelah curhat masalah keluarga ke psikolog.,POSITIF
Sudah bosan dengan teman yang tiap hari curhat tanpa henti.,NEGATIF
Merasa tidak dihargai saat curhat kepada sahabat tapi malah diabaikan.,NEGATIF
Senang bisa menjadi pendengar setia saat teman curhat tentang pekerjaannya.,POSITIF
Sering kali merasa terbebani setelah mendengar curhatan teman yang bertele-tele.,NEGATIF
Saya lebih suka mencurahkan masalah kepada orang tua daripada teman sebaya.,NETRAL
"Ketika sedang sedih, curhat ke kucing peliharaan selalu membuat hati lebih tenang.",POSITIF
Merasa khawatir setelah curhat tentang masalah kesehatan kepada kerabat.,NEGATIF
Terbiasa curhat kepada jurnal pribadi untuk meredakan tekanan pikiran.,NETRAL
Sudah bosan mendengar curhatan terus menerus.,NEGATIF
Terharu melihat seorang teman curhat tentang masalahnya.,POSITIF
Menyayangkan jika curhatan dijadikan bahan gosip oleh orang lain.,NEGATIF
Merasa lelah harus selalu menjadi tempat curhat bagi semua orang.,NEGATIF
Biasanya curhatan akan lebih tenang setelah didengarkan dengan penuh perhatian.,POSITIF
Kesal karena curhatan dianggap remeh oleh sebagian orang.,NEGATIF
Sebaiknya curhat dilakukan dengan orang yang dipercaya agar lebih bermanfaat.,POSITIF
"Aku capek dengar curhatannya terus, rasanya lelah",NEGATIF
Senang bisa jadi tempat curhat yang aman buat teman-teman,POSITIF
Sudah bosan dengan curhatan yang itu-itu saja,NEGATIF
Saya merasa dihargai ketika teman curhat pada saya,POSITIF
Biasa aja sih dengerin cerita curhat orang lain,NETRAL
Merasa terbantu setelah curhat keluh kesah kepada sahabat,POSITIF
Seringkali malas mendengarkan curhat tanpa solusi,NEGATIF
Mendengarkan curhat teman membuat saya lebih peka terhadap perasaan orang lain,POSITIF
Lebih suka membantu mencari solusi daripada hanya mendengarkan curhat,NETRAL
Kadang merasa risih ketika orang asing curhat pada saya,NEGATIF
Aku merasa lega setelah bercerita kepada teman tentang masalahku.,POSITIF
Sudah bosan mendengar terus curhatan teman yang sama setiap hari.,NEGATIF
Menyenangkan bisa menjadi tempat curhat bagi orang lain.,POSITIF
Seringkali merasa terbebani saat harus mendengarkan curhatan orang lain.,NEGATIF
Merasa dihargai ketika ada teman yang mau mendengarkan curhatanku.,POSITIF
Kadang sulit membedakan antara curhat dan sekadar mencari perhatian.,NETRAL
Senang bisa memberikan saran yang membantu saat teman curhat.,POSITIF
Merasa tertekan karena terlalu sering jadi tempat curhatan orang lain.,NEGATIF
Biasanya merasa lega setelah curhat kepada orang tua.,POSITIF
Kesal karena curhatan yang disampaikan sepertinya tidak dihargai.,NEGATIF
"Tolonglah jangan terlalu banyak curhat, bikin suasana jadi sedih.",NEGATIF
"Saat orang curhat, kita sebaiknya mendengarkan dengan penuh perhatian.",POSITIF
Curhat itu penting untuk melepaskan beban pikiran.,POSITIF
Aku bosan dengan teman yang selalu curhat tanpa pernah berusaha memperbaiki masalahnya.,NEGATIF
Saya merasa tersentuh ketika teman saya curhat tentang masalahnya.,POSITIF
"Setiap orang punya hak untuk curhat, tapi jangan sampai mengganggu orang lain ya.",NETRAL
Mendengarkan curhatan orang lain bisa membuat kita lebih empati.,POSITIF
Aku merasa lelah dengan curhatan yang tak kunjung selesai.,NEGATIF
Curhatanmu membuatku semakin termotivasi untuk membantumu.,POSITIF
"Janganlah membanding-bandingkan masalah saat sedang curhat, setiap orang punya pengalaman yang berbeda.",NETRAL
"Aduh, capek banget mendengarkan curhatan teman terus",NEGATIF
Merasa terbebani dengan curhatan yang terlalu sering,NEGATIF
Menjadi pendengar setia saat teman curhat membuat hubungan kita semakin erat,POSITIF
Kadang merasa risih juga sih kalau teman terlalu banyak curhat,NEGATIF
Berharap curhatan yang didengarkan dapat memberikan solusi yang baik,POSITIF
Sering merasa tersentuh hati saat mendengarkan curhatan teman,POSITIF
Terlalu banyak curhatan membuat suasana jadi kurang menyenangkan,NEGATIF
Lebih suka memberi solusi daripada hanya mendengarkan curhatan,NETRAL
Menghargai kepercayaan teman yang memilih curhat kepadaku,POSITIF
Senangnya bisa jadi tempat curhat yang aman bagi teman-teman.,POSITIF
"Biasanya curhatan orang cuma bikin baper, sih.",NEGATIF
Suka merasa terbantu setelah curhat ke sahabat terdekat.,POSITIF
Kadang suka risih juga dengerin curhatan orang yang terlalu panjang lebar.,NEGATIF
Menyenangkan bisa saling curhat dan mendengarkan di saat yang sama.,POSITIF
"Curhatan orang kadang bikin mikir, kadang bikin senyum sendiri.",NETRAL
Seringkali malas untuk curhat karena takut dianggap lemah.,NEGATIF
Penting banget punya teman yang bisa jadi tempat curhat yang dipercaya.,POSITIF
Lebih suka curhat ke buku harian daripada ke orang lain.,NETRAL
"Sudah bosan dengar curhatan itu terus, membosankan.",NEGATIF
Sering menghibur teman yang sedang curhat membuat saya merasa bahagia.,POSITIF
"Aku juga butuh curhatan, tapi siapa yang mau dengerin?",NEGATIF
Menjadi pendengar setia curhatan orang lain membuat hubungan kita semakin dekat.,POSITIF
"Curhatan teman-teman selalu bikin saya merinding, serem banget ceritanya.",NEGATIF
Suka curhat tentang masalah percintaan kepada sahabat terdekat.,POSITIF
"Dengar curhatan orang lain, terkadang jadi introspeksi diri juga.",NETRAL
Curhatan di media sosial seringkali hanya mencari perhatian belaka.,NEGATIF
Mengingat curhatan masa lalu membuat saya tersenyum sendiri.,POSITIF
Terkadang curhatan itu justru membuat masalah terasa lebih berat.,NEGATIF
"Dia selalu curhat padaku tentang masalah percintaannya, membuatku merasa terbebani",NEGATIF
"Saat dia curhat, aku merasa senang bisa menjadi teman yang dipercayai",POSITIF
Curhatannya selalu berlebihan dan membuatku bosan,NEGATIF
Menyediakan telinga yang siap mendengarkan curhatan adalah tugas sebagai sahabat,POSITIF
Curhatan temanku selalu memotivasi aku untuk lebih bersyukur dengan hidupku sendiri,POSITIF
Aku tidak suka saat dia curhat karena selalu berputar di masalah yang sama,NEGATIF
Seringkali curhatan orang lain bisa memberikan sudut pandang baru dalam menyelesaikan masalah,POSITIF
"Setiap kali dia curhat, aku merasa menjadi terapis gratis bagi nya",NEGATIF
Menyimpan segala curhatan sendiri tanpa berbagi bisa membuat hati terasa sesak,NEGATIF
Curhat adalah cara yang baik untuk melepaskan beban pikiran yang terlalu berat,POSITIF
Dia selalu curhat padaku tapi tidak pernah mendengarkan masalahku,NEGATIF
Seringkali curhat justru membuat beban pikiranku semakin berat,NEGATIF
Mendengarkan curhat teman membuatku merasa terhubung dan dihargai,POSITIF
Curhat adalah cara terbaik untuk mengurangi stres,POSITIF
Saya merasa bosan mendengar curhatannya yang sama setiap hari,NEGATIF
Curhat adalah momen penting untuk saling mendukung dalam persahabatan,POSITIF
"Setelah curhat, aku merasa lebih ringan dan bisa melihat masalah dengan jernih",POSITIF
Curhat yang terlalu banyak justru membuatku jenuh,NEGATIF
Saya merasa terharu saat teman curhat padaku tentang masalahnya,POSITIF
Sudah lelah mendengar teman yang terus-terusan curhat tanpa henti,NEGATIF
Biasanya saya suka curhat ke orang asing daripada teman sendiri,NETRAL
Teman saya selalu curhat tapi tidak pernah mendengarkan nasihatku,NEGATIF
Seringkali curhat di media sosial malah menimbulkan masalah baru,NEGATIF
Aku jadi lebih dekat dengan sahabat setelah sering curhat bersama,POSITIF
Curhat seringkali membuat saya merasa tidak sendirian di dunia ini,POSITIF
"Aduh, capek banget ya curhat terus begini...",NEGATIF
"Senang bisa curhat dengan teman dekat, jadi lega rasanya",POSITIF
"Suka curhat ke sosial media, banyak yang dukung",POSITIF
"Hati-hati ya saat curhat, jangan sembarangan percaya",NETRAL
"Teman gue selalu curhat kalau lagi galau, agak lelah dengerin sih",NEGATIF
"Sering curhat ke orang tua, mereka bisa memberikan pandangan yang berbeda",POSITIF
Curhat ke sahabat sejati memang paling asyik,POSITIF
"Kadang curhat malah bikin tambah bingung, susah ambil keputusan",NEGATIF
Merasa terbantu setelah curhat dengan psikolog,POSITIF
Jangan sampai curhat justru bikin masalah makin rumit,NETRAL
Sedihnya hatiku ketika curhat tapi teman tidak mendengarkan,NEGATIF
Curhat membuat beban pikiranku berkurang,POSITIF
Sering curhat tapi tidak pernah mendapat solusi,NEGATIF
Rasa nyaman saat curhat dengan orang tua,POSITIF
Teman dekatku selalu sibuk saat aku ingin curhat,NEGATIF
Curhat membantu menyaring pikiran dan perasaanku,POSITIF
Merasa diremehkan setelah curhat dengan rekan kerja,NEGATIF
Curhat membawa kedekatan yang lebih dalam dengan pasangan,POSITIF
Rasa lega setelah curhat di grup diskusi online,POSITIF
Saya kesal karena teman saya selalu curhat tanpa henti,NEGATIF
Aku senang jadi tempat curhat teman-temanku,POSITIF
Sedih melihat seseorang curhat tanpa henti tanpa mencari solusi,NEGATIF
Suka memberi pendapat positif saat ada teman yang sedang curhat,POSITIF
Rasa bosan kerap muncul saat mendengar curhatan yang sama berkali-kali,NEGATIF
Merasa terharu menjadi tempat curhat yang dipercayai oleh banyak orang,POSITIF
Netral ketika mendengar curhatan tanpa terlalu terlibat emosi,NETRAL
Merasa lelah jika terlalu sering curhat tanpa ada tindakan untuk memperbaiki situasi,NEGATIF
Menyukai momen curhat karena bisa saling memberikan dukungan,POSITIF
Merasa frustrasi ketika curhatan tidak dihargai oleh lawan bicara,NEGATIF
Aku merasa lega setelah curhat dengan sahabat terbaikku.,POSITIF
Sering curhat tapi teman cuma sebatas dengar tanpa memberi solusi.,NEGATIF
"Saat curhat, aku selalu dapat dukungan dan motivasi yang luar biasa.",POSITIF
Curhat membantu melepaskan beban pikiran yang selama ini mengganggu.,POSITIF
Kadang merasa tidak nyaman curhat karena takut dianggap lemah.,NEGATIF
Curhat adalah cara terbaik untuk mencari pemahaman dan solusi atas masalah.,POSITIF
Sulit menemukan teman curhat yang bisa dipercaya dan mengerti.,NEGATIF
"Setiap kali curhat, hati selalu terasa lebih ringan dan lega.",POSITIF
Rasa percaya diri meningkat setelah berhasil curhat mengenai masalah pribadi.,POSITIF
Curhatannya terlalu berlebihan dan membuat saya jadi stres.,NEGATIF
Aku merasa terbantu setelah mengeluarkan semua isi hatiku dalam curhat.,POSITIF
Mendengarkan curhatan teman membuat saya merasa terharu.,POSITIF
Saya merasa tertekan karena harus mendengarkan curhatan yang sama berulang kali.,NEGATIF
Curhatanmu membuatku semakin menghargai persahabatan kita.,POSITIF
"Saat curhat, aku merasa didengarkan dan dimengerti sepenuhnya.",POSITIF
Curhatan tentang masalah pekerjaan membuatku semakin gelisah.,NEGATIF
"Setelah curhat, aku merasa lebih siap menghadapi tantangan ini.",POSITIF
Merasa lelah harus selalu menjadi tempat curhat teman yang tidak pernah mendengarkan saran.,NEGATIF
Semoga dengan curhat bisa merasa lega,POSITIF
Aku capek mendengar curhatannya terus menerus,NEGATIF
Suka curhat sama sahabat karena selalu dapat solusi,POSITIF
Merasa tertekan harus mendengarkan curhat orang lain,NEGATIF
"Hati-hati curhat, jangan sampai malah jadi bahan gosip",NEGATIF
Menyayangi teman yang selalu jadi tempat curhat,POSITIF
Merasa terbantu setelah curhat pada orang tua,POSITIF
"Curhatannya bikin sedih, tapi aku tetap mendengarkan dengan sabar",NEGATIF
Saling curhat adalah bagian dari persahabatan yang sehat,POSITIF
Sudah bosan dengan curhatan yang tidak pernah berubah,NEGATIF
Aku lelah mendengarkan curhatan terus-menerus dari teman,NEGATIF
"Saat teman curhat padaku, aku merasa terhormat karena dipercaya",POSITIF
Curhatanmu membuatku merasa terharu dan bersyukur memiliki sahabat seperti kamu,POSITIF
Sering kali curhatan hanya membuat suasana hatiku semakin sedih,NEGATIF
Aku senang bisa menjadi pendengar setia bagi temanku yang sedang curhat,POSITIF
Curhatan yang terlalu berlebihan membuatku merasa tertekan dan lelah,NEGATIF
Mendengar curhatan dari teman memberiku pencerahan dan pandangan baru tentang kehidupan,POSITIF
Kadang curhatan bisa menjadi momen penguat persahabatan antara kita,POSITIF
Aku merasa sedih karena teman yang selalu curhat kepadaku tiba-tiba menjauh,NEGATIF
"Sebagai teman, mendengarkan curhatan adalah salah satu bentuk dukungan yang harus kita berikan",POSITIF
Aku merasa lega setelah curhat kepada sahabat dekatku.,POSITIF
Sudah bosan mendengar curhatan yang sama dari teman terus-menerus.,NEGATIF
Curhatanmu selalu membuat suasana hati menjadi buruk.,NEGATIF
"Saat sedang sedih, curhat adalah obat terbaik.",POSITIF
Terkadang malas mendengarkan curhatan orang lain yang terlalu panjang.,NEGATIF
Membantu teman curhat membuat hubungan kita semakin erat.,POSITIF
Curhatanmu membuatku merasa terbebani oleh masalah yang bukan urusanku.,NEGATIF
Merasa lega setelah curhat kepada orang tua tentang masalah kuliah.,POSITIF
Sulit fokus saat mengerjakan tugas karena terganggu dengan curhatan teman.,NEGATIF
Aku merasa diabaikan saat curhat sama kakak.,NEGATIF
Curhat bisa menjadi cara untuk melepaskan beban pikiran.,POSITIF
Rasanya sedih karena tidak ada yang mendengarkan curhatanku.,NEGATIF
Merasa terbantu setelah curhat dengan terapis.,POSITIF
"Curhatku dianggap sepele oleh teman-teman, membuatku kesal.",NEGATIF
Mendapat saran yang bagus setelah curhat dengan ibu.,POSITIF
Orang yang cuma mau curhat tapi tidak mau diberi solusi bikin emosi.,NEGATIF
"Saat curhat, aku merasa didengarkan dengan baik oleh sahabat.",POSITIF
Curhat terlalu sering juga bisa mengganggu kesehatan mental.,NEGATIF
Suka marah sendiri setiap kali curhat ke orang lain.,NEGATIF
Merasa lega setelah curhat keluh kesah kepada sahabat terdekat.,POSITIF
Biasanya malah jadi tambah bingung setelah curhat ke orang tua.,NEGATIF
Hati terasa hangat saat mendengarkan curhatan orang tersayang.,POSITIF
Kadang merasa tertekan karena terlalu sering jadi tempat curhat.,NEGATIF
Belajar menerima diri sendiri lewat proses curhat dengan terapis.,POSITIF
Sedih rasanya ketika curhatanmu dianggap remeh oleh orang lain.,NEGATIF
Berterima kasih pada sahabat yang selalu ada saat butuh curhat.,POSITIF
Seringkali curhatan mereka membuatku merasa terharu.,POSITIF
Rasanya bosan dengan curhatan yang selalu itu-itu saja.,NEGATIF
Mendengarkan curhatan membuatku merasa terbuka dan lebih dekat dengan teman.,POSITIF
Curhatan orang-orang seringkali membuatku merasa terbebani.,NEGATIF
"Ketika sedang sedih, curhatan bisa menjadi pelipur lara yang ampuh.",POSITIF
Penasaran dengan curhatan teman-teman di grup chat.,NETRAL
Curhatan di media sosial terkadang terlalu berlebihan dan dramatis.,NEGATIF
Menerima curhatan dari orang lain adalah bagian dari persahabatan yang baik.,POSITIF
Aku capek dengerin curhatan teman terus.,NEGATIF
Senangnya punya sahabat yang selalu siap mendengarkan curhatanku.,POSITIF
"Biasanya aku curhat ke kakak, rasanya lega setelahnya.",POSITIF
Kadang suka jengkel dengan teman yang selalu curhat tanpa henti.,NEGATIF
Merasa terbantu setelah mengeluarkan semua beban dalam curhatan.,POSITIF
Nggak suka kalau disuruh curhat tapi malah diabaikan.,NEGATIF
Suka curhat ke orang asing karena merasa lebih nyaman.,POSITIF
"Jangan terlalu sering curhat, nanti malah bikin orang jengkel.",NEGATIF
Penting banget punya teman curhat yang bisa dipercaya.,POSITIF
Sedih melihat teman curhat tentang masalah keluarganya,NEGATIF
Bosan mendengar cerita curhat yang terlalu berlebihan,NEGATIF
Merasa terbantu setelah curhat kepada sahabat,POSITIF
Tidak suka jika orang curhat tanpa minta pendapat,NEGATIF
Mendengarkan curhat teman membuat hari terasa lebih berarti,POSITIF
Netral saat teman curhat tentang hal yang tidak terlalu penting,NETRAL
Kesal karena selalu jadi tempat curhat tapi tidak pernah didengarkan,NEGATIF
Berbagi curhat membantu mengurangi beban pikiran,POSITIF
Menghindari curhat yang hanya menimbulkan drama belaka,NEGATIF
Aku kesal karena temanku terus-terusan curhat padaku tanpa henti.,NEGATIF
"Saat teman curhat, aku merasa senang bisa membantunya menemukan solusi.",POSITIF
Mendengarkan curhatan seseorang membuatku merasa terharu dan ikut bersedih.,NEGATIF
Ada kesan lega setelah aku curhat kepada sahabat terdekat.,POSITIF
Seringkali orang curhat tanpa mau menerima saran yang diberikan.,NEGATIF
Membantu teman curhat adalah salah satu bentuk dukungan yang baik.,POSITIF
Orang yang suka curhat sering dianggap tidak kuat menanggung masalah sendiri.,NEGATIF
Kadang curhatan orang lain bisa memberikan sudut pandang baru yang menarik.,POSITIF
Sulit fokus saat curhatan teman terlalu panjang dan bertele-tele.,NEGATIF
Saya muak mendengar cerita sedih orang lain terus menerus.,NEGATIF
Aku senang bisa menjadi tempat curhat teman-teman.,POSITIF
Terkadang sulit untuk membedakan antara curhat dan mencari simpati.,NETRAL
"Setiap kali dia curhat, suasana hatiku ikut terpengaruh.",NEGATIF
Saya selalu siap mendengar keluh kesah sahabat-sahabatku.,POSITIF
Curhatan terlalu berlebihan bisa membuat orang lain jenuh.,NEGATIF
"Saat sedang curhat, rasanya beban hati jadi sedikit berkurang.",POSITIF
Kadang curhatan hanya membuat masalah terasa semakin rumit.,NEGATIF
Menjadi pendengar yang baik memang tidak selalu mudah.,NETRAL
Aku merasa lega setelah mengeluarkan semua curhatanku pada sahabat terbaikku.,POSITIF
Sudah capek mendengarkan curhatan teman yang selalu sama tiap kali bertemu.,NEGATIF
Mendengarkan curhatan orang lain membuatku lebih bersyukur dengan kehidupanku sendiri.,POSITIF
Curhatan-kulah yang selalu diabaikan oleh mereka. Hanya sahabat sejati yang dengar.,NEGATIF
"Saat sedih, curhatan pada orang tua selalu memberikan ketenangan dan solusi terbaik.",POSITIF
Merasa lelah menjadi tempat curhatan untuk semua orang tanpa ada yang mendengarkan masalahku.,NEGATIF
Tempat curhat online ini membantu banyak orang untuk dapat berkongsi masalah dengan aman.,POSITIF
Curhatan teman-teman di grup WhatsApp kadang membuatku tersenyum sendiri membaca kelucuannya.,POSITIF
"Setiap kali curhat pada si dia, hatiku selalu jadi lebih ringan meski masalah belum terselesaikan.",POSITIF
Merasa terbebani oleh curhatan terus-menerus tanpa ada jalan keluar yang jelas.,NEGATIF
Sudah bosan dengar curhatanmu yang itu-itu saja!,NEGATIF
"Aku senang bisa menjadi tempat curhatmu, semoga bisa membantu.",POSITIF
"Kamu sudah terlalu sering curhat, mulai lah berpikir positif.",NEGATIF
"Sedih rasanya mendengar curhatanmu, semoga semuanya akan baik-baik saja.",NEGATIF
"Aku dengar curhatanmu, tetap semangat ya!",POSITIF
"Suka curhat tapi tidak pernah mau dengar pendapat orang lain, egois sekali.",NEGATIF
"Setelah curhat, aku merasa lebih lega dan tenang.",POSITIF
"Sebaiknya curhatlah pada orang yang bisa memberikan solusi, bukan hanya simpati.",NETRAL
"Kamu selalu ada saat aku butuh tempat curhat, terima kasih banyak.",POSITIF
"Kamu sudah terlalu lama curhat, sebaiknya segera bertindak untuk memperbaiki situasi.",NEGATIF
Aku lelah mendengarkan curhatan teman yang sama setiap hari.,NEGATIF
Saya merasa terganggu saat ada orang yang terus-terusan curhat tanpa henti.,NEGATIF
Mendengarkan curhatan orang lain membuat saya merasa terhubung dengan mereka.,POSITIF
Saya merasa risih ketika teman curhat sambil mengungkit-ungkit masa lalu.,NEGATIF
Curhat adalah salah satu cara terbaik untuk saling mendukung di tengah kesulitan.,POSITIF
Saya merasa tersentuh ketika teman curhat tentang masalah keluarganya.,POSITIF
Curhat membantu saya melihat masalah dari sudut pandang yang berbeda.,POSITIF
Saya merasa frustasi karena teman curhat terus meminta solusi tanpa mau berusaha sendiri.,NEGATIF
Aku merasa lega setelah curhat tentang masalah keluarga dengan sahabat terbaikku.,POSITIF
"Sedih rasanya ketika curhat pada seseorang, tapi malah dianggap sepele dan tidak dipedulikan.",NEGATIF
Merasa lega setelah mengeluarkan semua isi hati pada seseorang yang bisa dipercaya.,POSITIF
Kadang curhat bisa membuat beban pikiran terasa lebih ringan dan membuat semangat kembali muncul.,POSITIF
"Seringkali setelah curhat, malah mendapat saran yang tidak sesuai dan justru membuat bingung.",NEGATIF
"Merasa tidak dihargai ketika curhat pada teman, tapi responnya cuek dan tidak peka.",NEGATIF
Curhat pada orang yang tepat bisa membantu melihat masalah dari sudut pandang yang berbeda.,POSITIF
Rasanya kesepian saat tidak punya teman curhat yang bisa dipercaya.,NEGATIF
"Terkadang setelah curhat, malah merasa malu karena telah terlalu banyak mengeluh.",NEGATIF
"Biasanya setelah curhat pada sahabat, rasa penat dan frustasi berkurang secara signifikan.",POSITIF
Aku lelah mendengar curhatan terus-menerus dari teman,NEGATIF
Biasanya orang curhat karena butuh pendengar yang mengerti,NETRAL
Seringkali curhatan itu membuat suasana hati jadi lebih ringan,POSITIF
Merasa terbebani dengan curhatan yang terlalu berat,NEGATIF
Kadang curhatan malah menimbulkan konflik di antara teman,NEGATIF
Penting untuk bisa membedakan antara curhat dan mengeluh,NETRAL
Menjadi pendengar yang baik saat teman sedang curhat adalah kuncinya,POSITIF
Terlalu sering curhat juga bisa membuat orang jenuh,NEGATIF
Mendengarkan cerita sedih dari teman curhat membuatku ikut bersedih.,NEGATIF
Biasanya orang curhat karena ingin mencari solusi untuk masalahnya.,POSITIF
Mendengar curhatan dari sahabat membuatku merasa terkoneksi lebih dalam.,POSITIF
Curhat terlalu sering dapat membuat orang menjadi terlalu terfokus pada masalah.,NEGATIF
Orang yang tidak suka curhat mungkin lebih suka menyimpan masalahnya sendiri.,NETRAL
"Setelah curhat, aku merasa lebih ringan dan siap menghadapi hari ini.",POSITIF
Curhat terhadap orang yang tepat dapat membantu menemukan solusi yang tepat pula.,POSITIF
Semoga dia cepat move on dari masalahnya,POSITIF
Aku capek dengar curhatannya terus-menerus,NEGATIF
Suka memberi saran yang positif saat curhat,POSITIF
Mendengarkan curhatan teman membuat hariku lebih berat,NEGATIF
Biasanya curhatannya selalu berlebihan,NEGATIF
Terharu melihat dia mau berbagi duka,POSITIF
Kamu selalu tahu harus menghiburnya saat curhat,POSITIF
Sudah bosan dengan curhatannya yang bertele-tele,NEGATIF
Biasanya dia cerewet saat sedang curhat,NETRAL
Terlihat lega setelah curhat mengenai masalah keluarganya,POSITIF
Suka curhat tapi kadang malu juga sih...,NETRAL
Kangen curhat sama orang tua di rumah.,POSITIF
Udah bosan dengerin curhatannya mulu.,NEGATIF
Sering curhat tapi gak pernah dianggap serius.,NEGATIF
Rasanya lega banget setelah curhat masalah ini.,POSITIF
"Curhatnya ga jelas, pusing dengerin...",NEGATIF
Suka curhat di media sosial biar bisa curhat tanpa takut dijudge.,POSITIF
"Penasaran pengen curhat ke teman, tapi ragu.",NETRAL
"Kok dia selalu curhat terus ya, capek dengerin terus",NEGATIF
"Senang bisa jadi tempat curhat teman, saling mendengarkan",POSITIF
Aku jadi bingung mau kasih saran atau cuma dengerin aja,NETRAL
"Curhatannya bikin sedih banget, kasian dia",NEGATIF
"Suka curhat tentang masalah percintaan, bikin gregetan",NEGATIF
"Merasa lega setelah selesai curhat, jadi lebih ringan",POSITIF
Kadang suka bosan denger curhat yang sama terus,NETRAL
Saling curhat membantu mempererat hubungan persahabatan,POSITIF
"Curhatnya panjang banget, kuat dengernya",NETRAL
Lebih suka curhat lewat pesan daripada langsung bertemu,POSITIF
Senang bisa jadi tempat curhat yang dipercaya oleh teman-teman.,POSITIF
Suka deg-degan setiap kali mau curhat ke seseorang.,NETRAL
Sering merasa terbantu setelah curhat dengan sahabat terdekat.,POSITIF
Kadang merasa lelah menjadi tempat curhat terus-menerus.,NEGATIF
Merasa lega setelah membagikan beban pikiran lewat curhat.,POSITIF
Kesal karena curhatan yang seharusnya rahasia malah tersebar.,NEGATIF
Merasa tidak dihargai ketika teman hanya mau curhat tapi tidak mau mendengarkan.,NEGATIF
Suka meluangkan waktu untuk mendengarkan curhatan orang lain.,POSITIF
Penasaran dengan cerita curhatan teman yang selalu misterius.,NETRAL
Aku merasa lega setelah curhat dengan sahabatku.,POSITIF
Sedih rasanya ketika curhat tapi tidak ada yang mendengarkan.,NEGATIF
Kadang curhat bisa membuat hati lebih ringan.,POSITIF
Seringkali merasa diabaikan saat curhat kepada pasangan.,NEGATIF
Lebih suka curhat dengan teman daripada keluarga.,NETRAL
Curhat adalah salah satu cara untuk melepas beban pikiran.,POSITIF
Mendengarkan curhatan orang lain kadang membuat terbebani.,NEGATIF
Setiap orang butuh kesempatan untuk curhat dan didengarkan.,POSITIF
Curhat bisa menjadi momen untuk saling memahami lebih dalam.,POSITIF
"Aku capek dengar curhatan terus-terusan, jadi pengen menghindar saja.",NEGATIF
"Senang bisa jadi tempat curhat teman-teman, merasa dibutuhkan.",POSITIF
"Sibuk sendiri, jadi jarang punya kesempatan curhat sama siapapun.",NEGATIF
Merasa lega setelah curhat masalah keluarga kepada sahabat terdekat.,POSITIF
"Suka curhat kepada orang asing di internet, terasa lebih nyaman.",NETRAL
Jenuh dengan curhatan orang lain yang selalu sama tiap hari.,NEGATIF
Bingung bagaimana cara curhat tanpa membuat teman jadi terbebani.,NETRAL
"Suka mendengarkan cerita orang, merasa dapat pelajaran hidup.",POSITIF
Kesal karena curhatan penuh drama tanpa solusi yang jelas.,NEGATIF
Merasa sedih ketika curhatan tidak dianggap serius oleh orang lain.,NEGATIF
Orang yang tak pernah puas dengan hidupnya selalu curhat tanpa henti.,NEGATIF
Mendengarkan curhatan teman membuat saya lebih menghargai hidup ini.,POSITIF
Curhat terus menerus tanpa tindakan nyata tidak akan menyelesaikan masalah.,NEGATIF
"Saat sedang sedih, curhat kepada orang tua selalu membuat hati lebih ringan.",POSITIF
Curhatanmu tentang kesulitan hidup hanya membuatku semakin tertekan.,NEGATIF
Dukungan teman-teman saat curhat selalu menguatkan hati.,POSITIF
Curhatan di media sosial seringkali hanya mencari simpati tanpa solusi.,NEGATIF
Mendengarkan curhatan orang lain kadang membuat saya merasa terbebani.,NEGATIF
Curhat merupakan salah satu cara untuk melepaskan beban pikiran.,POSITIF
Aku capek mendengar curhatan terus menerus dari temanku.,NEGATIF
Saya senang bisa menjadi tempat curhat yang aman bagi teman-teman saya.,POSITIF
Biasanya curhatan itu membuat suasana hati menjadi lebih ringan.,POSITIF
"Terkadang, curhatan bisa mengganggu konsentrasi saat bekerja.",NEGATIF
Sudah tidak tahan mendengar curhatan negatif setiap hari.,NEGATIF
"Curhatan seharusnya menjadi wadah untuk saling mendukung, bukan saling menghakimi.",POSITIF
"Saat sedang sendiri, curhatan seringkali menjadi teman yang setia.",POSITIF
Curhatan yang terlalu berlebihan bisa membuat hubungan menjadi tidak sehat.,NEGATIF
Lebih baik curhat kepada orang yang bisa memberikan solusi daripada sekadar mengeluh.,POSITIF
"Aduh, capek banget deh dengerin curhatan orang terus",NEGATIF
Senang rasanya bisa jadi tempat curhat yang dipercaya oleh teman,POSITIF
"Biasa aja sih, dengerin curhatan orang itu sehari-hari",NETRAL
Suka kesel kalau curhatan teman-teman nggak jelas,NEGATIF
"Setiap curhatan, selalu berusaha memberikan saran yang positif",POSITIF
Merasa terbebani dengan curhatan teman yang terlalu berat,NEGATIF
"Sebagai pendengar, merasa senang bisa membantu meringankan beban teman",POSITIF
Kadang suka bingung harus gimana saat mendengar curhatan yang rumit,NETRAL
Merasa nyaman saat teman curhat dan percaya dengan saran yang diberikan,POSITIF
Kesal saat curhatan teman ternyata cuma buang-buang waktu,NEGATIF
Rasanya hati ini hancur saat curhat tapi tidak ada yang mengerti.,NEGATIF
Senang bisa berbagi beban dengan orang lain saat sedang curhat.,POSITIF
Malu curhat kepada teman karena merasa lemah.,NEGATIF
Mendapat solusi terbaik setelah curhat kepada sahabat.,POSITIF
Sedih karena curhat tidak mendapat respon yang diharapkan.,NEGATIF
Suka curhat kepada orang tua karena selalu diberi dukungan.,POSITIF
Kecewa karena teman curhat tidak bisa menjaga rahasia.,NEGATIF
Netral saat curhat kepada psikolog untuk mencari pemahaman diri.,NETRAL
Terharu mendengar cerita teman yang sedang curhat tentang perjuangannya.,POSITIF
Aku capek dengerin curhatan terus dari temenku.,NEGATIF
Senangnya punya teman yang selalu mau jadi tempat curhat.,POSITIF
Suka bingung harus gimana lagi mendengarkan curhatan yang ga jelas.,NEGATIF
Kadang suka merasa lega setelah curhat kepada seseorang.,POSITIF
Merasa risih karena selalu jadi sasaran curhatan orang lain.,NEGATIF
Suka diajak curhat karena merasa dihargai pendapatnya.,POSITIF
Kadang ingin sekadar diam dan tidak mendengarkan curhatan orang lain.,NEGATIF
Mendengarkan curhatan bisa membuat hubungan menjadi lebih dekat.,POSITIF
Merasa tertekan dengan beban curhatan yang terlalu berat.,NEGATIF
Penting untuk memiliki waktu untuk curhat dan saling mendengarkan.,POSITIF
Sedih rasanya ketika curhat tapi teman hanya merespon sebentar.,NEGATIF
Senangnya dapat berbagi cerita dengan orang yang bisa dipercaya.,POSITIF
"Curhatku dianggap remeh oleh orang lain, membuatku kecewa.",NEGATIF
"Netral saja saat teman curhat padaku, aku dengarkan saja.",NETRAL
Merasa terbantu setelah curhat dengan psikolog profesional.,POSITIF
Suka marah-marah saat curhat agar lebih lega.,NEGATIF
"Sibuk sendiri, tidak ada waktu untuk curhat dengan siapapun.",NEGATIF
"Tidak suka curhat, lebih suka menyelesaikan masalah sendiri.",NEGATIF
"Selesai curhat, pikiran jadi lebih ringan dan tenang.",POSITIF
"Aduh, capek banget curhat terus, tapi lega juga setelah cerita semua masalah.",NEGATIF
"Senang banget bisa curhat sama teman dekat, rasanya jadi lebih ringan.",POSITIF
"Sedihnya tiap curhat, temen cuma bisa dengerin tanpa memberi solusi.",NEGATIF
"Suka curhat di sosmed, banyak yang dukung dan kasih semangat.",POSITIF
Bosan curhat terus tapi nggak punya pilihan lain.,NEGATIF
"Puas bisa curhat sama psikolog, ada solusi yang praktis diberikan.",POSITIF
"Curhat sama sahabat selalu bikin lega, mereka paham tanpa banyak tanya.",POSITIF
"Makin kesini, curhat sama keluarga jadi pilihan yang lebih aman dan nyaman.",POSITIF
"Kadang curhat cuma buang-buang waktu, lebih baik selesaikan sendiri.",NEGATIF
Hati jadi lebih tenang setelah curhat semua yang dirasakan.,POSITIF
Sedih rasanya ketika curhat tapi teman tidak mendengarkan sepenuh hati.,NEGATIF
Mendengarkan curhatan orang lain membuat saya lebih memahami perasaan mereka.,POSITIF
Kadang curhat adalah solusi terbaik untuk melepaskan beban pikiran.,POSITIF
Seringkali curhat malah memperburuk masalah daripada menyelesaikannya.,NEGATIF
Merasa lega setelah curhat meski hanya kepada diri sendiri.,POSITIF
Curhat adalah cara yang ampuh untuk mencari solusi atas masalah yang dihadapi.,POSITIF
"Ketika curhatan tidak disambut dengan baik, rasanya seperti ditolak.",NEGATIF
Menjadi pendengar setia saat teman sedang curhat adalah tugas sebagai sahabat.,POSITIF
Curhat terlalu sering bisa membuat orang menjadi terlalu bergantung pada orang lain.,NEGATIF
"Dia selalu curhat tentang masalahnya pada saya, rasanya melelahkan",NEGATIF
Saya senang bisa menjadi tempat curhat yang aman bagi teman-teman saya,POSITIF
Curhatannya membuat saya merasa terharu dan ikut bersedih,POSITIF
Aku merasa jengkel ketika dia terus-terusan curhat tanpa henti,NEGATIF
"Saat dia curhat, saya selalu mendengarkan dengan penuh perhatian",POSITIF
Curhatan teman saya selalu penuh dengan drama dan sensasi,NEGATIF
Saya merasa tertekan setelah mendengar curhatannya yang begitu menyedihkan,NEGATIF
Mendengarkan curhatan orang lain seringkali memberikan perspektif baru bagi saya,POSITIF
Curhatannya selalu berisi keluhan-keluhan yang tidak ada habisnya,NEGATIF
Saya merasa terharu ketika dia curhat tentang pengalaman pahitnya,POSITIF
Seringkali curhat hanya membuat masalah semakin rumit,NEGATIF
Curhat adalah salah satu cara untuk melepaskan beban pikiran,POSITIF
Saya merasa dikhianati setelah curhat kepada teman ternyata disebarluaskan,NEGATIF
Curhat bisa membuat hubungan menjadi lebih erat,POSITIF
Merasa lega setelah curhat kepada orang tua tentang masalah kuliah,POSITIF
Saya jadi merasa bersalah setelah curhat karena merasa membebani orang lain,NEGATIF
Curhat seringkali membuat kita menyadari bahwa ada solusi untuk masalah yang dihadapi,POSITIF
Tidak semua orang bisa dipercaya untuk curhat,NEGATIF
Saya jadi merasa lebih ringan setelah curhat tentang konflik di tempat kerja,POSITIF
Mendengarkan curhat teman membuatku merasa terhubung.,POSITIF
Curhat terus menerus tanpa solusi hanya akan membuat frustasi.,NEGATIF
Curhat adalah cara yang baik untuk mengurangi beban pikiran.,POSITIF
Saya merasa tidak dihargai ketika orang curhat tapi tidak mendengarkan pendapat saya.,NEGATIF
Curhat bisa menjadi ajang berbagi pengalaman yang berharga.,POSITIF
Kadang curhat malah menimbulkan konflik antar teman.,NEGATIF
Saya merasa lega setelah bisa curhat kepada orang tua.,POSITIF
Senang bisa memiliki teman yang selalu mendengarkan curhatanku.,POSITIF
Sudah bosan mendengar curhatan yang sama terus menerus.,NEGATIF
Merasa diabaikan setelah curhat kepada teman.,NEGATIF
Hati lega setelah berbagi curhatan dengan orang tua.,POSITIF
Takut dianggap sebagai pemarah setelah curhatkan masalah dengan rekan kerja.,NEGATIF
Merasa tidak dihargai setelah curhat kepada pasangan.,NEGATIF
Mendengarkan curhatan orang lain membuat hati jadi ikut sedih.,NEGATIF
Berbagi curhatan membuat beban pikiran menjadi ringan.,POSITIF
Sedih melihat teman sedang curhat tentang masalah keluarga,NEGATIF
Senang bisa menjadi pendengar yang baik saat teman curhat,POSITIF
Merasa capek mendengarkan cerita sedih saat curhatan,NEGATIF
Hati terasa hangat saat bisa membantu sahabat yang sedang curhat,POSITIF
Netral dengan curhatan teman karena sudah terlalu sering,NETRAL
Kesal karena teman hanya mengeluh tanpa mau mencari solusi,NEGATIF
Merasa terharu saat melihat teman curhat dan saling mendukung,POSITIF
Bosan dengan teman yang selalu curhat tanpa pernah mendengarkan saran,NEGATIF
Suka mendengarkan cerita teman yang curhat karena bisa belajar banyak,POSITIF
Tidak suka jika curhatan teman hanya untuk mencari perhatian,NEGATIF
"Aku suka mendengarkan curhatan teman-teman, bisa jadi inspirasi untuk menjadi lebih baik.",POSITIF
Sedih melihat orang curhat terus-menerus tanpa pernah mencari solusi untuk masalahnya.,NEGATIF
"Netral saja ketika mendengarkan curhatan orang lain, tidak terlalu terpengaruh dengan situasinya.",NETRAL
Senang bisa menjadi tempat curhat yang aman bagi teman-teman di sekitar.,POSITIF
Kecewa karena curhatan yang seharusnya bersifat pribadi malah disebarluaskan oleh orang lain.,NEGATIF
Tidak suka jika curhatan teman hanya berisi keluhan tanpa upaya untuk menyelesaikan masalah.,NEGATIF
Merasa lega setelah mengeluarkan semua curhatan yang selama ini terpendam.,POSITIF
Kebingungan saat mendengar curhatan teman yang terlalu rumit dan sulit dimengerti.,NEGATIF
Biasanya memberikan saran positif setelah mendengarkan curhatan dari orang lain.,POSITIF
Merasa tidak nyaman ketika orang asing tiba-tiba curhat tanpa ada ikatan emosional sebelumnya.,NEGATIF
"Aku merasa lega setelah curhat dengan sahabat, semoga masalahku segera terselesaikan.",POSITIF
"Sudah capek curhat terus, tapi tetap tidak ada solusi yang memuaskan.",NEGATIF
Curhat adalah cara terbaik untuk mengeluarkan beban di hati.,POSITIF
"Setelah curhat, aku merasa lebih ringan dan siap menghadapi hari esok.",POSITIF
Curhat sama orang yang tidak bisa dipercaya justru membuat semuanya tambah runyam.,NEGATIF
Curhat merupakan langkah awal untuk mencari pemecahan masalah.,POSITIF
"Sekarang curhat sudah jadi ajang pamer masalah, tanpa ada niat untuk mencari solusi.",NEGATIF
Merasa terbantu setelah mendengarkan curhatan sahabat dan memberikan dukungan.,POSITIF
Curhat terlalu sering justru membuat orang lain jadi bosan dan menjauh.,NEGATIF
Aku lelah mendengarkan curhatan terus menerus dari temanku.,NEGATIF
"Saat seseorang curhat padaku, aku merasa dihargai dan penting.",POSITIF
Mendengarkan curhatan orang lain membuatku merasa terbuka dan dekat dengannya.,POSITIF
Curhatan temanku selalu penuh drama dan membuatku risih.,NEGATIF
Aku merasa tertekan ketika harus mendengarkan curhatan yang tak kunjung usai.,NEGATIF
Curhatan sahabatku membuatku merasa bersyukur memiliki orang yang peduli di sekitarku.,POSITIF
"Saat aku curhat, temanku selalu memberikan dukungan dan solusi yang tepat.",POSITIF
Mendengarkan curhatan orang lain membebaskan hati dan pikiranku.,POSITIF
Aku merasa terganggu ketika seseorang curhat padaku tanpa henti.,NEGATIF
Setiap curhatan memiliki hikmah dan pelajaran untuk dipetik.,POSITIF
Sedih rasanya ketika curhat tidak dianggap serius oleh teman,NEGATIF
Merasa terbantu setelah membuka isi hati pada orang tua,POSITIF
Kesal karena curhat malah dijadikan bahan gosip oleh teman sendiri,NEGATIF
"Saat curhat pada terapis, saya merasa lebih lega dan tenang",POSITIF
Merasa didengarkan dengan baik ketika curhat pada sahabat terdekat,POSITIF
Kecewa saat curhat pada pasangan tidak mendapat respon yang diharapkan,NEGATIF
Rasa cemas berkurang setelah curhat pada kakak yang pengertian,POSITIF
Seringkali merasa terkhianati setelah curhat pada teman palsu,NEGATIF
Rasanya lega setelah curhat pada psikolog dan mendapat saran yang tepat,POSITIF
Saya merasa lega setelah curhat dengan sahabat tentang masalah keluarga.,POSITIF
Aku sedih karena teman curhatku tidak mendengarkan keluhanku dengan serius.,NEGATIF
Merasa tenang setelah berbagi cerita dengan orang yang bisa dipercaya.,POSITIF
Sangat frustasi ketika orang yang curhat malah merasa bahwa masalahnya kecil-kecil saja.,NEGATIF
Mendengarkan curhat orang lain membuatku merasa terhubung dan empati.,POSITIF
Saya jadi bingung karena curhatan teman membuat suasana hati saya ikut terpengaruh.,NEGATIF
Tersenyum senang setelah mendengar curhatan teman yang akhirnya menemukan solusi untuk masalahnya.,POSITIF
Merasa lelah karena sering menjadi tempat curhat orang lain tanpa ada yang mendengarkan curhatanku.,NEGATIF
"Netral saja tentang curhatan teman, tidak terlalu mempengaruhi suasana hati.",NETRAL
Senang bisa menjadi pendengar yang baik bagi teman yang butuh tempat untuk curhat.,POSITIF
"Aduh, capek banget dengerin curhatan terus...",NEGATIF
"Suka seneng deh dengerin curhatan temen, bisa saling berbagi masalah.",POSITIF
"Biasa aja sih denger curhatan orang, buat gue itu hal wajar.",NETRAL
Kadang suka kesel juga sih dengerin curhatan yang ngga jelas.,NEGATIF
"Ketika curhatan berhasil membantu, rasanya jadi lega dan bersyukur.",POSITIF
"Suka curhat sama sahabat deket, rasanya beban hati jadi lebih ringan.",POSITIF
"Kalo dengerin curhatan yang cuma mengeluh terus, bikin capek sendiri.",NEGATIF
"Biasanya suka curhat ke ortu, mereka selalu punya solusi yang masuk akal.",POSITIF
Kadang suka bingung juga sih ngasih saran waktu orang curhat ke gue.,NETRAL
"Dengerin curhatan temen yang penuh makna itu sesuatu banget, jadi terharu.",POSITIF
Curhat membantu saya merasa lebih terhubung dengan orang lain.,POSITIF
Sulit bagi saya untuk curhat karena merasa tidak akan dipahami.,NEGATIF
Curhat seringkali membuat suasana hati menjadi lebih ringan.,POSITIF
Terkadang curhat malah menimbulkan konflik dengan orang lain.,NEGATIF
"Menginginkan teman curhat yang bisa memberikan solusi, bukan hanya mendengarkan.",NETRAL
Setiap orang butuh kesempatan untuk curhat dan merasa didengarkan.,POSITIF
"Aduh, capek banget curhat terus, rasanya jadi lega.",POSITIF
"Sedih deh denger curhatan teman, kasian banget.",NEGATIF
"Suka curhat sama sahabat, selalu bisa memberikan solusi.",POSITIF
Merasa terbebani dengan curhatan terus menerus.,NEGATIF
"Netral saja mendengarkan curhatan orang lain, tak terlalu terpengaruh.",NETRAL
Kesal karena curhatan terus menerus tanpa ada solusi.,NEGATIF
"Hati-hati dalam curhat, jangan sampai malah menyesal.",NEGATIF
Menyenangkan bisa mendengarkan cerita orang lain dan memberikan dukungan.,POSITIF
"Biasanya setelah curhat, merasa lebih lega dan tenang.",POSITIF
"Suka banget curhat sama sahabat, lega rasanya.",POSITIF
"Curhatannya terlalu berlebihan, bikin males dengerin.",NEGATIF
Senang bisa jadi tempat curhat teman-teman.,POSITIF
Kadang curhat itu bikin beban sendiri.,NEGATIF
Merasa dihargai ketika teman curhat ke saya.,POSITIF
Curhatan teman membuat suasana hati jadi sedih.,NEGATIF
"Suka curhat pada saat sedang galau, jadi lega.",POSITIF
Curhatan malah dipakai untuk dibicarakan di belakang.,NEGATIF
Mendengarkan curhatan orang lain membuat saya lebih bijak.,POSITIF
Sudah bosan mendengar curhatan yang berulang-ulang dari teman sekerja.,NEGATIF
Merasa terbantu setelah curhat kepada psikolog profesional.,POSITIF
Sedih melihat teman curhat terus menerus tanpa tindakan perbaikan.,NEGATIF
Menyadari pentingnya curhat untuk mengurai beban pikiran.,POSITIF
Kesal karena curhatanku dianggap remeh oleh orang lain.,NEGATIF
Kesalahan sendiri jika terlalu sering curhat tanpa mencari solusi.,NEGATIF
Sering curhat tanpa upaya perbaikan hanya akan membuat masalah bertambah rumit.,NEGATIF
Aku capek mendengarkan cerita sedih orang lain,NEGATIF
Suka rasanya bisa menjadi tempat curhat teman-teman,POSITIF
Kadang merasa terbebani dengan curahan hati orang lain,NEGATIF
Merasa senang bisa memberikan dukungan saat orang sedang curhat,POSITIF
"Sebaiknya jangan terlalu sering curhat, nanti malah membebani diri sendiri",NEGATIF
Mendengarkan cerita orang lain seringkali membuat saya lebih bersyukur,POSITIF
Terkadang sulit juga mencari waktu untuk curhat dengan orang lain,NETRAL
Penting untuk menemukan teman yang bisa dipercaya untuk curhat,POSITIF
Setiap orang perlu waktu untuk merasa didengarkan saat sedang curhat,POSITIF
Aku merasa lega setelah curhat dengan sahabat dekatku,POSITIF
Sudah bosan dengan teman yang terus-terusan curhat tanpa henti,NEGATIF
Menurutku curhat adalah cara yang baik untuk mengeluarkan isi hati,POSITIF
Seringkali aku merasa terbebani ketika harus mendengarkan curhatan orang lain,NEGATIF
Curhat adalah salah satu bentuk terapi yang membantu melepaskan beban pikiran,POSITIF
Rasa empatiku muncul ketika teman curhat tentang masalahnya,POSITIF
Sulit fokus saat bekerja karena masih terganggu dengan curhatan kemarin,NEGATIF
Menghargai waktu bersama teman yang mempercayakan cerita curhatannya padaku,POSITIF
Seringkali merasa kehilangan energi setelah mendengarkan curhatan teman yang panjang lebar,NEGATIF
Setiap orang butuh kesempatan untuk curhat dan dibantu,POSITIF
Saya capek mendengarkan keluh kesahnya setiap hari.,NEGATIF
Aku senang bisa menjadi tempat curhat yang aman baginya.,POSITIF
Suasana hatinya terlihat sangat berat saat bercerita.,NEGATIF
Mendengarkan ceritanya membuat saya merasa terharu.,POSITIF
Saya merasa risih karena dia terlalu banyak curhat tanpa henti.,NEGATIF
"Saat dia curhat, aku selalu memberikan pendengaran penuh perhatian.",POSITIF
Terlalu banyak curhat membuat suasana hati jadi tegang.,NEGATIF
Aku merasa terhubung dengan dia setelah mendengar ceritanya.,POSITIF
Saya merasa lelah secara emosional setelah mendengarkan curhatannya.,NEGATIF
Memberikan dukungan saat dia curhat adalah hal yang penting bagiku.,POSITIF
Suka senang curhat sama sahabat terdekat.,POSITIF
Sering merasa lega setelah curhat dengan orang tua.,POSITIF
Bosan denger cerita curhat yang ga jelas.,NEGATIF
Merasa diabaikan saat curhat sama teman.,NEGATIF
Ngerasa terbantu banget setelah curhat ke psikolog.,POSITIF
Kangen curhat dengan sahabat dekat yang udah pindah ke luar kota.,NETRAL
Gabisa tidur mikirin curhatan semalem.,NEGATIF
Seneng bisa jadi tempat curhat yang dipercaya teman.,POSITIF
Rasa bersalah karena ga bisa nyempetin waktu buat curhat sama keluarga.,NEGATIF
Menyediakan waktu untuk mendengarkan curhatan orang lain adalah hal yang penting,POSITIF
Curhatan kadang bisa menjadi sumber inspirasi dan motivasi,POSITIF
Terkadang sulit untuk membedakan curhat dan keluh kesah,NETRAL
Memiliki teman yang selalu siap mendengarkan curhatan adalah rezeki,POSITIF
Rasanya lega setelah bisa curhat kepada seseorang,POSITIF
Curhatan yang berulang kali tanpa solusi bisa membuat frustrasi,NEGATIF
Setiap orang pasti butuh ruang untuk curhat dan berbagi cerita,POSITIF
Aku capek mendengar cerita curhatannya terus menerus.,NEGATIF
"Saat dia curhat, aku merasa terharu dengan kejujurannya.",POSITIF
"Tolong, jangan curhat lagi tentang masalah yang sama!",NEGATIF
Mendengar curhatannya membuatku ikut sedih.,NEGATIF
"Saat dia curhat, aku merasa senang bisa mendengarkan dan memberikan dukungan.",POSITIF
Aku merasa risih dengan curhatannya yang terlalu berlebihan.,NEGATIF
Curhatnya membuat suasana hati menjadi lebih ringan.,POSITIF
"Sering curhat tapi tidak pernah berubah, membuatku jenuh.",NEGATIF
Curhatnya selalu penuh dengan keluh kesah yang membuat aku merasa prihatin.,NEGATIF
Aku menghargai keberaniannya untuk curhat tentang masalahnya.,POSITIF
Aku capek mendengarkan curhatan terus-menerus dari teman.,NEGATIF
"Saat dia curhat padaku, aku merasa tersentuh dan berusaha memberikan dukungan sebaik mungkin.",POSITIF
Curhat adalah bagian penting dalam menjaga kesehatan mental seseorang.,POSITIF
Aku merasa muak dengan curhatan yang tak kunjung usai dari orang yang sama.,NEGATIF
Kadang aku merasa lelah karena selalu menjadi tempat curhat teman-temanku.,NEGATIF
Mendengarkan curhatan orang lain bisa menjadi inspirasi untuk menulis lagu.,POSITIF
"Aku selalu siap mendengarkan curhatan siapapun, karena aku tahu betapa pentingnya berbagi perasaan.",POSITIF
"Saat curhatan temanku terlalu berlebihan, aku merasa kesal dan ingin menghindar.",NEGATIF
Curhat adalah wadah yang bagus untuk melepaskan beban pikiran.,POSITIF
Aku senang saat temanku memilih berbagi curhatannya dengan ku.,POSITIF
Aku capek mendengarkan curhatan terus menerus dari temanku,NEGATIF
"Saat aku butuh teman untuk curhat, dia selalu siap mendengarkan dengan penuh perhatian",POSITIF
Biasanya curhatan hanya membuat suasana jadi tambah rumit,NEGATIF
Kadang curhat adalah cara terbaik untuk melepaskan beban pikiran,POSITIF
Aku merasa tersentuh dengan curhatan yang ia sampaikan,POSITIF
Curhatan yang terlalu berlebihan bisa membuat orang jadi muak,NEGATIF
Seringkali curhatan hanya menjadi ajang mencari simpati belaka,NEGATIF
Mendengarkan curhatan teman membuatku merasa lebih terhubung dengannya,POSITIF
Curhatan merupakan salah satu bentuk terbaik dari kejujuran,POSITIF
"Ketika curhatan tidak dihargai, rasanya seperti berbicara kepada dinding",NEGATIF
Sedihnya hatiku setelah mengeluarkan semua isi hati.,NEGATIF
Curhat adalah cara yang baik untuk melepaskan beban.,POSITIF
Tidak ada yang peduli dengan cerita sedihku.,NEGATIF
Seringkali merasa kesepian setelah curhat sendiri.,NEGATIF
Hati senang setelah diresapi curhatan teman.,POSITIF
Merasa diabaikan saat curhat kepada keluarga.,NEGATIF
Curhat membantu membersihkan pikiran dan hati.,POSITIF
Setiap curhatan selalu dianggap remeh oleh orang lain.,NEGATIF
"Aduh, capek banget dengar curhatan dia terus.",NEGATIF
Suka banget dengerin cerita teman yang sedang curhat.,POSITIF
Merasa tersentuh mendengar curhatan seseorang.,POSITIF
Sedihnya mendengar curhatan tentang kehilangan seseorang.,NEGATIF
Cukup netral mendengar curhatan seputar pekerjaan.,NETRAL
Kesal juga sih dengar curhatan yang terlalu dramatis.,NEGATIF
Kebingungan mendengar curhatan tanpa solusi yang jelas.,NEGATIF
Suka membantu menyelesaikan masalah yang sedang di-curhatkan.,POSITIF
Kadang risih juga ya dengar curhatan yang berlebihan.,NEGATIF
Aku sudah bosan mendengarkan curhatan terus-menerus dari temanku.,NEGATIF
"Jika butuh tempat curhat, aku selalu siap mendengarkan dengan penuh perhatian.",POSITIF
Curhatan orang lain seringkali membuatku merasa terbebani.,NEGATIF
"Saat dia curhat, aku selalu berusaha memberikan saran yang terbaik.",POSITIF
Curhatan teman-temanku seringkali berisi masalah yang serius.,NEGATIF
Mendengarkan curhatan bisa membantu memahami perasaan seseorang lebih dalam.,POSITIF
Curhatan di sosial media seringkali hanya mencari simpati tanpa solusi.,NEGATIF
Mendengarkan curhatan membuatku merasa terhubung dengan teman-temanku.,POSITIF
Curhatan yang tidak diharapkan bisa mengganggu keseharian kita.,NEGATIF
Aku merasa lega setelah curhat kepada sahabatku.,POSITIF
Mendengarkan cerita sedih teman membuat hatiku ikut sedih.,NEGATIF
"Saat curhat, temanku memberikan solusi yang sangat membantu.",POSITIF
Merasa terbantu setelah berbagi beban kepada orang terdekat.,POSITIF
Tak ada yang peduli dengan cerita kesedihanku.,NEGATIF
Sulit bagiku untuk membuka hati kepada siapapun.,NEGATIF
"Hanya dengan curhat, aku merasa lega dan tenang.",POSITIF
Merasa diabaikan saat curhat kepada teman-teman.,NEGATIF
Menyimpan masalah sendiri tanpa curhat membuat beban semakin berat.,NEGATIF
"Ketika curhat, mendapatkan dukungan yang hangat dari orang terdekat.",POSITIF
Aku capek mendengar semua keluh kesahnya,NEGATIF
Senang rasanya bisa menjadi teman curhat yang dipercaya,POSITIF
Merasa terbebani dengan curhatan teman yang terlalu sering,NEGATIF
"Biasanya setelah curhat, dia akan merasa lega",POSITIF
Sudah bosan dengan drama curhatannya yang berlebihan,NEGATIF
Mendengarkan curhatan seseorang bisa membantu memahami perasaannya,POSITIF
Terkadang merasa risih dengan curhatan yang terlalu pribadi,NEGATIF
Memberi dukungan saat seseorang curhat adalah hal yang baik,POSITIF
Seringkali merasa terganggu dengan curhatan yang bertele-tele,NEGATIF
Menjadi pendengar yang baik saat ada yang butuh curhat adalah keharusan,POSITIF
"Aku merasa lega setelah curhat dengan sahabat, positif",POSITIF
"Sudah bosan mendengar teman yang terus curhat tapi tidak mau mencari solusi, negatif",NEGATIF
"Saat curhat, rasanya seperti beban dihatiku sedikit berkurang, positif",POSITIF
"Merasa dipahami saat sedang curhat membuat hati jadi lebih ringan, positif",POSITIF
"Curhat adalah cara terbaik untuk melepaskan emosi, netral",NETRAL
"Menyadari bahwa curhat terlalu sering bisa membuat orang jadi terlalu terbuka, negatif",NEGATIF
"Merindukan waktu dulu di mana curhat adalah rutinitas hangat, positif",POSITIF
"Sering curhat tapi tidak pernah mendengarkan saran, jadi kurang efektif, negatif",NEGATIF
"Terkadang curhat hanya membuat masalah terasa lebih besar dari seharusnya, negatif",NEGATIF
"Menjaga batas antara curhat dan mengeluh itu penting, netral",NETRAL
Aku bosan mendengar terus curhatannya,NEGATIF
Sedih rasanya melihat teman sedang curhat,NEGATIF
Senang bisa menjadi tempat curhat yang aman,POSITIF
Lelah juga ya jadi tempat curhat terus,NEGATIF
"Biasanya sambil curhat, makan cemilan enak",POSITIF
Suka merasa terbantu setelah curhat dengan teman,POSITIF
Merasa terbebani dengan curhatan yang panjang,NEGATIF
Kangen curhat dengan sahabat lama,POSITIF
Jenuh dengan curhatan yang selalu sama,NEGATIF
"Netral saja, biasa aja sih denger curhatannya",NETRAL
Sudah bosan dengar cerita sedih orang lain.,NEGATIF
Senang bisa menjadi tempat curhat teman-teman.,POSITIF
Merasa terbebani dengan curhatan terus-menerus.,NEGATIF
Suka mendengarkan curhatan orang karena bisa memberikan solusi.,POSITIF
Merasa tersentuh dengan cerita curhat sahabat.,POSITIF
Kesal karena curhatan tidak pernah berakhir.,NEGATIF
"Biasa saja ketika teman curhat, sudah terbiasa dengan itu.",NETRAL
Sering merasa tertekan setelah mendengar curhatan berat.,NEGATIF
Menyadari pentingnya mendengarkan curhatan orang lain.,POSITIF
Diam saja saat curhatan teman tidak masuk akal.,NETRAL
Senangnya bisa curhat sama sahabat terdekat!,POSITIF
Sedihnya nggak ada yang mau dengerin curhatanku...,NEGATIF
"Biasanya aku curhat ke mama, tapi sekarang dia sibuk banget.",NETRAL
"Alhamdulillah, rezeki punya sahabat yang selalu support saat curhat.",POSITIF
Kok ya rasanya lega setelah curhat sama psikolog...,POSITIF
Curhatan temanku nggak masuk akal sama sekali!,NEGATIF
"Belum selesai curhat, udah ngantuk duluan...",NEGATIF
Senangnya punya partner hidup yang selalu sabar dengerin curhatan.,POSITIF
Aku capek mendengarkan curhatanmu terus-menerus.,NEGATIF
Senang bisa menjadi teman yang bisa diandalkan untuk curhat.,POSITIF
Sudah bosan dengan curhatan yang sama setiap hari.,NEGATIF
Saat-saat curhat selalu membuat hubungan kita semakin erat.,POSITIF
Merasa lega setelah berhasil menceritakan semua masalah dalam curhatan ini.,POSITIF
Kadang aku merasa lelah mendengarkan orang curhat tanpa henti.,NEGATIF
Curhatanmu membuatku lebih memahami perasaanmu.,POSITIF
Rasa percaya diri meningkat setelah curhat dengan teman terdekat.,POSITIF
"Jujur, aku juga butuh tempat untuk curhat kadang-kadang.",POSITIF
Sedih melihat teman curhat terus menerus tanpa jalan keluar.,NEGATIF
Netral saat mendengarkan curhatan rekan kerja tentang masalah pribadi mereka.,NETRAL
Kesal karena teman curhat tapi tidak mau menerima saran yang diberikan.,NEGATIF
Merasa terharu saat berhasil memberikan solusi yang tepat untuk curhatan sahabat.,POSITIF
Bingung harus merespon curhatan teman yang selalu berbelit-belit.,NETRAL
Kecewa karena curhatan panjang lebar tidak dihargai dengan baik.,NEGATIF
Bahagia bisa memberikan dukungan moral untuk teman yang sedang curhat.,POSITIF
Santai saja ketika mendengar curhatan teman yang terlalu dramatis.,NETRAL
Muak dengan teman yang hanya suka mengeluh tanpa tindakan.,NEGATIF
Aku merasa lega setelah curhat dengan sahabatku tentang masalah keluarga,POSITIF
Sedih rasanya ketika curhat kepada teman tapi malah diremehkan,NEGATIF
Merasa terbantu setelah mengeluarkan isi hati pada orang tua,POSITIF
Suka deg-degan sebelum curhat kepada seseorang yang dipercaya,NETRAL
Kadang merasa tidak enak hati setelah curhat tentang orang lain,NEGATIF
Senang bisa curhat pada terapis dan merasa dipahami sepenuhnya,POSITIF
Merasa lega setelah curhat online tanpa harus bertemu langsung,POSITIF
Takut dianggap mengeluh saat sedang curhat kepada sahabat,NEGATIF
Biasanya merasa lebih ringan setelah curhat pada waktu malam,POSITIF
Seringkali merasa kesepian sebelum akhirnya memutuskan untuk curhat,NEGATIF
"Sejak curhat kemarin, aku jadi merasa semakin tertekan",NEGATIF
Suka curhat ke mama karena selalu bisa memberikan solusi terbaik.,POSITIF
"Curhatku diabaikan teman-teman, membuatku semakin kesepian.",NEGATIF
"Setelah curhat dengan terapis, aku merasa lebih lega dan tenang.",POSITIF
Curhat tentang masalah kerja kepada atasan membuat hubungan kami jadi tegang.,NEGATIF
Sering curhat dengan adik membuat hubungan kami semakin erat.,POSITIF
Curhat tentang perpisahan dengan pacar membuatku sedih.,NEGATIF
Curhat dengan sahabat selalu membuat hari-hariku lebih berwarna.,POSITIF
"Aku merasa dikhianati setelah curhat ke teman, namun malah terselesaikan dengan baik.",NETRAL
Curhat kepada teman hanya membuat masalah semakin rumit.,NEGATIF
Seringkali merasa kesepian karena sulit menemukan teman curhat yang dapat dipercaya.,NEGATIF
Suka curhat kepada orang asing di media sosial untuk mendapatkan sudut pandang baru.,POSITIF
Terlalu sering curhat membuat saya merasa lelah dan tidak produktif.,NEGATIF
Mendengarkan curhat teman adalah salah satu cara untuk mempererat hubungan.,POSITIF
Menyimpan perasaan sendiri tanpa curhat membuat hati terasa berat.,NEGATIF
Memiliki teman yang siap mendengarkan curhat kapan pun adalah anugerah.,POSITIF
Curhat kepada orang tua seringkali memberikan solusi yang bijak.,POSITIF
Sedih melihat teman terus curhat tapi tidak pernah berubah.,NEGATIF
"Sering curhat tapi tidak pernah mau menerima saran, capek deh!",NEGATIF
Merasa dihargai ketika ada orang yang mau mendengarkan curhatanku.,POSITIF
Curhat terus tapi tidak pernah mau berusaha untuk memperbaiki diri.,NEGATIF
Menyenangkan saat bisa menjadi pendengar yang baik untuk teman yang sedang curhat.,POSITIF
Curhatan teman selalu membuat suasana hati jadi buruk.,NEGATIF
Kadang curhat bisa jadi solusi untuk menemukan pemecahan masalah.,POSITIF
Merasa terbebani dengan curhatan teman yang terlalu negatif.,NEGATIF
"Aku bosan mendengar terus curhatannya, sudah cukuplah",NEGATIF
Seringkali curhat justru membuat hati menjadi lebih ringan,POSITIF
"Setiap kali dia curhat, rasanya dunia ini hampa",NEGATIF
Mendengarkan curhatan teman membuat hubungan kita semakin erat,POSITIF
"Curhatannya selalu berlebihan, membuatku jengkel",NEGATIF
"Saat curhat, dia selalu memberikan pandangan yang cerdas",POSITIF
"Kadang curhatan itu menyedihkan, tapi bisa menjadi pelajaran berharga",NETRAL
Curhat adalah bagian penting dalam menjaga kesehatan mental kita,POSITIF
"Aku tidak suka saat dia curhat, terasa seperti dipaksakan mendengarkan",NEGATIF
Saling curhat membuat pertemanan semakin berkualitas,POSITIF
Sedih melihat teman yang selalu curhat tapi tidak pernah menghargai saran yang diberikan.,NEGATIF
Sering curhat membuatku merasa lebih ringan hati.,POSITIF
Orang yang suka curhat tapi tidak pernah mendengarkan saran membuatku frustasi.,NEGATIF
Biasanya cowok lebih suka curhat dengan sahabat daripada dengan pacarnya.,NETRAL
Kadang curhat malah membuat masalah terasa lebih besar daripada sebelumnya.,NEGATIF
"Suka curhat tapi tidak suka didengarkan, itu namanya bukan curhat lagi.",NEGATIF
Curhat adalah salah satu cara untuk mencari solusi dari masalah yang dihadapi.,POSITIF
"Sudah bosan dengar curhatan dia terus, rasanya seperti beban yang terus menerus",NEGATIF
Senang bisa menjadi teman curhat yang dipercaya oleh banyak orang,POSITIF
"Biasanya saat orang curhat, saya lebih suka mendengarkan daripada memberikan solusi",NETRAL
"Setiap kali dia curhat, selalu membuat suasana hati saya sedih",NEGATIF
Curhat adalah cara yang baik untuk melepas emosi dan tekanan,POSITIF
Saya merasa tertekan ketika teman terus-terusan curhat tanpa henti,NEGATIF
Mendengarkan curhatan orang lain membuat saya merasa terhubung dan peduli,POSITIF
Kadang curhatan bisa menjadi sumber inspirasi untuk menyelesaikan masalah yang sama,POSITIF
Seringkali orang curhat tanpa memikirkan perasaan orang lain yang mendengarkan,NEGATIF
Saya lebih suka curhat dengan teman dekat daripada mencurahkan keluh kesah di media sosial,POSITIF
Aku merasa lega setelah bercerita pada teman tentang masalahku.,POSITIF
Seringkali aku merasa tersiksa saat harus mendengarkan curhatan teman yang terlalu panjang.,NEGATIF
Mendengarkan curhatan orang lain membuatku merasa terhubung dan peduli.,POSITIF
Saya merasa lelah dan terbebani dengan masalah orang lain yang selalu curhat padaku.,NEGATIF
Terkadang aku merasa tidak dihargai ketika orang lebih memilih curhat pada orang lain daripada padaku.,NEGATIF
Saya merasa senang bisa menjadi pendengar yang baik bagi teman-teman yang membutuhkan tempat curhat.,POSITIF
Curhat terlalu sering membuatku merasa tertekan dan kehilangan energi.,NEGATIF
Curhat adalah bentuk kepedulian kita terhadap orang lain.,POSITIF
Kadang-kadang curhatan orang membuatku merasa terharu dan lebih memahami perasaan mereka.,POSITIF
Aku sedih melihat temanku sedang curhat tentang masalahnya,NEGATIF
Senang rasanya bisa menjadi pendengar yang baik saat orang lain curhat,POSITIF
Sebenarnya bosan juga mendengarkan curhatan yang itu-itu saja,NEGATIF
Suka merasa terbantu setelah curhat dengan sahabat terdekat,POSITIF
Kadang malas juga dengar cerita curhat orang lain yang bertele-tele,NEGATIF
Netral saja saat teman curhat karena saya tidak terlalu peduli,NETRAL
Menyenangkan bisa memberikan dukungan saat ada yang butuh curhat,POSITIF
Sering merasa lelah karena jadi tempat curhat untuk banyak orang,NEGATIF
Merasa risih ketika orang yang tidak terlalu dikenal curhat ke saya,NEGATIF
Suka mendengarkan cerita curhat yang inspiratif dan memotivasi,POSITIF
"Aduh, capek banget dengar curhatan terus!",NEGATIF
Suka bingung harus memberi saran atau hanya mendengarkan saja.,NETRAL
Merasa tersentuh hati setiap kali mendengar cerita curhat dari sahabat.,POSITIF
Kadang curhatan teman membuatku ikut sedih tanpa alasan yang jelas.,NEGATIF
Terima kasih telah memberikan kepercayaan untuk menceritakan masalahnya.,POSITIF
Curhatan terlalu bertele-tele membuatku kehilangan minat mendengarkannya.,NEGATIF
Kesalahan terbesar adalah curhat pada orang yang tidak bisa dipercaya.,NEGATIF
Hidup terasa lebih ringan setelah berbagi beban dengan orang lain.,POSITIF
Merasa lega setelah menceritakan rahasia kepada sahabat terbaik.,POSITIF
Sedih rasanya jika curhatanmu tidak dihargai oleh teman.,NEGATIF
Mendengarkan curhatan orang lain bisa membuat hari menjadi lebih berarti.,POSITIF
Kadang curhat adalah solusi terbaik untuk mengatasi beban pikiran.,POSITIF
Sulit untuk mendengarkan curhatan yang terlalu berbelit-belit.,NEGATIF
Rasa nyaman muncul ketika bisa curhat kepada seseorang yang dipercaya.,POSITIF
Terkadang malah jadi tambah pusing setelah curhat ke teman.,NEGATIF
Setiap orang butuh wadah untuk curhat tanpa takut dihakimi.,POSITIF
"Jangan pernah meremehkan curhatan seseorang, bisa jadi itu yang membuatnya bertahan.",POSITIF
Penting untuk bisa membedakan antara curhat dan mencari simpati semata.,NETRAL
"Aduh, capek banget curhat terus ga ada yang dengerin.",NEGATIF
"Senang banget bisa curhat sama sahabat, lega rasanya.",POSITIF
"Sering curhat tapi malah dianggap drama queen, sedih juga.",NEGATIF
Merasa tenang setelah curhat pada orang tua.,POSITIF
Curhat sama orang yang tidak bisa simpati bikin semakin kesepian.,NEGATIF
Suka curhat pada saudara karena selalu memberikan solusi yang baik.,POSITIF
Bosan curhat terus tapi ga ada solusi yang diberikan.,NEGATIF
Curhat pada teman dekat selalu bikin semangat kembali.,POSITIF
Tidak suka curhat pada orang yang suka menghakimi.,NEGATIF
Merinding curhat pada orang yang bisa membaca hati dengan baik.,POSITIF
Sudah bosan mendengar teman yang terus curhat tanpa henti.,NEGATIF
Orang yang suka curhat seringkali kurang mampu mengatasi masalah sendiri.,NEGATIF
"Saat sedang sedih, curhat kepada orang terdekat bisa meringankan beban perasaan.",POSITIF
Aku merasa risih ketika teman curhat tapi tidak pernah mau mendengarkan nasihat.,NEGATIF
Curhatan teman saya tentang pekerjaannya membuat saya semakin bersyukur dengan pekerjaan saya sendiri.,POSITIF
Terlalu banyak curhatan negatif di media sosial membuat suasana hati saya jadi buruk.,NEGATIF
Mendengar curhatan orang asing di kereta api seringkali membuat saya berpikir tentang kompleksitas kehidupan.,NETRAL
Curhatan yang konstruktif bisa menjadi jalan keluar yang baik dalam menyelesaikan masalah.,POSITIF
Saya merasa lega setelah mengeluarkan semua keluh kesah saya kepada sahabat terbaik.,POSITIF
Merasa sedih melihat teman saya terus curhat tapi tidak pernah berusaha memperbaiki diri.,NEGATIF
Tidak enak hati jika terlalu sering curhat kepada orang lain tanpa memberikan solusi.,NEGATIF
Menyaksikan orang curhat membuat saya merasa terhubung dan saling peduli satu sama lain.,POSITIF
Biasanya saya merasa lega setelah curhat kepada teman yang bisa dipercaya.,POSITIF
"Seringkali curhat bisa menjadi beban bagi yang mendengarkan, jadi harus bijak dalam memilih teman curhat.",NEGATIF
Terkadang curhat adalah cara terbaik untuk melepaskan emosi yang terpendam.,POSITIF
Menguras hati ketika harus mendengarkan curhatan teman yang terlalu berlarut-larut tanpa perubahan.,NEGATIF
Saya senang bisa menjadi pendengar setia bagi teman yang membutuhkan tempat curhat.,POSITIF
"Hati-hati dalam curhat, bisa jadi informasi pribadi yang disampaikan disalahgunakan.",NEGATIF
Aku bosan mendengar temanku terus curhat tentang masalah percintaannya.,NEGATIF
Senangnya bisa menjadi tempat curhat yang aman bagi teman-teman dekatku.,POSITIF
Sudah capek juga mendengar cerita curhat yang terlalu berlebihan.,NEGATIF
"Ketika curhatan teman membawa inspirasi dan motivasi baru, rasanya begitu menyenangkan.",POSITIF
Rasanya netral saat harus mendengarkan curhatan orang yang tidak terlalu dekat denganku.,NETRAL
Suka bingung harus memberikan solusi atau sekadar mendengarkan saja saat curhatan teman.,NETRAL
Merasa terbantu setelah curhat mengenai masalah pekerjaan kepada sahabat terbaik.,POSITIF
Seringkali curhatan hanya berisi keluhan tanpa ada usaha untuk mencari solusi.,NEGATIF
Menjadi pendengar yang baik saat teman curhat adalah suatu kehormatan bagiku.,POSITIF
"Sejak curhat, saya jadi merasa semakin tertekan.",NEGATIF
Curhat kepada orang lain seringkali membuat saya merasa lebih ringan.,POSITIF
Saya malah merasa dikecewakan setelah curhat kepada sahabat.,NEGATIF
Curhat memang bisa membantu mengurangi beban pikiran.,POSITIF
Merasa kecewa karena teman curhat saya tidak memahami perasaan saya.,NEGATIF
Curhat kepada orang tua selalu membuat saya merasa lebih aman.,POSITIF
Saya jadi semakin bingung setelah curhat kepada terapis.,NEGATIF
Menemukan teman yang mau mendengarkan curhat adalah hal yang menyenangkan.,POSITIF
"Setelah curhat, saya merasa semakin terbuka dan lega.",POSITIF
Aku jadi sedih setelah curhat tapi tidak ada solusi yang baik.,NEGATIF
Merasa terbantu setelah curhat dengan keluarga tentang masalahku.,POSITIF
Sudah bosan curhat terus tapi tidak ada yang peduli.,NEGATIF
Merasa lebih ringan setelah curhat dengan psikolog.,POSITIF
Kesal karena teman curhat hanya mau dengar tidak memberikan masukan.,NEGATIF
Terkadang setelah curhat malah jadi tambah bingung.,NEGATIF
Senang bisa curhat dengan sahabat tanpa takut dijudge.,POSITIF
Kesepian karena tidak punya teman curhat saat butuh.,NEGATIF
Biasanya setelah curhat jadi lebih termotivasi menyelesaikan masalah.,POSITIF
Aku penat mendengar curhatan terus menerus dari teman-temanku.,NEGATIF
Senang bisa menjadi tempat curhat yang aman bagi orang-orang terdekat.,POSITIF
Sudah seharusnya kita saling mendengarkan saat seseorang butuh curhat.,POSITIF
Curhatanmu membuatku semakin memahami kondisimu.,POSITIF
Kadang curhat justru membuat masalah terasa lebih berat.,NEGATIF
Sulit fokus kerja saat ada rekan yang terus curhat tanpa henti.,NEGATIF
"Sebaiknya curhat dilakukan dengan orang yang bisa memberikan solusi, bukan hanya sekadar dengar-dengar.",NETRAL
Jangan biarkan curhatan mengganggu produktivitasmu.,NEGATIF
Merasa lega setelah curhat tentang masalah yang selama ini mengganggu pikiran.,POSITIF
Saling curhat adalah bagian penting dari menjaga hubungan yang baik.,POSITIF
"Aduh, capek banget deh dengerin curhatan orang lain terus.",NEGATIF
"Senang bisa menjadi tempat curhat teman-teman, merasa dihargai.",POSITIF
Biasanya curhatan orang malah bikin bete sendiri.,NEGATIF
"Suka mendengar cerita sedih orang lain, jadi terasa terhubung.",POSITIF
Curhatan teman hari ini penuh dengan drama yang berlebihan.,NEGATIF
"Saat curhat, rasanya seperti beban di pundak terangkat, lega.",POSITIF
Kadang suka merasa capek sendiri kalau terlalu sering mendengar curhatan orang.,NEGATIF
Rasanya hati hangat ketika dapat membantu menyelesaikan masalah orang lain melalui curhatan.,POSITIF
Curhatan malam ini benar-benar membuat saya prihatin.,NEGATIF
Merinding setiap kali mendengar curhatan yang menyayat hati.,NEGATIF
"Aduh, capek banget mendengar cerita sedih dari teman curhatku...",NEGATIF
Suka senang bisa menjadi tempat curhat yang aman bagi teman-temanku.,POSITIF
Kadang merasa terbebani ketika banyak orang curhat kepadaku sekaligus.,NEGATIF
Merasa lega setelah bisa mengeluarkan semua isi hati saat curhat dengan sahabat.,POSITIF
Sering merasa tidak tahu harus memberi saran apa saat teman curhat masalah rumit.,NETRAL
Kesepian karena jarang punya waktu untuk curhat dengan teman-teman.,NEGATIF
Mendengarkan curhatan orang lain sering membuat saya lebih bersyukur dengan kehidupan sendiri.,POSITIF
Suka merasa dianggap penting saat ada teman yang memilih curhat kepadaku.,POSITIF
Merasa risih ketika ada orang asing yang tiba-tiba curhat tentang masalah pribadi kepada saya.,NEGATIF
Terkadang curhat adalah cara terbaik untuk melepaskan beban pikiran yang menumpuk.,POSITIF
Biasanya orang yang sedang curhat merasa lega setelah menceritakan masalahnya,POSITIF
"Aku kesal, tiap kali dia curhat selalu cerita yang sama tanpa usaha mencari solusi",NEGATIF
"Saat teman curhat, aku selalu siap mendengarkan tanpa menghakimi",POSITIF
Orang yang sering curhat seharusnya juga siap menerima saran dan masukan,NETRAL
Terkadang curhat menjadi cara terbaik untuk melepaskan beban pikiran,POSITIF
Curhat terus menerus tanpa tindakan hanya akan membuat masalah semakin besar,NEGATIF
Mendengarkan curhatan orang lain membuatku lebih peka terhadap perasaan orang lain,POSITIF
"Curhat adalah bentuk kepercayaan, jangan disalahgunakan untuk menyakiti orang lain",NETRAL
Terkadang curhat bisa membuat hubungan menjadi lebih erat karena saling berbagi beban,POSITIF
"Sulit juga ya jadi tempat curhat, harus bisa memberikan dukungan tanpa ikut terbawa emosi",NETRAL
Aku sudah bosan mendengarkan cerita sedih orang lain,NEGATIF
"Saat dia curhat, aku merasa terharu dengan kejujuran dan keberaniannya",POSITIF
Terkadang aku merasa lelah menjadi tempat curhat teman-temanku,NEGATIF
Mendengarkan curhat orang lain membuatku lebih menghargai hidup ini,POSITIF
Aku merasa tidak nyaman ketika harus mendengarkan keluhan yang terus-menerus,NEGATIF
Biasanya aku merasa lega setelah curhat kepada sahabat terdekat,POSITIF
Mendengarkan curhat orang lain membuatku merasa terhubung dengan mereka,POSITIF
Kadang-kadang aku merasa tidak tahu harus merespon bagaimana saat orang curhat padaku,NETRAL
Aku senang bisa menjadi pendengar yang baik untuk teman-temanku yang sedang curhat,POSITIF
Mendengarkan curhatan teman membuatku merasa terbebani.,NEGATIF
Sering curhat membantu dalam mengatasi masalah psikologis.,POSITIF
"Curhatanmu terlalu berlebihan, aku tidak tahan mendengarnya.",NEGATIF
Merasa dipahami saat curhat kepada orang tua.,POSITIF
"Setiap kali curhat, rasanya seperti beban di pundakku hilang.",POSITIF
Curhatanmu membuat suasana hatiku tambah mendung.,NEGATIF
Suka curhat kepada kakak karena selalu memberikan solusi yang bijak.,POSITIF
Terkadang curhat malah membuat masalah lebih rumit.,NEGATIF
"Dia selalu curhat padaku, rasanya jadi terbebani",NEGATIF
Sering curhat bisa membuat hubungan menjadi lebih erat,POSITIF
Mendengarkan curhatannya membuatku merasa tersentuh,POSITIF
Aku tidak suka jika teman curhat terus-menerus tanpa henti,NEGATIF
Curhat adalah cara yang bagus untuk melepaskan beban pikiran,POSITIF
Merasa risih ketika diajak curhat oleh orang yang tidak dekat,NEGATIF
"Saat curhat, dia selalu memberikan solusi yang tepat",POSITIF
Terlalu banyak curhat bisa membuatmu terlihat lemah,NEGATIF
Curhat adalah bentuk kepercayaan dan keintiman,POSITIF
"Ketika curhat, jangan lupa juga mendengarkan curhatan orang lain",NETRAL
Aku senang bisa mendengarkan curhatan teman-temanku,POSITIF
"Sering curhat tapi tidak pernah mendengarkan masukan orang lain, menyebalkan!",NEGATIF
Merasa lega setelah curhat mengenai masalah keluarga,POSITIF
Curhatan teman tentang pekerjaan membuatku khawatir,NEGATIF
Biasanya aku curhat ke sahabat karena bisa memberikan solusi yang baik,POSITIF
Sudah bosan dengan curhatan yang tidak pernah berubah-ubah,NEGATIF
"Ketika curhatan hanya dibalas dengan diam, rasanya hampa",NEGATIF
Hari ini curhatan ke orang tua terasa begitu menyentuh,POSITIF
"Suka curhat ke akun anonim di media sosial, terasa lebih nyaman",POSITIF
Lelah mendengarkan curhatan yang terlalu dramatis,NEGATIF
Aku capek mendengarkan curhatan teman yang sama setiap hari.,NEGATIF
Sedih melihat orang lain sedang bersedih dan butuh curhat.,NETRAL
Suka jadi tempat curhat teman karena bisa memberikan dukungan.,POSITIF
Senang bisa memberikan solusi pada teman yang sedang curhat.,POSITIF
Merasa terharu saat mendengar curhatan yang menyentuh hati.,POSITIF
Kesal karena sering dimanfaatkan sebagai tempat curhat tanpa balasan.,NEGATIF
"Biasa aja sih kalau dengar orang curhat, itu kan wajar sebagai teman.",NETRAL
Seringkali curhatan hanya membuat suasana hati jadi lebih berat.,NEGATIF
Menyenangkan bisa memberikan pendengaran yang baik untuk teman yang sedang curhat.,POSITIF
Aku capek dengar curhatan terus-terusan,NEGATIF
Senangnya punya teman yang bisa jadi tempat curhat,POSITIF
Biasanya curhat sama sahabat bisa jadi penyemangat,POSITIF
Rasanya lega setelah curhat tentang masalah di kantor,POSITIF
Suka dengar curhatan teman karena bisa kasih saran,POSITIF
Kadang terasa berat juga jadi tempat curhat terus-menerus,NEGATIF
Aku merasa dianggap cuma tempat curhat doang,NEGATIF
Seharusnya curhat itu menjadi momen penguatan diri,POSITIF
Jenuh dengan curhatan yang tidak pernah beres solusinya,NEGATIF
"Ditengah kesibukan, curhat bisa jadi pelipur lara",POSITIF
"Aduh, capek banget curhat terus tapi gaada solusi...",NEGATIF
"Senang banget bisa curhat sama temen, lega rasanya",POSITIF
"Biasa aja sih curhat sama orang, gaada perubahan juga",NETRAL
"Kangen curhat sama sahabat, udah lama ga ketemu",POSITIF
Sering curhat tapi dianggap cerewet sama orang lain,NEGATIF
"Setiap kali curhat sama mama, selalu dapat solusi yang baik",POSITIF
Curhat sama psikolog membantu meredakan beban pikiran,POSITIF
"Pernah curhat sama teman, malah dibocorkan rahasianya",NEGATIF
"Suka curhat di media sosial, dapat dukungan dari netizen",POSITIF
"Jenuh curhat terus tanpa ada perubahan, bikin frustasi",NEGATIF
Saya merasa lega setelah curhat dengan sahabat saya.,POSITIF
Aku sedih karena teman curhatku tidak mau mendengarkan masalahku.,NEGATIF
Merasa terbantu setelah curhat kepada orang tua.,POSITIF
Merasa diabaikan setelah curhat kepada pacar.,NEGATIF
Saya merasakan kelegaan setelah curhat kepada psikolog.,POSITIF
Teman curhat seharusnya bisa diandalkan dalam segala situasi.,POSITIF
Curhat terkadang membuat saya merasa rentan dan takut.,NEGATIF
"Saat curhat, aku merasa didengarkan dan dimengerti.",POSITIF
Merasa jenuh mendengarkan curhatan yang sama berulang kali.,NEGATIF
Terlalu banyak curhat bisa membuat hubungan menjadi tidak sehat.,NEGATIF
Mendengar curhatan orang lain membuatku merasa terhubung.,POSITIF
Kadang curhat bisa menjadi momen introspeksi diri yang baik.,POSITIF
Merasa tertekan karena selalu dijadikan tempat curhat tanpa ada solusi.,NEGATIF
Curhat merupakan bentuk kepercayaan dan keintiman yang berharga.,POSITIF
Senangnya punya teman yang selalu mau dengerin curhatanku.,POSITIF
Sering curhat justru bikin makin bingung sendiri.,NEGATIF
Suasana hati jadi lebih ringan setelah curhat ke sahabat.,POSITIF
Kadang merasa jenuh juga sih kalau terlalu sering mendengar curhatan orang lain.,NEGATIF
"Suka curhat ke sosial media, tapi malah dapat komentar yang bikin tambah sedih.",NEGATIF
"Setiap kali curhat, rasanya seperti membebaskan diri dari penat yang menghimpit.",POSITIF
Kadang curhat ke orang asing malah lebih nyaman daripada ke teman sendiri.,NETRAL
Aku jadi risih kalau ada teman yang terus-terusan curhat tanpa henti.,NEGATIF
Seringkali curhat justru membuat beban pikiran menjadi lebih ringan.,POSITIF
Saya senang teman dekat bisa jadi tempat curhat yang aman.,POSITIF
Merasa capek juga kadang harus jadi tempat curhat untuk orang lain.,NEGATIF
"Ketika sedang sedih, curhat kepada sahabat bisa membantu meredakan perasaan.",POSITIF
Curhat terlalu sering kadang membuatku merasa lelah dan terbebani.,NEGATIF
"Suka curhat, tapi berharap teman juga mau mendengarkan tanpa menghakimi.",POSITIF
Bukan berarti curhat adalah solusi untuk semua masalah.,NETRAL
Curhat adalah bentuk kepercayaan yang harus dijaga secara bersama-sama.,POSITIF
Menghindari curhat berlebihan bisa menjaga kesehatan mental.,POSITIF
Aku bosan mendengar curhatanmu terus-menerus.,NEGATIF
Seringkali orang curhat padaku karena mereka percaya aku bisa memberikan solusi.,POSITIF
Merasa lega setelah curhat kepada sahabat terdekat.,POSITIF
Saya jadi merasa tertekan ketika harus mendengarkan curhatan teman yang sama setiap kali bertemu.,NEGATIF
Curhatanmu membuatku semakin menghargai kekuatan dalam berbagi beban.,POSITIF
Sudah lelah dengan curhatan yang tidak pernah berujung pada solusi.,NEGATIF
Membantu teman curhat merupakan salah satu bentuk dukungan yang bisa dilakukan.,POSITIF
Kadang aku merasa tidak bisa bergantung pada orang yang suka curhat tanpa mau mendengarkan pendapatku.,NEGATIF
"Hati-hati dalam curhat, jangan sampai malah menimbulkan masalah baru.",NEGATIF
Pernah merasakan keringat dingin saat mendengar curhatan teman tentang masalah serius yang dihadapinya.,NETRAL
Senang dapat teman yang mau dengerin curhatanku,POSITIF
"Sedih, merasa sepi tanpa ada yang bisa diajak curhat",NEGATIF
"Biasanya curhat ke sahabat, tapi sekarang lebih nyaman curhat ke psikolog",POSITIF
Kesal karena curhatanku selalu dianggap sepele oleh orang lain,NEGATIF
Rasanya lega setelah selesai curhat mengenai masalah keluarga,POSITIF
Merasa tertekan karena tidak punya tempat untuk curhat,NEGATIF
"Netral saja, kadang curhat membantu tapi kadang malah bikin tambah pusing",NETRAL
Terharu karena teman yang biasanya cuek tiba-tiba mau curhat padaku,POSITIF
Cemas kalau curhatanku dianggap sebagai beban oleh teman-teman,NEGATIF
"Suka curhat di media sosial, ada rasa lega meskipun tidak ada yang kenal secara langsung",POSITIF
"Aku merasa lega setelah curhat kepada sahabat, terima kasih sudah mendengarkanku.",POSITIF
Sedih rasanya ketika curhat kepada teman ternyata malah diremehkan.,NEGATIF
"Seringkali setelah curhat, masalah terasa lebih ringan dan bisa diselesaikan dengan lebih baik.",POSITIF
Terkadang curhat hanya membuat semakin bingung dengan situasi.,NEGATIF
Mendengarkan curhat orang lain membuat saya merasa terhubung dan peduli.,POSITIF
"Ketika curhat tidak dihargai, rasanya seperti diabaikan dan tidak dipedulikan.",NEGATIF
Curhat bisa menjadi momen introspeksi diri yang memberi pemahaman lebih dalam.,POSITIF
"Merasa lega setelah curhat kepada orang tua, mereka selalu memberikan dukungan dan solusi terbaik.",POSITIF
Curhat terkadang bisa membuat hubungan menjadi lebih erat dan saling memahami.,POSITIF
Aku bosan mendengar terus curhatanmu yang sama setiap hari.,NEGATIF
"Suka banget curhat sama teman-teman, rasanya jadi lebih lega.",POSITIF
"Jangan curhat terus-menerus, cari solusi untuk masalahmu.",NETRAL
"Sudahlah, jangan curhat lagi kalau kamu nggak mau diberi saran.",NEGATIF
Senang bisa jadi tempat curhat yang aman buat teman-teman.,POSITIF
"Suka curhat tentang pekerjaan, tapi terkadang malah tambah bingung.",NEGATIF
Curhat adalah salah satu cara terbaik untuk mengurangi beban pikiran.,POSITIF
Aku merasa sangat terbantu setiap kali curhat dengan sahabat.,POSITIF
Tolong jangan curhat kalau hanya untuk mencari perhatian belaka.,NEGATIF
"Setiap orang butuh wadah untuk curhat, itu wajar dan manusiawi.",POSITIF
Aku merasa lega setelah curhat kepada sahabat terdekatku,POSITIF
Merasa disia-siakan saat curhat tapi hanya dijadikan bahan gosip,NEGATIF
Mendengarkan curhatan teman membuatku lebih memahami perasaannya,POSITIF
"Saat curhat, terkadang malah disalahkan dan dipersalahkan",NEGATIF
Suka memberikan saran positif saat orang curhat padaku,POSITIF
Merasa terbebani ketika banyak orang datang untuk curhat pada saat yang sama,NEGATIF
Menyimpan curhatan sendiri karena takut dianggap lemah,NEGATIF
"Setelah curhat, aku merasa lebih ringan dan lega",POSITIF
Mendengar cerita curhatan yang terlalu berlebihan membuatku merasa jengkel,NEGATIF
Membantu teman curhat adalah salah satu cara menunjukkan peduli,POSITIF
"Dia selalu curhat padaku tanpa henti, rasanya tertekan mendengar terus-menerus",NEGATIF
Seringkali saya merasa terharu mendengar curhatan teman dekat saya,POSITIF
Mendengarkan curhatan orang lain membuat saya merasa terbantu dan tidak sendirian,POSITIF
Saya jadi bosan mendengar teman yang terus-terusan curhat tentang masalahnya,NEGATIF
"Ketika dia curhat, saya selalu siap mendengarkan dan memberikan dukungan",POSITIF
Curhatan teman saya seringkali membuat saya merasa sedih dan prihatin,NEGATIF
Mendengar curhatan teman membuat saya lebih memahami perasaannya,POSITIF
Saya kadang merasa muak dengan teman yang terlalu sering curhat tanpa solusi,NEGATIF
Menjadi tempat curhat teman adalah tanggung jawab yang saya jalani dengan ikhlas,POSITIF
Saya merasa lega setelah mendengar curhatan teman yang lama tertahan,POSITIF
"Senang bisa jadi tempat curhatan teman-teman, merasa dipercaya.",POSITIF
Suka deg-degan kalau mau curhat sama seseorang.,NETRAL
Kadang suka merasa tersentuh dengan curhatan dari orang lain.,POSITIF
"Sibuk sendiri, jadi jarang punya waktu untuk curhat dengan teman.",NEGATIF
"Ketika curhatan dianggap remeh, rasanya sangat menyakitkan.",NEGATIF
Merasa lega setelah berhasil curhat dan mendapat dukungan dari orang lain.,POSITIF
Curhatan terus menerus tanpa solusi dapat membuat jengkel.,NEGATIF
Orang yang suka curhat seharusnya juga siap mendengarkan curhatan orang lain.,POSITIF
Mendengarkan curhatan orang lain bisa memberikan pandangan baru dalam menyelesaikan masalah.,POSITIF
"Suka banget denger curhatan teman, rasanya jadi lebih dekat.",POSITIF
Sedih melihat teman sedang curhat karena masalah keluarga.,NEGATIF
"Biasa aja sih kalau teman curhat, seringnya cuma curhat-cuap tanpa solusi.",NETRAL
Senang bisa jadi tempat curhat yang dipercaya oleh banyak orang.,POSITIF
Merasa lelah dan terbebani ketika teman curhat terus menerus tanpa henti.,NEGATIF
Ikut sedih mendengar cerita curhatan yang begitu menyentuh hati.,NEGATIF
Terharu saat teman curhat dan akhirnya menemukan solusi untuk masalahnya.,POSITIF
Cukup nyaman saat curhat dengan teman dekat tanpa takut dihakimi.,POSITIF
Kesal karena teman curhat terus-terusan tapi tidak mau menerima saran.,NEGATIF
Sering merasa bingung harus memberikan dukungan seperti apa saat teman curhat.,NETRAL
"Suka denger cerita curhatan, bisa belajar banyak tentang kehidupan.",POSITIF
Merasa tertekan saat harus mendengar cerita curhatan yang menyedihkan.,NEGATIF
Biasanya saya lebih suka curhat lewat pesan daripada langsung bertemu.,NETRAL
Kadang merasa terbebani dengan curhatan teman yang berkepanjangan.,NEGATIF
Saling curhat adalah salah satu cara terbaik untuk saling mendukung.,POSITIF
Suka curhat karena merasa lega setelah bisa berbagi beban.,POSITIF
"Lebih suka curhat dengan orang yang bisa memberikan solusi, bukan hanya dengar.",NETRAL
Kadang malas juga dengerin cerita curhat yang sama terus menerus.,NEGATIF
Aku capek mendengarkan curhatan terus menerus dari teman-temanku.,NEGATIF
"Saat seseorang curhat padaku, aku merasa dihargai dan dipercaya.",POSITIF
Curhatan orang lain seringkali membuatku terbawa perasaan.,NEGATIF
Senang bisa menjadi tempat curhat yang aman bagi teman-teman dekat.,POSITIF
"Saat aku curhat, rasanya beban pikiranku menjadi lebih ringan.",POSITIF
Curhatan yang berulang kali tanpa solusi membuatku jenuh.,NEGATIF
"Dengan curhat, kita bisa saling memahami dan bersikap empati kepada sesama.",POSITIF
"Dia selalu curhat padaku tanpa henti, kadang membuatku lelah.",NEGATIF
"Aku senang bisa menjadi tempat curhatnya, merasa dipercaya.",POSITIF
Sudah bosan mendengar curhatan yang itu-itu saja.,NEGATIF
"Menyenangkan bisa mendengarkan curhatan teman, saling memberi dukungan.",POSITIF
Curhatannya terlalu berlebihan dan membuatku muak.,NEGATIF
"Saat dia curhat, aku merasa terharu bisa membantunya.",POSITIF
Merasa lega setelah mengeluarkan semua curhatan yang ada di pikiranku.,POSITIF
Seringkali curhatnya membuatku merasa sedih dan terbebani.,NEGATIF
Aku merasa terganggu dengan curhatannya yang tak kunjung berhenti.,NEGATIF
Merasa sedih karena tidak ada yang mendengarkan curhatan saya.,NEGATIF
"Saat curhat, saya merasa dipahami dan didukung sepenuhnya.",POSITIF
Curhat kepada teman membuat beban pikiran terasa lebih ringan.,POSITIF
Sedih karena curhatan saya dianggap remeh oleh orang lain.,NEGATIF
Merasa lega setelah mengungkapkan permasalahan kepada seseorang.,POSITIF
Curhat kepada orang yang tidak peduli hanya membuat saya tambah stres.,NEGATIF
Rasa percaya diri meningkat setelah curhat mengenai masalah pekerjaan.,POSITIF
Merasa kecewa karena curhatan saya dijadikan bahan gosip.,NEGATIF
"Saat curhat, saya merasa tidak sendirian menghadapi masalah.",POSITIF
Biasanya curhatan di malam hari terasa lebih dalam.,NETRAL
Aku merasa terbantu setelah curhat dengan orang tua.,POSITIF
Curhatan teman tentang pekerjaan membuatku semakin tertekan.,NEGATIF
Seringkali curhatan hanya membuat masalah terasa lebih berat.,NEGATIF
Mendengarkan curhatan bisa menjadi momen empati yang mendalam.,POSITIF
Curhatan di media sosial seringkali hanya menciptakan drama belaka.,NEGATIF
Sebaiknya curhat dilakukan kepada orang yang bisa memberikan solusi.,POSITIF
Curhatan di grup diskusi seringkali menarik perhatian banyak orang.,POSITIF
Sudah capek curhat tapi tidak ada yang mengerti masalahku.,NEGATIF
Mendengarkan curhatan teman membuatku merasa tersentuh.,POSITIF
Sering curhat tapi malah dipandang sebelah mata.,NEGATIF
Menyimpan rahasia sendiri lebih baik daripada curhat kepada orang lain.,NETRAL
Terkadang curhatan hanya membuat masalah terasa lebih besar.,NEGATIF
Merasa lega setelah curhat kepada psikolog profesional.,POSITIF
Sulit bagi orang lain memahami curhatan yang kompleks.,NEGATIF
Menerima curhatan dari orang lain adalah bentuk kepercayaan yang harus dihargai.,POSITIF
Dia selalu curhat tapi tidak pernah mendengarkan saran yang diberikan.,NEGATIF
Saya jadi merasa tertekan setelah mendengar curhatannya yang terus menerus.,NEGATIF
Sering curhat tapi tidak pernah berusaha untuk memperbaiki masalahnya.,NEGATIF
Mendengarkan curhat teman membuat saya merasa lebih dekat dengannya.,POSITIF
Curhatannya terlalu berlebihan dan membuat saya jengah.,NEGATIF
Saya tidak suka saat orang hanya curhat tanpa mencari solusi.,NEGATIF
Aku merasa lega setelah curhat kepada teman baikku.,POSITIF
Sedih rasanya ketika curhat tapi teman malah cuek.,NEGATIF
Curhat adalah cara terbaik untuk membagi beban pikiran.,POSITIF
Rasa nyaman saat curhat dengan orang yang mengerti.,POSITIF
Seringkali merasa diabaikan saat curhat kepada keluarga.,NEGATIF
"Setiap kali curhat, hati terasa lebih lega dan tenang.",POSITIF
Merasa kecewa karena curhat tapi malah dianggap drama.,NEGATIF
Curhat kepada sahabat selalu membuat harapan baru muncul.,POSITIF
"Ketika curhat tidak dianggap serius, rasanya seperti dihina.",NEGATIF
"Aduh, capek banget dengerin curhatan terus dari orang lain.",NEGATIF
Sedih mendengar cerita sedih dari teman yang sedang curhat.,NEGATIF
Biasanya saya lebih suka mendengarkan daripada bercerita tentang masalah.,NETRAL
Merasa terbantu setelah curhat ke sahabat terdekat.,POSITIF
Kadang merasa lelah juga harus jadi tempat curhatan bagi banyak orang.,NEGATIF
Seringkali curhatan malah membuat suasana hati jadi lebih berat.,NEGATIF
Penting untuk selalu ada bagi teman-teman yang butuh curhat.,POSITIF
Suka curhat tapi kadang malah merasa tidak ada yang benar-benar mendengarkan.,NEGATIF
Menyenangkan bisa berbagi cerita dan mendengarkan curhatan dari sahabat.,POSITIF
Sedih rasanya ketika curhat tapi teman tidak peduli.,NEGATIF
Merasa didengarkan dan dimengerti saat curhat membuat hati lega.,POSITIF
Orang yang suka curhat terus menerus bisa jadi membebani orang lain.,NEGATIF
Hati saya hancur saat curhat tentang masalah keluarga.,NEGATIF
Mendapat solusi cerdas setelah curhat membuat saya semakin bersemangat.,POSITIF
"Lebih baik curhat pada orang yang bisa memberi solusi, bukan hanya mendengarkan.",NETRAL
Merasa terbantu setelah curhat kepada orang tua tentang masalah pekerjaan.,POSITIF
Sering curhat tanpa tindakan nyata hanya akan membuat masalah semakin rumit.,NEGATIF
"Saat teman curhat kepadaku, aku selalu siap mendengarkan dengan penuh perhatian.",POSITIF
Mendengarkan curhatan orang lain membuatku merasa dihargai.,POSITIF
Sudah bosan dengan teman yang hanya tahu curhat tanpa pernah mendengarkan masalahku.,NEGATIF
Merasa lega setelah bisa curhat kepada seseorang yang benar-benar mendengarkan.,POSITIF
Kadang aku ingin curhat tapi takut dianggap merepotkan orang lain.,NEGATIF
Membantu teman curhat adalah salah satu cara untuk saling mendukung.,POSITIF
"Saat curhat, aku harapkan pendengarannya tidak sekadar formalitas.",NETRAL
Rasa lega setelah selesai curhat kepada sahabat terbaik.,POSITIF
Sedih melihat teman sedang curhat tentang masalah percintaannya.,NEGATIF
Senang bisa menjadi tempat curhat bagi sahabat yang membutuhkan.,POSITIF
Bosan mendengar terus-menerus curhat tentang hal yang sama.,NEGATIF
Merasa terbantu setelah curhat dengan orang tua tentang pekerjaan.,POSITIF
Netral saat mendengarkan curhatan teman yang terlalu dramatis.,NETRAL
Kesal karena curhatan diabaikan dan tidak mendapat respon.,NEGATIF
Suka memberikan saran positif kepada teman yang sedang curhat.,POSITIF
Mengerti perasaan teman yang butuh cerita curhat untuk melepas beban.,POSITIF
Hadir untuk mendengarkan curhat sahabat adalah bentuk kepedulian.,POSITIF
Saya merasa lega setelah curhat dengan teman terdekat.,POSITIF
Aku merasa dikhianati karena curhatku disebarluaskan oleh orang lain.,NEGATIF
Merasa lapang dada setelah berhasil mengeluarkan isi hati dalam curhat.,POSITIF
Sedih karena teman curhatku tidak memberikan dukungan yang saya butuhkan.,NEGATIF
Netral saja saat harus curhat kepada orang yang belum terlalu dekat.,NETRAL
"Frustasi karena selalu jadi tempat curhat, tapi tidak pernah didengarkan.",NEGATIF
Biasa saja saat diajak curhat oleh kolega di tempat kerja.,NETRAL
Merasa terbantu setelah mendapatkan saran positif dari sesi curhat.,POSITIF
Suka curhat kepada sahabat karena selalu mendapat pemahaman dan dukungan.,POSITIF
Aku merasa lega setelah curhat dengan sahabat tentang masalahku.,POSITIF
Merasa kecewa karena teman curhatku tidak mendengarkan dengan sepenuh hati.,NEGATIF
"Saat curhat, aku merasa dipahami dan didukung sepenuhnya.",POSITIF
Merasa frustasi karena curhatku dianggap remeh oleh orang lain.,NEGATIF
Curhat membantu melepaskan beban pikiran yang selama ini kurasakan.,POSITIF
Merasa kesal karena curhatku malah dipergunakan untuk gosip.,NEGATIF
Orang yang curhat padaku selalu mendapatkan solusi yang tepat.,POSITIF
Merasa tertekan karena sering menjadi tempat curhat tanpa ada yang mendengarkan.,NEGATIF
Curhat adalah cara yang baik untuk mengekspresikan perasaan yang sulit dikomunikasikan.,POSITIF
Seringkali merasa terbebani dengan curhatan teman yang tidak pernah berubah masalahnya.,NEGATIF
Aku sudah muak mendengar curhatan terus-menerus dari temanku.,NEGATIF
"Saat sedang sedih, curhat kepada sahabat bisa meringankan beban hati.",POSITIF
Rasanya lega setelah curhat kepada orang tua tentang masalah yang sedang dialami.,POSITIF
Tolong jangan ganggu aku dengan curhatan tak berguna lagi.,NEGATIF
Curhatan teman-teman selalu membuatku merasa terhubung dengan mereka.,POSITIF
Mendengarkan curhatan orang lain membuatku lebih peka terhadap perasaan mereka.,POSITIF
"Setiap kali aku curhat, rasanya beban pikiranku berkurang.",POSITIF
Hati-hati dalam curhat agar tidak menimbulkan pertengkaran di kemudian hari.,NEGATIF
"Setelah curhat panjang lebar, aku merasa lebih siap menghadapi masalah yang ada.",POSITIF
Orang yang suka curhat terlalu banyak masalah.,NEGATIF
Merasa lega setelah curhat meski belum ada solusi.,POSITIF
Curhat terlalu sering bisa membuat orang jadi tergantung emosi pada orang lain.,NEGATIF
Mendengarkan curhatan orang lain membuatku merasa berbagi beban.,POSITIF
Curhat adalah bentuk kepercayaan antara dua orang.,POSITIF
Seringkali curhat hanya membuat suasana hati semakin buruk.,NEGATIF
Curhat adalah cara terbaik untuk mengeluarkan beban perasaan.,POSITIF
Merasa terbantu setelah mendengarkan curhatan dari sahabat.,POSITIF
Kadang curhat malah membuat masalah terasa semakin berat.,NEGATIF
Curhat seringkali membuat hubungan antar teman menjadi lebih erat.,POSITIF
Sulit bagiku untuk curhat karena takut dianggap lemah.,NEGATIF
"Setelah curhat, aku merasa lebih siap menghadapi masalah.",POSITIF
Mungkin curhat adalah langkah awal untuk mencari solusi.,POSITIF
Kamu selalu ada untukku saat aku butuh tempat curhat.,POSITIF
"Saya merasa lega setelah curhat dengan sahabat, terasa beban hati berkurang",POSITIF
Merasa sedih dan hampa setelah curhat tapi tak ada solusi yang diberikan,NEGATIF
"Senang bisa curhat dengan orang tua, mereka selalu memberikan dukungan dan solusi",POSITIF
Kesal karena curhat ke teman malah disepelekan dan diremehkan,NEGATIF
"Netral setelah curhat kepada kakak, dia mendengarkan tanpa memberikan pandangan apapun",NETRAL
Terharu karena curhat kepada teman baru dan dia mengerti sepenuhnya,POSITIF
Frustasi setelah curhat kepada atasan tapi malah dinilai lemah dan tidak profesional,NEGATIF
"Merasa terbantu setelah curhat kepada psikolog, mendapat pemahaman dan saran yang dibutuhkan",POSITIF
"Kesepian karena tidak punya siapapun untuk curhat, merasa terisolasi",NEGATIF
"Biasa saja setelah curhat kepada adik, tidak ada reaksi berlebihan",NETRAL
Rasanya lega setelah curhat kepada sahabat terdekat,POSITIF
Sulit tidur karena pikiran penuh dengan masalah yang ingin diungkapkan,NEGATIF
Senang bisa menumpahkan semua isi hati kepada orang yang dipercaya,POSITIF
Merasa sedih dan sendiri setelah curhat tapi tidak mendapat dukungan,NEGATIF
Merasa lega setelah curhat kepada orang tua dan mendapat solusi bijak,POSITIF
Kecewa karena curhat kepada teman malah disebarluaskan ke orang lain,NEGATIF
Mendengarkan curhatan sahabat bisa membuat hati menjadi hangat,POSITIF
Merasa tertekan karena selalu jadi tempat curhat tapi tidak pernah didengarkan,NEGATIF
Menyadari bahwa curhat bisa membantu mengurangi beban pikiran,POSITIF
Merasa frustasi karena tidak bisa curhat kepada siapapun dalam situasi sulit,NEGATIF
"Aku merasa lega setelah curhat dengan sahabat, ada beban yang hilang",POSITIF
"Sudah bosan mendengar curhatan yang sama berulang kali, tidak ada perkembangan",NEGATIF
"Saat curhat, teman-teman selalu memberikan dukungan yang hangat, terima kasih",POSITIF
"Merasa diabaikan ketika curhat, rasanya sendirian",NEGATIF
"Curhat membantu melepaskan emosi negatif, perasaan jadi lebih ringan",POSITIF
"Sering curhat tapi akhirnya merasa dijadikan bahan gosip, kecewa",NEGATIF
"Hati jadi lebih lapang setelah curhat, ada yang memahami",POSITIF
Bosan dengan teman yang selalu curhat tapi tidak pernah mau mendengarkan saran,NEGATIF
"Curhat adalah cara terbaik untuk melepaskan beban pikiran, sangat terbantu",POSITIF
"Sering curhat tapi akhirnya disalahgunakan informasinya, kehilangan kepercayaan",NEGATIF
Aku capek denger curhatan terus dari dia.,NEGATIF
"Curhatannya terlalu berat, susah bagi aku untuk menanggapinya.",NEGATIF
Suka curhat karena merasa ringan hati setelahnya.,POSITIF
Merasa terbebani dengan curhatan yang terus menerus.,NEGATIF
Saling curhat adalah salah satu cara mempererat hubungan persahabatan.,POSITIF
Curhatan yang tidak produktif membuat suasana jadi tidak nyaman.,NEGATIF
Suka curhat karena bisa mendapatkan sudut pandang baru dari teman.,POSITIF
Kadang malas mendengar curhatan yang sama berulang kali.,NEGATIF
Merasa lega setelah curhat mengenai masalah pekerjaan.,POSITIF
Senang bisa membagikan beban pikiran dengan orang terdekat,POSITIF
Terkadang curhat justru membuat masalah terasa semakin berat,NEGATIF
Merasa lapang hati setelah mendengar saran dari teman curhat,POSITIF
Kesal karena curhat malah dianggap sepele oleh lawan bicara,NEGATIF
Hati lega setelah curhat kepada orang tua dan mendapat pemahaman,POSITIF
Kecewa ketika curhat tidak mendapat solusi yang diharapkan,NEGATIF
Rasa syukur bisa memiliki teman yang selalu siap mendengarkan curhat,POSITIF
Frustasi karena merasa tidak ada yang mau mendengar curhatku,NEGATIF
Aku sudah lelah mendengar cerita curhatnya setiap hari.,NEGATIF
Curhatnya selalu membuatku merasa terharu dan terkesan.,POSITIF
"Sudah cukup lama dia menahan perasaannya, akhirnya curhat juga.",POSITIF
Curhatnya tentang masalah pekerjaan membuatku semakin tertekan.,NEGATIF
Sebaiknya dia mencari bantuan profesional untuk curhat lebih baik.,NETRAL
Aku sudah muak dengan segala drama curhatnya yang berlebihan.,NEGATIF
Curhatnya membuatku merasa terbantu dalam mengatasi masalah pribadiku.,POSITIF
Seringkali curhatnya hanya berisi keluhan tanpa solusi yang jelas.,NEGATIF
"Saat dia curhat, aku selalu siap mendengarkan tanpa menghakimi.",POSITIF
Saya lelah mendengarkan curhatan teman saya setiap hari.,NEGATIF
Aku senang bisa menjadi tempat curhat yang aman bagi orang lain.,POSITIF
Biasanya curhatan orang membuat saya merasa terharu.,POSITIF
Aku tidak suka jika curhatan teman selalu berputar pada dirinya sendiri tanpa mendengarkan saran.,NEGATIF
Mendengarkan curhatan bisa menjadi momen saling memahami antar teman.,POSITIF
Terkadang curhatan bisa menjadi beban emosional yang berat.,NEGATIF
Aku merasa bahagia bisa membantu menyelesaikan masalah lewat curhatan.,POSITIF
Curhatan orang lain seringkali membuat saya lebih bersyukur dengan kehidupan saya sendiri.,POSITIF
Saya merasa muak dengan curhatan yang terus menerus tanpa ada tindakan untuk memperbaiki situasi.,NEGATIF
"Aduh, capek banget hari ini. Pengen curhat tapi gak ada yang mau dengerin.",NEGATIF
Senang banget punya teman yang selalu siap mendengarkan curhatan aku.,POSITIF
"Sedihnya hari ini, curhat ke sahabat juga gak bisa menghilangkan perasaan ini.",NEGATIF
"Setelah curhat, rasanya jadi lebih lega dan tenang. Terima kasih sudah mendengarkan.",POSITIF
"Suka curhat ke orang asing di internet, rasanya lebih nyaman dan bebas.",POSITIF
"Merasa kesepian, tapi curhat ke teman malah dianggap cerewet. Sedih rasanya.",NEGATIF
Hari-hari jadi cerah setelah bisa curhat dan berbagi cerita dengan orang terdekat.,POSITIF
Sering curhat tapi tidak pernah ada solusi yang diberikan. Frustasi!,NEGATIF
"Jujur, aku lebih suka jadi pendengar daripada curhatan terus-menerus.",NETRAL
Menikmati momen curhat di akhir pekan sambil minum kopi hangat. Hidup tenang!,POSITIF
Saya capek mendengarkan curhatan terus-menerus dari teman saya.,NEGATIF
Aku senang bisa menjadi tempat curhat teman-teman. Merasa dipercaya.,POSITIF
"Setiap orang butuh waktu untuk curhat, itu wajar.",NETRAL
Seringkali curhatan membuat suasana hati menjadi lebih ringan.,POSITIF
"Kadang, curhatan hanya membuat masalah terasa semakin besar.",NEGATIF
Curhatan merupakan salah satu cara untuk melepas beban pikiran.,POSITIF
Saya merasa terganggu ketika curhatan teman tidak kunjung berhenti.,NEGATIF
"Jujur, aku juga butuh curhatan tapi tidak punya tempat.",NETRAL
Curhatan bisa menjadi ajang mencari solusi bersama.,POSITIF
"Aduh, capek banget curhat terus. Rasanya hati lega tapi badan lelah.",NEGATIF
Senang bisa curhat sama sahabat dekat. Merasa lebih ringan dan lega setelahnya.,POSITIF
"Sedihnya bukan main pas curhat ke teman, eh malah dianggap berlebihan. Kesel!",NEGATIF
"Jujur, curhat ke orang asing di internet bikin hati tenang. Terima kasih, anonim.",POSITIF
Bosan dengerin curhatan temen yang sama terus. Mendingan diam aja deh.,NEGATIF
"Suka deg-degan sebelum curhat sama pacar. Tapi setelahnya, hubungan jadi lebih dekat.",POSITIF
Ketika curhat ke orang tua malah disalahkan terus. Bete banget rasanya.,NEGATIF
"Alhamdulillah, dapat teman yang selalu ada buat curhat. Hati jadi tenang dan terjamin.",POSITIF
"Sedihnya pas curhat, malah dianggap cari perhatian. Bikin down banget rasanya.",NEGATIF
"Bagus juga ya, curhat sambil nangis. Hatinya jadi lebih lega dan pikiran lebih jernih.",POSITIF
Aku lelah mendengarkan curhatan terus-menerus dari temanku,NEGATIF
"Saat teman curhat padaku, aku merasa terharu bisa menjadi tempat curhat yang aman baginya",POSITIF
Curhatan teman tentang masalahnya membuatku merasa sedih,NEGATIF
Mendengar curhatan seseorang membuat saya merenung tentang arti kehidupan,POSITIF
Orang-orang yang terlalu sering curhat membuat suasana jadi negatif,NEGATIF
"Saat teman curhat, saya berusaha memberikan nasihat positif agar dia semangat",POSITIF
Curhatan orang tentang kesulitan hidupnya membuat saya tersentuh,POSITIF
Saya merasa terganggu dengan curhatan teman yang tidak kunjung selesai,NEGATIF
"Terima kasih telah mendengarkan curhatanku, kamu adalah sahabat sejati",POSITIF
Curhatan tentang pekerjaan membuatku semakin stress,NEGATIF
"Aduh, capek banget curhat terus, rasanya jadi lega juga sih",NETRAL
"Suka curhat sama teman, tapi kadang merasa dimanfaatkan juga",NEGATIF
Senangnya punya sahabat yang bisa jadi tempat curhat yang nyaman,POSITIF
Sudah bosan mendengar curhatan yang sama tiap hari,NEGATIF
"Memang enak curhat, tapi kadang malah jadi tambah bingung sendiri",NEGATIF
Setiap curhatan selalu membuat hari terasa lebih ringan,POSITIF
Lebih suka curhat ke orang yang tidak terlalu dekat,NETRAL
Ketika curhat ternyata tidak mendapat dukungan yang diharapkan,NEGATIF
Curhat jadi momen yang ditunggu-tunggu setiap hari,POSITIF
Pernah curhat ke seseorang dan malah dianggap mengganggu,NEGATIF
"Aduh, sekarang giliran dia yang curhat terus, capek dengar ceritanya",NEGATIF
"Senang bisa jadi tempat curhat teman, merasa dihargai",POSITIF
Sudah bosan dengan teman yang hanya tahu curhat tanpa pernah mendengarkan nasihat,NEGATIF
Mendengarkan curhatannya membuat saya lebih bersyukur atas keadaan saya,POSITIF
Saya merasa risih ketika dia terus-terusan curhat tanpa henti,NEGATIF
Teman yang baik adalah yang selalu siap mendengarkan curhat tanpa menghakimi,POSITIF
"Curhatannya terlalu berlebihan, membuat saya merasa tidak nyaman",NEGATIF
"Ketika curhatan teman berhasil membantu menyelesaikan masalah, rasanya lega",POSITIF
"Saat curhat, lebih baik menyimak dengan penuh perhatian daripada langsung memberi solusi",POSITIF
Merasa terbantu setelah curhat mengenai masalah keluarga yang mengganggu pikiran,POSITIF
"Senang bisa curhat dengan teman dekat, merasa lega",POSITIF
Merasa dikhianati karena curhatan dipublikasikan secara tidak sopan,NEGATIF
"Suka curhat di media sosial, merasa dapat dukungan dari banyak orang",POSITIF
Bosan mendengar curhatan yang sama berulang-ulang tanpa tindakan,NEGATIF
"Netral terhadap teman yang suka curhat, tidak terlalu peduli",NETRAL
"Mendukung teman yang sedang curhat, memberikan nasihat positif",POSITIF
Merasa terbebani karena sering menjadi tempat curhat teman,NEGATIF
Tidak suka curhat di grup karena takut informasi tersebar,NEGATIF
"Menyukai momen curhat dengan sahabat, saling menjadi tempat curhat",POSITIF
Rasa nyaman ketika bisa curhat tanpa takut dihakimi,POSITIF
Sudah bosan mendengar teman yang terus curhat tanpa ada solusi.,NEGATIF
Orang yang selalu curhat tanpa henti membuat suasana menjadi negatif.,NEGATIF
Merasa terbantu setelah mendengar curhatan sahabat yang sedang galau.,POSITIF
"Ketika curhatan teman terlalu berlebihan, justru membuatku menjadi stres.",NEGATIF
Aku tidak suka jika curhatanku dijadikan bahan gosip oleh orang lain.,NEGATIF
Menjadi pendengar yang baik saat orang lain curhat adalah suatu kebaikan.,POSITIF
Terkadang curhatan bisa membuat hubungan menjadi lebih erat dan saling memahami.,POSITIF
Aku sangat senang bisa menjadi tempat curhat teman-temanku,POSITIF
Mendengarkan curhatan orang lain membuatku merasa terbebani,NEGATIF
"Saat curhatan selesai, biasanya aku merasa lega",POSITIF
Terkadang curhatan hanya membuat masalah terasa semakin rumit,NEGATIF
Saling curhat adalah cara yang baik untuk saling mendukung,POSITIF
Curhat terlalu berlebihan kadang membuatku bosan,NEGATIF
Mendengarkan curhatan seringkali membuatku merasa tersentuh,POSITIF
Curhatan yang terlalu dramatis bisa membuat suasana jadi tegang,NEGATIF
"Saat curhat, aku selalu berusaha memberikan solusi yang terbaik",POSITIF
Beberapa curhatan terasa sangat menguras emosi,NEGATIF
Sedihnya rasanya ketika curhat tapi tidak ada yang mendengarkan,NEGATIF
Seringkali curhat malah menimbulkan konflik dengan orang lain,NEGATIF
Mendengarkan curhat orang lain membuatku merasa terhubung,POSITIF
Rasa percaya diri bisa meningkat setelah curhat dengan orang terdekat,POSITIF
Curhat terlalu sering juga bisa membuatmu terlihat lemah di mata orang lain,NEGATIF
Terkadang curhat hanya membuat masalah terasa lebih besar,NEGATIF
Saya selalu merasa lega setelah curhat dengan psikolog,POSITIF
Curhat membuka peluang untuk mendapatkan sudut pandang baru,POSITIF
Suka seneng deh bisa jadi tempat curhat teman-teman.,POSITIF
Seringkali malah jadi susah tidur setelah denger curhat orang lain.,NEGATIF
Setiap orang punya cerita sendiri yang menarik untuk didengar.,POSITIF
Kadang suka bosen juga dengerin curhatan yang sama terus.,NEGATIF
Rasanya lega banget setelah bisa curhat tentang masalah yang selama ini dipendam.,POSITIF
"Ketika teman curhat, jadi ikutan sedih juga.",NEGATIF
Lebih suka curhat sendiri daripada cerita ke orang lain.,NETRAL
Menyenangkan bisa saling curhat dan mendengarkan keluh kesah bersama.,POSITIF
Kadang suka merasa tertekan juga kalau sering jadi tempat curhat orang lain.,NEGATIF
Saya merasa lega setelah curhat dengan teman baik saya,POSITIF
Merasa sedih karena teman curhat tidak memperdulikan masalah saya,NEGATIF
Seringkali merasa ditolak ketika sedang curhat kepada orang lain,NEGATIF
Mendengarkan cerita curhat orang lain membuat saya lebih bijak,POSITIF
Rasa percaya diri meningkat setelah curhat dengan psikolog,POSITIF
Merasa kesepian ketika tidak punya teman curhat,NEGATIF
Sebaiknya memilih orang yang bisa dipercaya untuk curhat agar tidak disalahgunakan,NETRAL
Curhat di media sosial seringkali hanya menimbulkan pertengkaran,NEGATIF
Sulit untuk menemukan orang yang benar-benar mau mendengarkan curhat kita,NEGATIF
Aku merasa lega setelah curhat tentang masalahku,POSITIF
Sedih melihat teman terus-terusan curhat tanpa ada solusi,NEGATIF
Mendengarkan curhatan orang lain membuat saya lebih bersyukur dengan hidupku,POSITIF
Sering kali curhat hanya membuat masalah terasa semakin berat,NEGATIF
Merasa dipahami dan diterima setelah curhat kepada sahabat,POSITIF
Curhatan di media sosial seringkali hanya menimbulkan drama belaka,NEGATIF
Menyimpan segala beban sendiri tanpa curhat membuat hati terasa sesak,NEGATIF
Berbagi curhatan dengan orang yang peduli dapat meringankan pikiran,POSITIF
Curhat adalah cara untuk melepaskan tekanan dan mencari solusi bersama,POSITIF
Terlalu sering curhat tanpa tindakan nyata hanya akan membuang-buang waktu,NEGATIF
Sedihnya hatiku setelah curhat tapi teman tidak mengerti,NEGATIF
Bosan dengan teman yang terus-terusan curhat tanpa henti,NEGATIF
Seringkali curhat adalah jalan keluar yang baik untuk melepaskan beban,POSITIF
Orang yang suka curhat seharusnya juga siap mendengarkan cerita orang lain,NETRAL
"Setelah curhat, rasanya seperti ada beban yang hilang dari pundakku",POSITIF
Merasa kecewa ketika curhat tidak mendapatkan solusi yang memuaskan,NEGATIF
Jangan pernah meremehkan kekuatan sebuah curhat untuk menyembuhkan hati,POSITIF
Kadang curhat hanya membuat masalah terasa semakin rumit,NEGATIF
Merasa sedih karena curhatan saya dianggap remeh oleh teman.,NEGATIF
Mendapat solusi yang tepat setelah curhat kepada orang tua.,POSITIF
Sering curhat tapi tidak pernah mendengar solusi yang membantu.,NEGATIF
Rasanya lebih ringan hati setelah curhat pada terapis.,POSITIF
Curhat kepada teman membuat saya merasa dipahami dan diterima.,POSITIF
Tidak suka curhat karena merasa tidak ada yang peduli.,NEGATIF
"Setelah curhat, merasa lega dan siap menghadapi masalah dengan lebih baik.",POSITIF
Merasa frustasi karena curhat tidak mendapat respon yang baik.,NEGATIF
Aku ingin cerita sedihku pada seseorang...,NEGATIF
Sungguh lega bisa berbagi beban hati dengan teman...,POSITIF
Sedih rasanya ketika merasa tidak ada yang peduli...,NEGATIF
Merasa terbantu setelah mengeluarkan semua isi hati...,POSITIF
"Hati ini hancur, tapi tidak ada yang memahami...",NEGATIF
Senang bisa dijadikan tempat curhat yang aman...,POSITIF
"Merasa lega setelah curhat, meski masalah belum selesai...",POSITIF
Kesal dengan orang yang tidak mendengarkan curhatanku...,NEGATIF
Sedihnya ketika diputusin tanpa alasan yang jelas...,NEGATIF
"Terima kasih sudah mendengarkan ceritaku, teman...",POSITIF
Aku sedih melihat teman curhatnya sendiri tanpa ada yang mendengarkan.,NEGATIF
Senangnya bisa menjadi tempat curhat yang aman bagi sahabatku.,POSITIF
Mendengarkan curhat orang lain membuatku merasa terhubung dan peduli.,POSITIF
Curhat adalah cara yang tepat untuk melepaskan beban pikiran.,POSITIF
"Bosan selalu jadi tempat curhat, tapi tak punya yang mendengarkan.",NEGATIF
Terima kasih sudah sabar mendengarkan curhatanku.,POSITIF
Curhat terlalu berlebihan bisa membuat orang jenuh mendengarkannya.,NEGATIF
Merasa lega setelah curhat dan mendapat dukungan dari teman.,POSITIF
Curhat adalah proses penting untuk saling memahami di antara teman.,POSITIF
Mendengarkan curhatan orang lain membuatku merasa dipercaya.,POSITIF
Curhat adalah wadah untuk saling mendukung dan menguatkan.,POSITIF
Beberapa orang memanfaatkan curhatan untuk mencari simpati belaka.,NEGATIF
Saya merasa terbantu setelah mencurahkan isi hati yang selama ini tertutup rapat.,POSITIF
Curhat terkadang bisa memperburuk situasi jika tidak dilakukan dengan bijak.,NEGATIF
Merasa sedih mendengar cerita sedih dari seseorang yang curhat.,NEGATIF
"Setiap kali curhat, aku selalu merasa lebih ringan dan lega.",POSITIF
Curhatanmu membuatku merasa terharu dan tersentuh.,POSITIF
"Hati-hati dalam memilih tempat curhat, jangan sampai salah dan disalahgunakan.",NEGATIF
"Saat curhat, aku bisa merasakan beban pikiran yang diungkapkan oleh orang tersebut.",NETRAL
Lebih suka menyelesaikan masalah sendiri daripada harus curhat ke orang lain.,NETRAL
Curhat adalah salah satu cara untuk melepaskan beban pikiran yang terpendam.,POSITIF
Aku selalu siap mendengarkan teman-temanku yang sedang curhat.,POSITIF
Merasa lelah dengan teman yang selalu curhat tanpa henti.,NEGATIF
Sedih melihat teman sedang curhat tentang masalah keluarganya.,NEGATIF
Rasanya lega setelah curhat dengan sahabat terbaik.,POSITIF
Menyayangkan teman yang hanya curhat tanpa berusaha mencari solusi.,NEGATIF
Kadang curhat itu penting untuk mengurangi beban pikiran.,POSITIF
Merasa risih saat teman curhat dengan membocorkan rahasia kita.,NEGATIF
Terkadang curhat bisa membuat hubungan kekeluargaan semakin erat.,POSITIF
Suka mendengarkan cerita sedih teman yang sedang curhat.,POSITIF
Sedihnya hati ini ketika curhat tapi tidak ada yang mendengarkan.,NEGATIF
Mendengarkan curhatan teman membuat saya lebih menghargai hidup.,POSITIF
"Setelah curhat, saya merasa lebih bertenaga untuk menghadapi hari ini.",POSITIF
Terkadang curhat hanya membuat hubungan menjadi rumit.,NEGATIF
Merasa lega setelah berhasil curhat kepada orang tua.,POSITIF
Curhat di media sosial seringkali hanya menimbulkan drama belaka.,NEGATIF
Curhat adalah bagian penting dalam menjaga kesehatan mental.,POSITIF
Aku capek dengar curhatan terus dari dia.,NEGATIF
Sudah bosan dengan segala curhatannya yang bertele-tele.,NEGATIF
Biasanya aku juga suka curhat ke orang terdekat saat sedang down.,POSITIF
Menyayangkan bahwa curhatannya tidak pernah diambil sebagai saran.,NEGATIF
Merasa lega setelah bisa curhat semua beban hati kepada sahabat terbaik.,POSITIF
Kadang suka malas mendengarkan curhatan orang lain yang selalu sama.,NEGATIF
Merasa terharu saat tahu sahabat percaya untuk curhat masalah pribadi.,POSITIF
Kesal karena curhatannya selalu berputar pada dirinya sendiri tanpa mendengarkan pendapat orang lain.,NEGATIF
Netral saja saat teman curhat soal masalah pekerjaan baru yang dialaminya.,NETRAL
Sudah bosan mendengar curhatan yang sama dari teman setiap hari.,NEGATIF
"Saat curhat, aku merasa dipahami dan didengarkan sepenuhnya.",POSITIF
Teman yang selalu curhat tapi tidak pernah mendengarkan masalahku.,NEGATIF
Orang yang suka curhat sering merasa lebih ringan setelahnya.,POSITIF
Merasa terganggu ketika teman curhat tentang hal-hal sepele.,NEGATIF
Sulit bagi saya untuk curhat karena takut dianggap lemah.,NEGATIF
Menjadi pendengar yang baik saat teman curhat membuatku bahagia.,POSITIF
Terlalu banyak curhatan negatif dapat memengaruhi mood secara keseluruhan.,NEGATIF
"Dia selalu curhat padaku tanpa henti, rasanya jadi lelah mendengarkan terus menerus.",NEGATIF
"Aku senang bisa menjadi tempat curhat teman-temanku, merasa terhubung dan bermanfaat.",POSITIF
"Seringkali, orang yang curhat hanya ingin didengarkan, tanpa mencari solusi.",NETRAL
"Setiap kali dia curhat, rasanya hatiku ikut terenyuh dan ingin membantunya sebisa mungkin.",POSITIF
"Curhatannya terlalu berat bagi saya, sulit untuk menanggung beban pikirannya.",NEGATIF
Mendengarkan curhatan orang lain seringkali menginspirasi saya untuk lebih bersyukur atas hidup ini.,POSITIF
Saya merasa diabaikan ketika teman saya lebih memilih curhat kepada orang lain daripada kepada saya.,NEGATIF
Terkadang saya merasa kesepian karena tidak punya siapa-siapa yang mau mendengarkan curhatan saya.,NEGATIF
Curhat adalah bentuk terbaik dari kepercayaan dan persahabatan yang kokoh.,POSITIF
"Rasanya lega setelah curhat, seakan beban pikiran menjadi sedikit lebih ringan.",POSITIF
Aku merasa lega setelah curhat kepada teman dekatku,POSITIF
Sedih rasanya saat curhat tapi tidak ada yang mendengarkan dengan baik,NEGATIF
"Seringkali setelah curhat, malah jadi tambah bingung dengan masalah sendiri",NEGATIF
Rasa percaya diriku meningkat setiap kali ada teman yang mau mendengarkan curhatanku,POSITIF
Kadang curhat hanya membuat masalah terasa semakin besar,NEGATIF
Merasa lega setelah curhat kepada psikolog profesional,POSITIF
Curhat bisa menjadi ajang gosip yang merugikan orang lain,NEGATIF
"Saat curhat, penting untuk memilih orang yang tepat untuk berbagi masalah",NETRAL
Sedih rasanya melihat dia sedang curhat tentang masalah keluarganya.,NEGATIF
Senangnya bisa menjadi teman curhat yang dipercayai oleh orang lain.,POSITIF
Rasanya lega setelah curhat dan berbagi beban dengan sahabat.,POSITIF
Kesal dengan teman yang selalu curhat tapi tidak pernah mendengarkan saran.,NEGATIF
Netral saja ketika dia mulai curhat tentang masalah cinta yang rumit.,NETRAL
Merasa terganggu ketika dia terus-terusan curhat tentang hal yang sama.,NEGATIF
Menyayangkan bahwa dia merasa tidak punya pilihan selain curhat pada orang asing.,NEGATIF
Mendukung sepenuhnya keputusannya untuk mencari seorang konselor untuk curhat.,POSITIF
Kagum dengan keberanian seseorang yang berani curhat tentang pengalaman trauma masa lalu.,POSITIF
"Rasa haru melihat teman yang biasanya ceria, kini terlihat sedih saat curhat.",NEGATIF
"Saat teman dekat curhat padaku, aku merasa senang bisa membantunya menyelesaikan masalahnya.",POSITIF
Mendengarkan curhatan orang lain kadang membuatku merasa terbebani.,NEGATIF
"Saya selalu siap mendengarkan curhatan dari siapapun, siapa tahu bisa memberikan solusi.",POSITIF
Curhatan teman sekantor tentang atasan membuat suasana kerja semakin memanas.,NEGATIF
"Saat sedang sedih, curhat kepada sahabat bisa membuat beban hati menjadi lebih ringan.",POSITIF
Terkadang saya kesal saat harus mendengarkan curhatan yang terlalu bertele-tele.,NEGATIF
Menjadi pendengar yang baik saat ada yang curhat adalah hal yang penting.,POSITIF
Curhatan tentang masalah keluarga selalu membuatku tidak tenang.,NEGATIF
Saya merasa terharu ketika teman baikku memilih curhat padaku.,POSITIF
"Teman saya selalu curhat padaku, kadang membingungkan juga sih",NETRAL
Suka senang bisa menjadi tempat curhat yang aman untuk teman-teman,POSITIF
Sudah bosan mendengar curhatan tentang masalah yang sama terus,NEGATIF
Merasa terbebani dengan curhatan teman yang terlalu berlebihan,NEGATIF
"Suka memberikan solusi saat teman curhat, merasa bermanfaat",POSITIF
"Hampir setiap hari harus mendengarkan curhatan teman, melelahkan",NEGATIF
Tidak suka saat teman curhat tapi malah tidak mau menerima saran,NEGATIF
Terharu saat teman dekat akhirnya mau curhat tentang masalahnya,POSITIF
Kadang merasa senang juga bisa curhat kepada orang lain untuk melepaskan beban,POSITIF
"Aku merasa lega setelah curhat dengan sahabat, dia selalu mendengarkan dengan penuh perhatian.",POSITIF
Saya sedih karena teman curhatku malah memberikan komentar yang tidak mendukung.,NEGATIF
Curhat hari ini membuatku merasa ringan dan lebih bersyukur atas apa yang sudah kudapatkan.,POSITIF
Seringkali curhat hanya membuat masalah terasa semakin rumit dan tidak ada solusi.,NEGATIF
Curhatku kepada ibu selalu membuat hati tenang dan terasa lebih terbuka.,POSITIF
"Teman yang sering curhat tapi tidak pernah mau dengarkan masalah orang lain, sungguh egois!",NEGATIF
Curhat pada akhir pekan selalu menjadi momen yang menyenangkan dan penuh kehangatan.,POSITIF
Saya merasa kecewa ketika curhatku dianggap remeh dan tidak penting oleh teman.,NEGATIF
Curhat adalah salah satu cara terbaik untuk melepaskan beban pikiran dan emosi.,POSITIF
"Ketika curhat tidak menemukan pendengar yang tepat, rasanya lebih baik untuk menyimpan sendiri masalahnya.",NEGATIF
Aku merasa lega setelah curhat tentang masalah keluarga,POSITIF
Sudah bosan mendengar teman curhat terus menerus tanpa mau mencari solusi,NEGATIF
Mendengarkan curhatan orang lain membuatku merasa terharu,POSITIF
Sekedar curhat tentang pekerjaan yang menumpuk bisa membuat hari terasa lebih ringan,POSITIF
Curhatan teman tentang perceraian orangtuanya membuatku sedih,NEGATIF
Sering curhat kepada sahabat membuat hubungan kita semakin erat,POSITIF
Tidak suka ketika orang curhat tapi tidak mau mendengarkan saran,NEGATIF
Curhatan teman tentang pacarnya yang selingkuh membuatku marah,NEGATIF
Merasa terbantu setelah curhat tentang beban pikiran yang selama ini dipendam,POSITIF
Sensasi lega setelah berhasil curhat tentang masalah hubungan,POSITIF
Senang bisa curhat dengan teman yang penuh pengertian,POSITIF
Sedih melihat orang terus curhat tapi tidak pernah berusaha memperbaiki diri,NEGATIF
Netral saja saat teman curhat tentang masalah cinta,NETRAL
Terharu mendengar curhatan yang penuh perjuangan dan ketabahan,POSITIF
Kesal karena curhatan selalu berputar-putar tanpa ada solusi yang diambil,NEGATIF
Merasa lega setelah curhatkan beban pikiran kepada seseorang,POSITIF
Jengkel dengan curhatan yang hanya mencari simpati tanpa mau mendengarkan saran,NEGATIF
Biasa saja mendengar cerita curhatan dari teman tentang pekerjaan,NETRAL
Senang bisa menjadi pendengar yang baik saat teman curhat tentang konflik keluarga,POSITIF
Kesal melihat curhatan yang terlalu dramatis tanpa ada usaha untuk mengatasi masalah,NEGATIF
Suka senang bisa menjadi tempat curhat yang aman bagi teman-teman dekatku.,POSITIF
"Curhatannya sangat menyentuh hati, aku jadi ikut sedih.",NEGATIF
Menyediakan telinga untuk mendengarkan curhatan orang lain adalah bentuk empati yang baik.,POSITIF
"Setiap kali curhat, rasanya beban pikiranku makin ringan.",POSITIF
Curhatan terus menerus tanpa ada solusi membuatku semakin frustasi.,NEGATIF
"Jujur, aku lebih suka menyelesaikan masalah sendiri daripada curhat ke orang lain.",NEGATIF
Mendengarkan cerita sedih dari orang yang curhat membuatku tersentuh hati.,POSITIF
Teman baik adalah yang selalu ada untuk mendengarkan curhatan tanpa menghakimi.,POSITIF
"Curhatan terkadang bisa menjadi beban tambahan, tapi juga membantu melepaskan emosi.",NETRAL
Aku lelah mendengarkan curhatan terus menerus dari teman-temanku,NEGATIF
"Saat sedang curhat, rasanya beban pikiranku jadi lebih ringan",POSITIF
Orang yang suka curhat sebenarnya butuh pendengar yang baik,POSITIF
"Setiap kali curhat, hatiku jadi lebih lega dan tenang",POSITIF
Aku merasa terbebani ketika harus mendengarkan curhatan yang bertele-tele,NEGATIF
Kadang curhat menjadi momen yang membuat hubungan lebih erat,POSITIF
Seringkali curhat hanya membuat masalah terasa semakin berat,NEGATIF
Mendengarkan curhatan teman adalah bentuk dukungan yang baik,POSITIF
Sudah bosan dengar curhatan yang sama terus menerus,NEGATIF
Merasa terbantu setelah mengeluarkan semua isi hati,POSITIF
Seseorang curhat padaku tentang masalah keluarganya,NETRAL
Menyayangkan curhatan yang seharusnya jadi privasi diungkap ke publik,NEGATIF
Mendengarkan curhatan teman membuatku lebih menghargai hidup,POSITIF
Tidak sabar menunggu giliran untuk curhat tentang hari yang berat,NETRAL
Aku jadi merasa terbebani setelah mendengar curhatan yang berat,NEGATIF
Seharusnya curhat dipilih dengan bijak agar tidak menimbulkan masalah baru,NEGATIF
Seringkali curhat hanya membuatku semakin bingung,NEGATIF
Mendengarkan curhat teman-teman membuatku merasa terhubung,POSITIF
Curhatanku dianggap remeh oleh orang lain,NEGATIF
"Setelah curhat, hatiku terasa lebih ringan",POSITIF
Curhatan yang tak kunjung selesai membuatku jenuh,NEGATIF
"Saat curhat, aku merasa didengarkan dengan baik",POSITIF
Banyak orang curhat hanya untuk mencari perhatian,NEGATIF
Curhat merupakan cara yang baik untuk mengurai beban pikiran,POSITIF
Terkadang curhat malah menimbulkan drama yang tidak perlu,NEGATIF
Senang banget bisa curhat sama teman dekat.,POSITIF
Suka curhat tapi kadang merasa tidak dihargai.,NEGATIF
Terima kasih sudah mau dengar curhatan aku.,POSITIF
Kesal karena curhatan tidak dipahami dengan baik.,NEGATIF
Merasa lega setelah curhat masalah keluarga.,POSITIF
Suka curhat tapi malu kalau dianggap mengeluh terus.,NETRAL
Ditertawakan saat curhat membuat hati semakin terluka.,NEGATIF
Mendapat solusi hebat setelah curhat dengan kakak.,POSITIF
"Biasa aja sih kalau curhat, bagian dari hidup.",NETRAL
"Suka senang curhat kepadaku, aku selalu mendengarkan dengan sabar.",POSITIF
"Sekali-kali curhat juga boleh, jangan terus-terusan.",NETRAL
Sering curhat tanpa pernah mau mendengarkan saran orang lain.,NEGATIF
"Suka curhat hal-hal sepele, tapi itu yang membuat hari-hariku lebih cerah.",POSITIF
Merasa risih ketika harus mendengarkan curhatan yang sama setiap hari.,NEGATIF
Menyadari pentingnya curhat untuk menjaga kesehatan mental.,POSITIF
"Dulu sering curhat kepadanya, sekarang dia malah menghindari aku.",NEGATIF
Terimakasih sudah mau mendengarkan curhatanku tanpa menghakimi.,POSITIF
"Aku capek dengerin curhatan terus dari teman-teman, rasanya lelah",NEGATIF
Senang bisa menjadi tempat curhat yang aman bagi orang-orang terdekat,POSITIF
"Biasanya kalau curhat sama sahabat, hati jadi lebih lega",POSITIF
Mendengarkan curhatan orang lain seringkali membuat saya merasa terharu,POSITIF
Saya jadi bingung sendiri setelah mendengar curhatan teman saya,NEGATIF
Kadang suka merasa terbebani ketika terlalu sering jadi tempat curhat,NEGATIF
"Setelah curhat, suasana hati jadi lebih ringan dan lega",POSITIF
"Merasa dicuekin setelah curhat kepada seseorang, rasanya sedih",NEGATIF
Menjadi pendengar yang baik saat orang lain curhat adalah sebuah kebaikan,POSITIF
Curhatan malam ini benar-benar menguras emosi dan tenaga,NEGATIF
Saya lelah mendengar teman curhat terus menerus.,NEGATIF
Sedih melihat sahabat terus-terusan curhat tapi tak kunjung merasa lega.,NEGATIF
"Saat curhat, jangan hanya bicara masalahmu, tapi dengarkan juga saran orang lain.",POSITIF
Rasa kesepian sering membuat orang ingin curhat kepada siapapun yang mau mendengarkan.,NETRAL
Sudah bosan dengan drama teman yang terus curhat tanpa ada solusi.,NEGATIF
Merasa terbantu setelah curhat kepada orang tua yang selalu mendengarkan dengan penuh pengertian.,POSITIF
"Ketika sedang down, curhat kepada sahabat bisa membantu mengurangi beban pikiran.",POSITIF
Terkadang curhat hanya membuat masalah terasa lebih berat daripada sebelumnya.,NEGATIF
"Jika sedang kesulitan, jangan ragu untuk mencari teman curhat yang bisa memberikan dukungan.",POSITIF
"Aduh, capek banget curhat tentang masalah ini terus...",NEGATIF
"Senang banget bisa curhat sama sahabat, jadi lega hati ini.",POSITIF
"Biasanya curhat sama orang yang mengerti, tapi kok sekarang malah disalahpahami...",NEGATIF
"Suka curhat sama orang asing online, rasanya lebih nyaman dan bebas.",POSITIF
Sedihnya curhat sama teman sendiri malah diremehkan.,NEGATIF
"Setiap kali curhat, rasanya ada beban yang hilang dari dalam hati.",POSITIF
"Males banget curhat sama siapa-siapa, udah biasa disalahpahami terus.",NEGATIF
Cerita semuanya kepada psikolog benar-benar membantu menyelesaikan masalah.,POSITIF
"Ditipu teman sendiri setelah curhat, rasanya sungguh kecewa dan terkhianati.",NEGATIF
Curhat tentang rasa cinta memang selalu bikin hati lega.,POSITIF
"Saat seseorang curhat padaku, aku selalu siap mendengarkan dan memberikan dukungan.",POSITIF
Mendengarkan curhatan teman membuatku merasa terhubung dan peduli.,POSITIF
Curhatan yang terlalu panjang seringkali membuatku bosan.,NEGATIF
"Saat curhat, aku selalu berusaha untuk memberikan solusi yang terbaik.",POSITIF
Aku merasa senang ketika teman dekat memilihku sebagai tempat curhatnya.,POSITIF
Terlalu banyak curhatan membuatku merasa lelah secara emosional.,NEGATIF
Mendengarkan curhatan juga membuatku lebih memahami perasaan orang lain.,POSITIF
"Kadang curhatan bisa menjadi beban tersendiri, tapi aku tetap mendengarkan dengan hati.",NETRAL
"Aduh, capek banget ya dengar curhatan orang lain terus.",NEGATIF
"Suka dengar curhatan orang, seru bisa tahu berbagai cerita.",POSITIF
Rasanya kesepian banget kalau nggak punya teman curhat.,NEGATIF
Biasanya malah jadi galau sendiri setelah denger curhatan orang lain.,NEGATIF
"Sebagai pendengar setia, selalu siap sedia mendengarkan curhatan kawan-kawan.",POSITIF
"Merasa lega setelah curhat, beban pikiran jadi berkurang.",POSITIF
"Sering curhat tapi nggak pernah dengar keluh kesah orang lain, adil nggak ya?",NETRAL
"Kadang suka merasa repot juga jadi tempat curhat, tapi ya namanya juga teman.",NETRAL
Curhatan teman-teman bikin saya lebih bersyukur dengan hidup sendiri.,POSITIF
Sudah bosan mendengar curhatan yang sama tiap hari.,NEGATIF
Merasa dihargai ketika ada yang mau mendengarkan curhatan.,POSITIF
Curhatan orang lain seringkali membuatku ikut sedih.,NEGATIF
Terlalu banyak curhatan membuat suasana jadi terlalu serius.,NEGATIF
Seringkali merasa tidak ada gunanya curhat kepada orang lain.,NEGATIF
Membantu sahabat curhat adalah salah satu bentuk dukungan sesama.,POSITIF
Kadang curhatan hanya membuat masalah terasa semakin besar.,NEGATIF
Aku merasa lega setelah curhat dengan teman dekatku,POSITIF
Merasa sedih karena teman curhatku tidak mendengarkan sepenuh hati,NEGATIF
Suka membantu orang lain yang sedang butuh curhat,POSITIF
Merasa muak karena sering jadi tempat curhat orang yang sama,NEGATIF
Senang bisa memberikan solusi yang tepat saat ada yang curhat,POSITIF
Merasa terbebani dengan curhatan teman yang selalu negatif,NEGATIF
Biasanya curhat menjadi momen melepaskan beban pikiran,POSITIF
Merasa risih saat orang yang tidak dikenal curhat secara mendadak,NEGATIF
Netral ketika diajak curhat oleh teman tanpa ada masalah yang serius,NETRAL
Membuatku lebih bersyukur setelah mendengar curhatan orang lain,POSITIF
Aku jadi merasa lega setelah curhat dengan sahabatku,POSITIF
Sedih melihat temanku sedang curhat tanpa solusi yang jelas,NEGATIF
Senangnya bisa curhat dengan orang tua yang selalu mengerti,POSITIF
Kesal dengan teman yang selalu curhat tapi tidak mau dengar saran,NEGATIF
Netral saat teman sekamar curhat tentang masalah cinta,NETRAL
Terharu dengan keberanian seseorang yang berani curhat di depan umum,POSITIF
Bosan mendengar curhatan yang sama dari teman setiap kali bertemu,NEGATIF
"Setelah curhat, aku jadi lebih yakin dengan keputusan yang akan aku ambil",POSITIF
Galau karena tidak tahu bagaimana menanggapi curhatan sahabat yang rumit,NEGATIF
Suka curhat karena merasa lega setelah mengeluarkan semua isi hati,POSITIF
Aku sedih karena teman curhatku tidak peka.,NEGATIF
"Saat curhat, aku senang bisa merasa didengarkan.",POSITIF
Orang yang terus menerus curhat tanpa tindakan membuatku muak.,NEGATIF
Curhat kepada orang tua selalu membuatku lebih tenang.,POSITIF
Curhat hanya membuat masalah terasa semakin berat.,NEGATIF
Mendengarkan curhat teman membuatku merasa dihargai.,POSITIF
"Sering curhat tapi tidak pernah mendengarkan saran, sia-sia saja.",NEGATIF
Orang yang suka curhat seharusnya juga siap menerima masukan.,NETRAL
Aku jadi merasa lega setelah curhat dengan sahabat. Terima kasih!,POSITIF
"Curhat terus tapi nggak pernah berubah, capek rasanya.",NEGATIF
Merasa dihargai saat teman curhat kepadaku.,POSITIF
"Kadang lebih enak curhat ke orang asing, nggak takut dijudge.",NETRAL
Suka curhat tapi malas dengerin curhatan orang lain.,NEGATIF
Curhat ke terapis membantu mengurangi beban pikiran.,POSITIF
"Ketika curhat malah disalahgunakan untuk disebar gosip, kecewa banget.",NEGATIF
"Setiap kali curhat, selalu merasa lebih ringan dan lega.",POSITIF
"Curhat itu penting, tapi jangan sampai jadi bahan olok-olok.",NETRAL
"Sering curhat tapi akhirnya merasa sendiri, sedih rasanya.",NEGATIF
Sedihnya hatiku setelah curhat tapi tidak ada solusi,NEGATIF
Senang bisa curhat dengan orang tua yang selalu mendengarkan,POSITIF
"Ceritaku dianggap sepele saat curhat, rasanya diabaikan",NEGATIF
"Netral saja setelah curhat, tidak terlalu berdampak",NETRAL
Terharu dengan dukungan teman-teman setelah curhat,POSITIF
Marah karena curhatku disebarluaskan oleh teman,NEGATIF
Rasa lega muncul setelah curhat dengan psikolog,POSITIF
Cemas karena curhatku dijadikan bahan gosip,NEGATIF
Hanya merasa sedikit lega setelah curhat singkat,NETRAL
Saya risih mendengarkan curhatan orang lain,NEGATIF
Sedih rasanya mendengar cerita curhat teman saya,NEGATIF
Senang bisa menjadi tempat curhat yang aman bagi banyak orang,POSITIF
Sebaiknya kita lebih sensitif saat mendengarkan curhatan orang lain,NETRAL
Kadang curhatan juga bisa menjadi beban untuk kita sendiri,NEGATIF
Mendengarkan curhatan membuat saya merasa terhubung dengan orang lain,POSITIF
Penting untuk memberikan dukungan saat seseorang sedang curhat,POSITIF
Terlalu banyak curhatan negatif justru bisa mengganggu kesehatan mental,NEGATIF
Saya merasa lebih ringan setelah curhat dengan sahabat terdekat,POSITIF
Sudah bosan mendengar cerita sedihnya dia.,NETRAL
Mulai merasa lelah dengan curhatannya yang tak kunjung berubah.,NEGATIF
Mendengarkan cerita curhatnya membuat saya ikut sedih.,NEGATIF
Memberikan saran positif untuk menyelesaikan masalahnya.,POSITIF
Kadang merasa terbebani dengan curhatan yang terlalu intens.,NEGATIF
Merasa lega setelah dia curhat mengenai beban pikirannya.,POSITIF
Hanya bisa mendengarkan tanpa memberikan solusi yang tepat.,NETRAL
Kesal karena curhatannya berulang kali tanpa ada tindakan nyata.,NEGATIF
Menghargai keberanian dia untuk berbagi cerita curhatnya.,POSITIF
Aku lelah mendengarkan curhatan terus menerus,NEGATIF
Senangnya bisa menjadi tempat curhat yang aman bagi teman-temanku,POSITIF
"Biasanya sambil curhat, teman-teman suka memberikan saran yang bagus",POSITIF
Kesal dengan orang yang selalu curhat tapi tidak pernah mendengarkan saran,NEGATIF
Netral saja ketika teman dekat curhat tentang hubungan mereka yang rumit,NETRAL
"Aku suka curhat dengan sahabat, selalu ada solusi yang diberikan",POSITIF
Terharu saat teman curhat tentang perjuangannya mencapai impian,POSITIF
Kesepian adalah alasan utama teman-teman suka curhat belakangan ini,NEGATIF
"Aku capek dengar dia curhat terus, rasanya jadi ikut lelah",NEGATIF
Seringkali curhat adalah jalan keluar yang tepat untuk meredakan beban pikiran,POSITIF
Dia selalu curhat tapi tak pernah mendengarkan saran yang diberikan,NEGATIF
Menyampaikan curhatan perasaan itu sebenarnya memang penting untuk kesehatan mental,POSITIF
Curhatannya terlalu berlebihan dan membuat suasana jadi tidak nyaman,NEGATIF
"Curhatannya selalu negatif, tanpa pernah melihat sisi positif keadaan",NEGATIF
"Saat dia curhat, aku merasa terharu bisa menjadi tempat dia berbagi cerita",POSITIF
Kadang curhat bisa membuat masalah terasa lebih ringan dan mudah diselesaikan,POSITIF
Curhat terus menerus tanpa upaya untuk memperbaiki diri juga tak akan membantu,NEGATIF
Aku capek mendengarkan semua curhatan teman-temanku,NEGATIF
Senang rasanya bisa menjadi tempat curhat yang aman bagi teman-temanku,POSITIF
Sedih melihat orang lain sedang bersedih saat curhat,NEGATIF
Biasanya curhatan orang bisa memberikan sudut pandang baru,POSITIF
Kesal dengan teman yang hanya mau curhat tapi tidak mau mendengarkan masukan,NEGATIF
Suasana hati membaik setelah mengeluarkan semua curhatan yang tertahan,POSITIF
Bosan dengan teman yang selalu curhat tanpa ada solusi,NEGATIF
"Seringkali orang curhat karena hanya butuh didengarkan, bukan solusi",NETRAL
Menjadi pendengar yang baik saat teman curhat bisa memberikan kebahagiaan tersendiri,POSITIF
Sedih melihat teman sedang curhat karena masalah keluarga,NEGATIF
Rasa capek menghampiri saat harus mendengarkan curhatan yang sama setiap hari,NEGATIF
Merasa terharu ketika melihat seseorang lega setelah curhat,POSITIF
Bosan dengan teman yang selalu curhat tanpa henti,NEGATIF
Merasa terbantu setelah bisa curhat tentang masalah pekerjaan,POSITIF
Sedih karena tidak bisa memberikan solusi untuk curhatan sahabat,NEGATIF
Mendengarkan curhatan bisa menjadi momen pelipur lara yang menyenangkan,POSITIF
Kewalahan dengan curhatan panjang lebar yang tidak kunjung berhenti,NEGATIF
Netral saat mendengarkan curhatan rekan kerja tentang kesulitan di kantor,NETRAL
Kadang merasa tersentuh denger curhatan orang lain.,POSITIF
Ga enak hati kalau nggak bisa bantu teman yang sedang curhat.,NEGATIF
"Biasanya curhatan malah jadi pelipur lara, hehe.",POSITIF
Seringkali jenuh denger curhatan yang sama terus.,NEGATIF
Pernah nggak sih merasa terbebani dengan curhatan teman?,NEGATIF
Merasa nyaman kalau ada teman yang bisa diajak curhat.,POSITIF
Setiap curhatan pasti punya hikmahnya sendiri.,POSITIF
Sebaiknya memilih waktu yang tepat untuk curhat agar lebih efektif.,NETRAL
Sedihnya hatiku ketika curhat tapi tidak ada yang mendengarkan,NEGATIF
Merasa ringan hati setelah curhat ke orang tua,POSITIF
"Curhatanmu terlalu berlebihan, aku jadi pusing",NEGATIF
Suka curhat ke teman karena selalu mendapat dukungan,POSITIF
Merasa diabaikan ketika sedang curhat dengan pacar,NEGATIF
Biasanya curhat membantu menyelesaikan masalah dengan lebih jelas,POSITIF
"Netral dalam pendapat orang curhat, tapi tetap mendengarkan dengan baik",NETRAL
Senangnya dia bisa nyaman cerita ke aku.,POSITIF
Sudah bosan dengan keluh kesahnya yang itu-itu saja.,NEGATIF
Suka membantu teman yang sedang butuh orang untuk curhat.,POSITIF
Hanya bisa bilang 'Iya' dan 'Hmm' saat dia curhat.,NETRAL
Kadang merasa terbebani saat teman terus curhat padaku.,NEGATIF
Rasanya lega setelah bisa bercerita semua beban di hati.,POSITIF
Lebih suka menjaga jarak dengan orang yang suka curhat berlebihan.,NEGATIF
Merasa senang dapat saling curhat dan mendengarkan satu sama lain.,POSITIF
"Hati-hati, terlalu sering curhat bisa membuat orang jenuh.",NEGATIF
Aku jadi merasa lega setelah curhat dengan sahabatku.,POSITIF
Sedihnya hatiku setelah curhat tapi temanku malah cuek.,NEGATIF
Senangnya bisa curhat dengan orang tua yang selalu mendengarkan.,POSITIF
Rasanya kecewa karena curhatku dianggap remeh oleh teman sendiri.,NEGATIF
"Netral saja setelah curhat dengan kakak, tidak ada solusi pasti.",NETRAL
Terharu karena teman-teman selalu siap mendengarkan curhatku.,POSITIF
"Curhatku dianggap lucu oleh mereka, membuatku malu.",NEGATIF
"Biasa saja setelah curhat dengan pacar, tidak terlalu membantu.",NETRAL
Rindu rasanya curhat dengan sahabat terdekat yang sekarang jauh.,NEGATIF
"Merasa lega setelah curhat dengan psikolog, ada solusi yang diberikan.",POSITIF
Saya merasa lega setelah curhat kepada sahabat,POSITIF
Rasanya hati jadi lebih ringan setelah curhat kepada orang tua,POSITIF
"Sedihnya hati ini, tidak ada yang peduli dengan curhatanku",NEGATIF
Seringkali curhat hanya membuat semakin bingung dengan masalah,NEGATIF
Merasa lebih dekat dengan teman setelah saling curhat,POSITIF
Curhat pada orang yang tidak bisa diandalkan hanya akan membuat kecewa,NEGATIF
Hati jadi tenang setelah curhat pada psikolog,POSITIF
Kadang curhat hanya membuat rasa malu semakin besar,NEGATIF
Penting untuk mencari orang yang tepat untuk curhat agar lebih terbuka,POSITIF
Jangan curhat pada orang yang suka menyebarkan rahasia,NEGATIF
Sedih rasanya ketika curhatku dianggap remeh oleh teman sendiri.,NEGATIF
"Saat curhat dengan orang tua, aku selalu merasa didengarkan dengan penuh pengertian.",POSITIF
"Curhatku tak pernah membuatmu peduli, hanya sebatas mendengar tanpa memberikan dukungan.",NEGATIF
Mendengarkan curhatan teman membuatku merasa lebih dekat dan peduli padanya.,POSITIF
Rasa percaya diriku tergoncang setelah curhatku dianggap sepele oleh orang lain.,NEGATIF
"Setelah curhat, aku merasa lebih ringan dan siap untuk menghadapi hari esok dengan semangat baru.",POSITIF
"Terkadang curhat malah membuat suasana hati semakin buruk, apalagi jika tidak didengarkan dengan serius.",NEGATIF
Menerima curhatan orang lain adalah bentuk kepedulian dan empati yang perlu kita tunjukkan.,POSITIF
Saya senang bisa menjadi tempat curhat yang aman bagi banyak orang.,POSITIF
"Jangan terlalu sering curhat, nanti malah bikin down sendiri.",NEGATIF
Mendengarkan curhatan orang lain membuatku merasa terhubung dan lebih bersyukur dengan hidupku.,POSITIF
"Curhat adalah hal yang wajar, tapi jangan sampai mengganggu kesehatan mental sendiri.",NETRAL
"Terkadang, curhat adalah bentuk keberanian untuk berbagi dengan orang lain.",POSITIF
Saya merasa terbebani ketika harus mendengarkan curhatan yang terlalu berlebihan.,NEGATIF
Penting untuk memiliki batasan dalam memberi dan menerima curhatan.,NETRAL
"Aduh, lagi-lagi dia curhat tentang masalah percintaan.",NEGATIF
Sering kali curhat bisa jadi cara yang baik untuk melepaskan beban.,POSITIF
Saya agak muak mendengar terus curhatannya yang sama itu.,NEGATIF
Mendengarkan curhatan teman membuat saya merasa lebih terhubung dengannya.,POSITIF
"Jujur, seringkali saya merasa tidak peduli dengan curhatan orang lain.",NEGATIF
Curhatannya membuat saya merasa bersyukur dengan kehidupan saya sendiri.,POSITIF
Saya merasa terganggu dengan teman yang suka curhat berlebihan.,NEGATIF
Mengeluarkan semua isi hati dalam curhatan terkadang bisa membuat lega.,POSITIF
Saya merasa terharu ketika teman curhat tentang masalah keluarganya.,POSITIF
Curhatannya itu selalu bikin suasana hati jadi buruk.,NEGATIF
Merasa ditolong dan dimengerti setelah curhat kepada orang tua.,POSITIF
Orang yang curhat terus menerus membuat suasana jadi negatif.,NEGATIF
Mendengarkan curhat teman membawa rasa saling pengertian.,POSITIF
Curhat kepada peliharaan seringkali membawa perasaan lega.,POSITIF
Curhat di media sosial bisa mendapat dukungan tapi juga kritik.,NETRAL
Merasa terbantu setelah berhasil curhat ke seorang psikolog.,POSITIF
Curhat kepada orang asing terkadang lebih nyaman dan jujur.,POSITIF
Seringkali curhat hanya membuat beban pikiran semakin berat.,NEGATIF
Aku merasa lega setelah bisa curhat kepada sahabat terdekat.,POSITIF
Sedih rasanya ketika curhat tapi hanya dianggap sepele oleh teman.,NEGATIF
Terkadang curhat bisa menjadi jalan keluar untuk meredakan beban pikiran.,POSITIF
Saya merasa tidak dihargai saat curhat tapi hanya dijadikan bahan gosip.,NEGATIF
Mendengarkan curhatan orang lain juga bisa membuat kita lebih bersyukur dengan hidup ini.,POSITIF
"Kadang curhat membantu, kadang malah menambah beban pikiran sendiri.",NETRAL
"Saat curhat, penting untuk dipastikan kita juga siap menerima saran dan masukan.",POSITIF
Curhat adalah salah satu cara untuk mengekspresikan perasaan yang sulit ditampung sendiri.,POSITIF
Terkadang curhat hanya membuat masalah terasa semakin berat.,NEGATIF
Menerima curhatan dari orang lain merupakan tanda kepercayaan yang besar.,POSITIF
Sering curhat tapi tetap merasa sendiri.,NEGATIF
Sedihnya curhat sama teman tapi malah dianggap sepele.,NEGATIF
"Hati-hati saat curhat, ada yang bisa memanfaatkannya.",NEGATIF
Rasa penasaran ingin tahu curhat orang lain.,NETRAL
Sebaiknya cari profesional jika curhat terlalu berat.,NETRAL
Curhat merupakan bentuk terapi yang efektif.,POSITIF
Senang bisa memberikan dukungan pada sahabat yang sedang curhat,POSITIF
Netral saja ketika mendengarkan cerita curhat dari orang yang tidak terlalu dekat,NETRAL
Terharu saat melihat seseorang curhat dan menceritakan perjuangannya dengan penuh semangat,POSITIF
Jengkel karena teman selalu curhat tapi tidak pernah mengambil langkah untuk memperbaiki situasinya,NEGATIF
Merasa terbebani ketika orang yang baru dikenal langsung curhat tentang masalah pribadi,NEGATIF
Bangga melihat teman bisa berani curhat dan mencari solusi untuk masalahnya,POSITIF
Hati terenyuh ketika mendengar cerita curhat yang penuh kejujuran dan ketulusan,POSITIF
Kesal karena sering jadi tempat curhat tetapi tidak pernah dihargai,NEGATIF
Biasa-biasa saja saat mendengarkan curhat seseorang yang cenderung mengeluh tanpa usaha untuk merubah,NETRAL
Dia selalu curhat padaku dan aku merasa terbebani,NEGATIF
Suka mendengarkan curhatan teman karena bisa memberikan dukungan,POSITIF
Merasa senang karena ada teman yang percaya untuk curhat,POSITIF
Sudah muak dengan curhatan yang terus-menerus,NEGATIF
Mendengar curhatan membuat saya merasa tersentuh,POSITIF
Lebih suka mencari solusi daripada curhat terus-menerus,NETRAL
Curhatan seringkali membawa energi positif pada hubungan,POSITIF
Kadang curhatan bisa menjadi ladang masalah baru,NEGATIF
Membantu sahabat dengan mendengarkan curhatannya adalah sebuah kebahagiaan,POSITIF
Senang banget bisa curhat sama teman dekat,POSITIF
Kadang suka merasa lega setelah curhat,POSITIF
Suka ribet juga sih dengerin curhatan orang,NEGATIF
Sebenarnya gak suka curhat tapi kadang perlu juga,NETRAL
"Biasanya curhat sama sahabat, rasanya lebih ringan",POSITIF
Sering curhat malah bikin tambah stres,NEGATIF
Dengerin curhat orang kadang jadi belajar banyak hal,POSITIF
"Jangan terlalu sering curhat, nanti malah dibilang ngeluh terus",NEGATIF
Curhat itu penting untuk kesehatan mental,POSITIF
Sedih melihat sahabat curhat tentang masalah keluarganya.,NEGATIF
Merasa terbantu setelah menyampaikan keluh kesah pada orang tua.,POSITIF
Merasa kesepian karena tidak punya teman untuk curhat.,NEGATIF
Suka membantu teman curhat meski terkadang melelahkan.,POSITIF
Merasa frustasi ketika curhat tapi tidak ada yang mendengarkan.,NEGATIF
Biasa saja ketika mendengarkan curhatan rekan kerja.,NETRAL
Senang bisa menjadi tempat curhat yang aman bagi banyak orang.,POSITIF
Kesal karena sering dimanfaatkan sebagai tempat curhat tanpa pamrih.,NEGATIF
Menerima curhatan dari teman sebagai bentuk kepercayaan.,POSITIF
Sedih melihat teman yang terus curhat tapi tidak juga berubah,NEGATIF
Merasa terbantu setelah curhat dengan orang tua,POSITIF
Senang bisa jadi tempat curhat yang dipercaya oleh teman,POSITIF
Merasa tertekan karena selalu jadi tempat curhat teman,NEGATIF
Suka mendengarkan cerita dan curhatan dari orang lain,POSITIF
Kesal karena sering dijadikan tempat curhat tanpa diminta pendapat,NEGATIF
"Netral saja saat teman curhat, asal tidak terlalu sering",NETRAL
Membantu teman curhat adalah hal yang wajar dan baik dilakukan,POSITIF
"Dia selalu curhat tentang masalahnya, agak melelahkan mendengarkannya",NEGATIF
Senang bisa menjadi pendengar yang baik saat teman sedang curhat,POSITIF
Sedih melihat teman sedang curhat tapi tidak bisa membantu banyak,NEGATIF
"Merasa lega setelah curhat, rasanya hati jadi lebih ringan",POSITIF
"Curhatnya terlalu panjang dan bertele-tele, bikin bosan",NEGATIF
Suka memberikan saran positif kepada orang yang sedang curhat,POSITIF
"Mengerti perasaan orang yang butuh curhat, selalu siap mendengarkan",POSITIF
Kesal karena teman hanya mengeluh terus tanpa mau mencari solusi,NEGATIF
"Selesai curhat, tapi malah disalahpahami, jadi tambah pusing",NEGATIF
"Netral saat mendengarkan curhatan teman, hanya mengiyakan saja",NETRAL
"Curhatannya sangat mengharukan, semoga dia mendapatkan solusi yang tepat.",POSITIF
Sudah bosan dengan curhatan terus-menerus tanpa tindakan nyata.,NEGATIF
"Setiap orang butuh tempat untuk curhat, itu wajar dan manusiawi.",POSITIF
Merasa lega setelah bisa curhat tentang masalah yang selama ini dirahasiakan.,POSITIF
"Curhatannya terlalu dramatis, seperti mencari perhatian semata.",NEGATIF
Seringkali curhat bisa menjadi bentuk terapi yang efektif untuk mengatasi stres.,POSITIF
"Ketika curhat tidak dihargai dan dipandang remeh, rasanya lebih baik diam saja.",NEGATIF
Gagal move on karena terus menerus curhat tentang mantan.,NEGATIF
Mendengarkan curhatan orang lain bisa memberikan perspektif baru dalam menyelesaikan masalah sendiri.,POSITIF
"Merasa terbantu setelah curhat, ternyata banyak orang peduli pada masalahnya.",POSITIF
Senang bisa punya teman yang selalu siap mendengarkan curhatanku.,POSITIF
Saya merasa lega setelah curhat kepada sahabat terbaikku.,POSITIF
Kadang merasa malu juga kalau curhat terlalu banyak kepada orang lain.,NEGATIF
Curhatanmu membuatku semakin memahami perasaanmu.,POSITIF
Sebaiknya pilih waktu yang tepat saat ingin curhat kepada seseorang.,NETRAL
"Kadang merasa curhat tidak menyelesaikan masalah, malah tambah ribet.",NEGATIF
Terima kasih sudah selalu mendengarkan curhatanku tanpa bosan.,POSITIF
"Curhatanmu membuatku juga ikut sedih, semoga bisa membantu menyelesaikan masalahmu.",NETRAL
Aku capek dengar cerita masalah orang lain,NEGATIF
Suka senang bisa curhat dengan sahabat terdekat,POSITIF
Mendengar curhatan teman membuatku merasa terharu,POSITIF
Curhatan terus menerus tanpa solusi bikin lelah,NEGATIF
Merasa lega setelah mengeluarkan curhatan yang lama ditahan,POSITIF
Kadang curhatan itu bisa jadi beban pikiran,NEGATIF
Terkadang curhatan hanya membuat masalah terasa lebih berat,NEGATIF
Menyimpan banyak curhatan dalam hati bisa membuat stres,NEGATIF
Mendengarkan curhatan orang lain bisa memberi pelajaran hidup,POSITIF
"Aku selalu jadi tempat curhat teman-temanku, senang bisa membantu mereka",POSITIF
Seringkali capek karena selalu didatangi teman yang sedang curhat masalah percintaan,NEGATIF
Merasa terbebani ketika teman kerap curhat masalah pekerjaan padahal aku juga punya masalah sendiri,NEGATIF
"Senang bisa curhat dengan sahabat, terasa lega setelah berbagi cerita",POSITIF
Kadang merasa tersiksa karena menjadi tempat curhat tetangga yang selalu mengeluh,NEGATIF
"Suka mendengarkan curhatan orang lain, memberi wawasan baru bagi diri sendiri",POSITIF
Merasa diabaikan karena teman lebih memilih curhat ke orang lain daripada ke aku,NEGATIF
Ngerasa tersentuh hati ketika bisa membantu teman yang sedang butuh curhat,POSITIF
"Kadang bosan juga ya jadi tempat curhat terus, butuh refreshing pikiran sendiri",NEGATIF
Merasa hubungan semakin erat ketika sering curhat bersama sahabat dekat,POSITIF
"Curhatanku hanya dianggap sepele oleh orang lain, membuatku semakin tertekan.",NEGATIF
Mendengarkan curhatan orang lain membuatku merasa terharu dan bersyukur dengan kehidupanku.,POSITIF
"Sering curhat tapi tidak pernah ada solusi, rasanya seperti diabaikan.",NEGATIF
Menjadi tempat curhat bagi teman-teman membuatku merasa dicintai dan dihargai.,POSITIF
"Curhatku dianggap sebagai beban oleh keluargaku, membuatku semakin terpuruk.",NEGATIF
"Setelah curhat, aku merasa lebih ringan dan siap menghadapi masalah dengan kepala dingin.",POSITIF
Mendengar curhat yang terus-menerus membuatku jenuh dan lelah.,NEGATIF
Curhat dengan orang yang ramah dan penuh pengertian selalu membuatku merasa tenang.,POSITIF
Aku merasa kesepian karena tidak punya teman curhat yang bisa dipercaya.,NEGATIF
Aku capek dengar curhatan terus dari teman ini. Mulai bikin lelah.,NEGATIF
Senang bisa jadi tempat curhat yang aman bagi teman-teman. Semoga bisa memberikan dukungan yang dibutuhkan.,POSITIF
"Suka deg-degan saat mau curhat, takut dianggap lebay.",NEGATIF
Mendengarkan curhatan orang lain bisa membuat kita lebih empati dan peduli.,POSITIF
"Sebaiknya memilih waktu yang tepat saat ingin curhat, agar tidak mengganggu keseharian orang lain.",NETRAL
"Teman dekatku selalu curhat tentang hal yang sama, mulai terasa membosankan.",NEGATIF
Curhat adalah salah satu cara untuk melepaskan beban pikiran dan hati.,POSITIF
"Ketika curhatan tak kunjung selesai, mulai merasa tidak dihargai.",NEGATIF
Suka merasa lega setelah berhasil curhat ke sahabat.,POSITIF
Menerima dan mendengarkan curhatan teman adalah tanda bahwa kita peduli.,POSITIF
Ada teman yang senang curhat kepadaku setiap kali ada masalah,POSITIF
Sedih melihat sahabat terus curhat tanpa pernah mencari solusi,NEGATIF
Suka membantu orang yang sedang curhat untuk merasa lega,POSITIF
Selalu siap mendengarkan cerita curhat dari siapapun,POSITIF
Terbebani ketika banyak teman yang mengandalkan untuk curhat,NEGATIF
Menyadari pentingnya mendengarkan curhatan orang lain,POSITIF
Merasa tersiksa saat harus pura-pura mendengarkan curhat yang membosankan,NEGATIF
"Saat sendiri, suka mengingat curhatan teman dan merenungkannya",POSITIF
Kewalahan dengan beban curhatan teman-teman yang bertubi-tubi,NEGATIF
Sedih melihat teman baikku sedang curhat karena putus cinta,NEGATIF
"Saat curhat, teman-teman selalu memberikan dukungan yang hangat",POSITIF
Rasa percaya diri meningkat setelah curhat dengan orang terdekat,POSITIF
Merasa terbebani ketika harus mendengarkan curhatan yang sama berkali-kali,NEGATIF
Netral saja saat dia curhat tentang pekerjaannya yang membuat frustasi,NETRAL
Suka curhat dengan sahabat karena selalu memberikan solusi yang baik,POSITIF
Kesal karena curhatan disalahartikan dan malah jadi masalah baru,NEGATIF
Senang bisa menjadi pendengar yang baik ketika teman sedang curhat,POSITIF
Kebingungan saat teman curhat tanpa memberikan konteks yang jelas,NETRAL
"Aku merasa lega setelah curhat kepada sahabat, terima kasih atas pendengarannya.",POSITIF
Rasanya hati jadi lebih ringan setelah bercerita tentang masalahku.,POSITIF
Merasa terbebani karena harus mendengarkan curhatan teman setiap hari.,NEGATIF
Seringkali merasa tidak dihargai setelah mendengarkan curhatan teman.,NEGATIF
Membantu orang lain dengan mendengarkan curhat mereka membuat hari-hari jadi lebih bermakna.,POSITIF
Sulit fokus pada pekerjaan karena terganggu dengan curhatan teman sepanjang hari.,NEGATIF
Memiliki seseorang yang siap mendengarkan curhat kita adalah anugerah besar.,POSITIF
Aku merasa lega setelah curhat ke teman tentang masalahku,POSITIF
Dia hanya pura-pura mendengarkan saat aku curhat padanya,NEGATIF
"Sering kali setelah curhat, aku merasa lebih ringan dan tenang",POSITIF
Curhatanku tidak dianggap serius oleh orang lain,NEGATIF
Senangnya bisa curhat dengan seseorang yang mengerti,POSITIF
Kecewa karena diputuskan teman sendiri setelah curhat,NEGATIF
Curhat malam ini membuatku merenungkan banyak hal,NETRAL
Aku merasa terbantu setelah mendengar saran dari teman yang kubilang kepadanya,POSITIF
"Setiap kali curhat kepadanya, rasanya hatiku lebih tenang",POSITIF
Takut menceritakan masalahku karena khawatir dianggap lemah,NEGATIF
Saya merasa lega setelah curhat dengan sahabat terbaik,POSITIF
Orang yang terus curhat tanpa tindakan membuat orang lain jengkel,NEGATIF
Penting bagi kita untuk curhat saat merasa tertekan,POSITIF
Saya merasa disayang karena teman selalu mendengarkan curhat saya,POSITIF
Seringkali curhat dapat menjadi solusi untuk mengatasi masalah,POSITIF
Curhat terus menerus tanpa perubahan membuat hidup semakin sulit,NEGATIF
Mendengarkan curhat teman membuat saya merasa terhubung,POSITIF
Rasa percaya diri bisa meningkat setelah curhat dengan seseorang yang dipercaya,POSITIF
Saya tidak suka saat orang hanya ingin curhat tapi tidak mau mendengarkan saran,NEGATIF
Merasa lega setelah curhat adalah hal yang wajar dan manusiawi,POSITIF
Rasanya hatiku hancur saat dia tidak mendengarkan curhatanku dengan baik.,NEGATIF
"Suka mendengarkan curhatan teman, terkadang memberikan solusi yang tepat.",POSITIF
Seringkali merasa terbebani saat harus mendengarkan curhatan yang terlalu panjang.,NEGATIF
Biasanya merasa lebih ringan setelah curhat kepada orang tua.,POSITIF
Kadang kesal juga saat curhatan kita dianggap remeh oleh orang lain.,NEGATIF
Menyimpan banyak curhatan dalam hati membuat pikiran terasa lebih berat.,NEGATIF
Merasa bersyukur memiliki teman yang selalu siap mendengarkan curhatan tanpa menghakimi.,POSITIF
Sering merasa terharu saat melihat orang lain saling mendengarkan curhat dengan penuh perhatian.,POSITIF
Aku merasa lega setelah curhat kepada sahabat terdekat,POSITIF
Sudah bosan mendengar teman yang terus curhat tanpa ada solusi,NEGATIF
Mendengarkan curhatannya membuatku semakin terbuka pikiranku,POSITIF
Seringkali curhat menjadi wadah untuk melepaskan beban pikiran,POSITIF
Tidak suka jika orang lain curhat terus menerus tanpa mau mendengarkan pendapatku,NEGATIF
Penting untuk menemukan teman yang bisa jadi pendengar yang baik saat curhat,POSITIF
Curhat merupakan cara yang efektif untuk mengurangi stres,POSITIF
Kadang curhat malah membuat suasana hati semakin buruk,NEGATIF
Merasa terbantu setelah berani membuka diri dan curhat kepada orang terpercaya,POSITIF
"Kelelahan karena selalu menjadi tempat curhat teman, tapi tidak bisa menolak",NEGATIF
"Aduh, capek banget curhat terus, nggak ada yang dengerin.",NEGATIF
Senang banget punya teman yang selalu siap mendengarkan curhatanku.,POSITIF
Sedih rasanya curhat tapi malah dianggap sepele oleh teman sendiri.,NEGATIF
"Biasanya curhat bisa melegakan hati, tapi kadang malah bikin tambah baper.",NEGATIF
"Setiap kali curhat, selalu merasa lega dan lebih ringan hati.",POSITIF
"Suka curhat sama sahabat, tapi kadang takut dianggap ribet.",NETRAL
Terima kasih sudah selalu sabar mendengarkan curhatan aku.,POSITIF
Kadang curhat justru bikin hubungan dengan teman jadi renggang.,NEGATIF
"Sering curhat tapi malah dianggap cari simpati, jadi malu.",NEGATIF
"Merasa lega setelah curhat, ternyata teman juga punya masalah yang lebih berat.",NETRAL
Senang bisa menjadi tempat curhat yang dipercaya,POSITIF
Sedih melihat teman terus curhat tanpa solusi,NEGATIF
Biasanya curhatan orang bisa jadi pelajaran berharga,POSITIF
Merasa tertekan karena selalu jadi tempat curhat seorang teman,NEGATIF
Kadang merasa terganggu dengan curhatan yang berlebihan,NEGATIF
Menyenangkan bisa membantu menyelesaikan masalah lewat curhatan,POSITIF
Kesal karena curhatan tidak dihargai dan diabaikan,NEGATIF
Menghargai kepercayaan seseorang yang memilih curhat padaku,POSITIF
Aku sedih karena teman curhatku ternyata tidak peduli dengan masalahku.,NEGATIF
Orang yang terlalu sering curhat bisa terlihat mengganggu.,NEGATIF
Biasanya saya merasa lebih ringan setelah curhat kepada psikolog.,POSITIF
Curhat terus menerus tanpa solusi hanya akan memperburuk kondisi emosional.,NEGATIF
Membantu teman curhat merupakan bagian dari persahabatan yang baik.,POSITIF
Sering curhat tanpa tindakan adalah tanda ketidakmatangan emosional.,NEGATIF
Menyimpan perasaan sendiri tanpa curhat bisa membuat stres bertambah.,NETRAL
Memiliki teman yang mau mendengarkan curhat adalah anugerah.,POSITIF
Senang bisa menjadi teman yang selalu ada saat teman curhat butuh pendengar.,POSITIF
"Biasa saja mendengarkan cerita curhat orang lain, itu memang bagian dari persahabatan.",NETRAL
Kesal karena sering jadi tempat curhat orang tapi tidak pernah dihargai.,NEGATIF
Merasa terbantu setelah curhat kepada teman dan mendapat dukungan yang positif.,POSITIF
Merasa lelah harus selalu menjadi tempat curhat orang lain tanpa bisa berbagi.,NEGATIF
Bangga bisa memberikan solusi yang membantu pada teman yang sedang curhat.,POSITIF
Netral saat mendengarkan curhatan tanpa terlalu terpengaruh secara emosional.,NETRAL
Kecewa karena curhatan panjang lebar kepada sahabat malah disebarluaskan ke orang lain.,NEGATIF
Menyenangkan bisa saling curhat dan mendukung satu sama lain dalam kesulitan.,POSITIF
"Saat teman curhat, aku selalu siap mendengarkan tanpa menghakimi.",POSITIF
Kadang curhatan teman bisa membuatku ikut sedih.,NEGATIF
Aku merasa senang ketika bisa membantu teman yang sedang curhat.,POSITIF
Curhat adalah sarana yang penting untuk saling mendukung di antara teman.,POSITIF
Tidak enak rasanya saat curhatan kita dianggap remeh oleh orang lain.,NEGATIF
Mendengarkan curhatan membuatku lebih memahami perasaan teman.,POSITIF
Curhatan yang terlalu panjang seringkali membuatku kehilangan kesabaran.,NEGATIF
Aku merasa lega setelah curhat ke sahabat.,POSITIF
Sedihnya hatiku setelah mengeluarkan isi hatiku dalam curhatan.,NEGATIF
Rasanya lebih ringan setelah curhat dengan orang tua.,POSITIF
Saya merasa kecewa karena teman tidak mendengarkan curhatanku.,NEGATIF
Semua beban terasa hilang setelah curhat dengan terapis.,POSITIF
Seringkali merasa tidak dihargai setelah curhat pada orang yang tidak peduli.,NEGATIF
Mendapat saran yang baik setelah curhat dengan kakak.,POSITIF
Kesusahan hati tidak terobati setelah curhat pada seseorang yang tidak peka.,NEGATIF
Senang bisa berbagi cerita pada sahabat yang selalu mendengarkan curhatanku.,POSITIF
Rasa frustasi makin bertambah saat curhat tak mendapat tanggapan positif.,NEGATIF
Aku selalu siap mendengarkan curhatan teman-temanku dengan senang hati,POSITIF
Merasa lelah karena sering jadi tempat curhat orang lain tanpa ada yang mendengarkan curhatanku,NEGATIF
Seringkali merasa terbebani dengan cerita curhatan teman yang berlarut-larut,NEGATIF
Mendengarkan curhatan orang lain sering kali memberikan perspektif baru bagi saya,POSITIF
Kadang merasa kesepian karena tidak memiliki teman yang mau mendengarkan curhatanku,NEGATIF
Curhatan di malam hari terasa lebih dalam dan menyentuh hati,POSITIF
Sulit bagi saya untuk memahami curhatan orang yang selalu berputar-putar tanpa solusi,NEGATIF
Menyediakan waktu untuk mendengarkan curhatan orang lain adalah bentuk empati yang baik,POSITIF
Terkadang saya merasa terbebani karena curhatan yang seharusnya tidak seharusnya menjadi beban saya,NEGATIF
Sedih melihat teman yang sedang curhat tentang masalah keluarganya.,NEGATIF
Senang bisa menjadi tempat curhat yang dipercayai oleh sahabat.,POSITIF
Rasa bosan muncul saat mendengarkan cerita curhat yang terlalu panjang.,NEGATIF
Netral mendengarkan curhatan rekan kerja tentang suasana kantor.,NETRAL
Merasa terbantu setelah berbagi curhat dengan orang tua.,POSITIF
Kesal karena sering menjadi tempat curhat tetapi tidak pernah didengarkan.,NEGATIF
Suka memberikan saran positif saat teman curhat tentang hubungan percintaannya.,POSITIF
Kebingungan saat mendengar curhatan yang bertele-tele dan tidak jelas.,NEGATIF
Tersentuh hati saat mendengar curhatan tentang perjuangan hidup seseorang.,POSITIF
Merasa lega setelah curhat tentang beban pikiran yang selama ini dirasakan sendiri.,POSITIF
Aku merasa lega setelah curhat tentang masalah kerjaan,POSITIF
Sudah bosan curhat terus tapi tidak ada solusi yang diberikan,NEGATIF
"Saat curhat, teman-teman selalu memberikan dukungan positif",POSITIF
"Curhatnya cuma buang-buang waktu, tidak ada yang peduli",NEGATIF
Sering curhat membuat beban hati terasa lebih ringan,POSITIF
"Setelah curhat panjang lebar, akhirnya pikiran jadi lebih jernih",POSITIF
"Curhat tentang kesendirian, malah membuat hati semakin hampa",NEGATIF
Teman yang mau mendengarkan curhatan adalah anugerah sejati,POSITIF
Curhat tentang masalah keluarga membuat suasana hati semakin lelah,NEGATIF
"Saat curhat, ada rasa lega karena bisa berbagi beban dengan orang lain",POSITIF
Aku capek mendengar curhatan terus menerus dari teman ini.,NEGATIF
Bosan dengan curhatan yang terus menerus tanpa solusi.,NEGATIF
Sebaiknya kita bisa bijak dalam memilih waktu untuk curhat kepada orang lain.,POSITIF
Merasa terbantu setelah mendengar curhatan teman yang memotivasi.,POSITIF
Lelah mendengar curhatan yang berulang-ulang tanpa tindakan yang nyata.,NEGATIF
Seringkali curhatan membuat hubungan antar teman menjadi lebih erat.,POSITIF
Merasa tertekan karena selalu jadi tempat curhat teman tanpa pamrih.,NEGATIF
Sudah bosan dengan teman yang hanya tahu curhat tapi tidak pernah mendengarkan.,NEGATIF
Mendengarkan curhatan orang lain dapat menjadi pelajaran berharga.,POSITIF
Terkadang merasa kesepian karena tidak punya teman yang bisa diajak curhat.,NEGATIF
"Saat curhat, saya merasa didengarkan dan dipahami oleh lawan bicara.",POSITIF
"Curhatan tidak selalu membawa solusi, terkadang hanya untuk sekadar melepas emosi.",NETRAL
Lebih suka curhat kepada orang yang tidak terlalu dekat agar tidak jadi gosip.,NETRAL
Senang banget bisa curhat sama sahabat terbaik!,POSITIF
"Sering curhat tapi tidak pernah ada solusi, bikin frustasi.",NEGATIF
Orang yang suka curhat seharusnya belajar mandiri menyelesaikan masalah.,NETRAL
Curhat malam-malam bisa jadi cara untuk meredakan stres.,POSITIF
Suka curhat tapi sering dianggap mengeluh terus.,NEGATIF
Penting untuk memilih waktu yang tepat saat ingin curhat kepada seseorang.,NETRAL
Rasa percaya diri meningkat setelah curhat dengan orang tua,POSITIF
Saya merasa diabaikan saat curhat ke teman-teman,NEGATIF
Merasa lega namun khawatir setelah curhat dengan psikolog,NETRAL
"Setelah curhat, aku jadi lebih yakin untuk menghadapi masalah",POSITIF
Sulit untuk curhat ketika tidak ada yang bisa dipercaya,NEGATIF
Curhat kepada orang asing terkadang lebih nyaman daripada kepada teman sendiri,NETRAL
Mendengarkan curhatan orang lain membuat saya lebih empati,POSITIF
Senangnya bisa menjadi tempat curhat bagi sahabat yang membutuhkan.,POSITIF
Sedih melihat teman sedang curhat tentang masalahnya yang rumit.,NEGATIF
Biasanya curhatan membuat hati jadi lebih ringan setelah dibagikan.,POSITIF
Aku merasa tidak enak hati setelah mendengar curhatan dari sahabat.,NEGATIF
Mendengarkan curhatan dari orang lain bisa membuka wawasan kita.,POSITIF
Seringkali curhatan hanya membuat suasana jadi tegang di antara teman.,NEGATIF
Terima kasih sudah mau mendengarkan curhatan yang tak kunjung usai.,POSITIF
Kadang curhatan bisa menjadi hiburan sendiri di tengah kepenatan.,POSITIF
Memiliki teman yang siap mendengarkan curhatan adalah anugerah.,POSITIF
Saya merasa lega setelah curhat dengan sahabat saya,POSITIF
Merasa sedih karena curhatan saya dianggap remeh oleh teman,NEGATIF
Curhat hari ini membuat saya lebih ringan,POSITIF
Sering kali curhat hanya membuat masalah semakin rumit,NEGATIF
Mendengarkan curhatan orang lain bisa membuat saya lebih memahami perasaan mereka,POSITIF
Kadang curhat bisa membuat hubungan antar teman menjadi lebih dalam,POSITIF
Terlalu sering curhat tanpa solusi hanya membuat saya frustasi,NEGATIF
Curhat adalah langkah pertama untuk menyembuhkan hati yang terluka,POSITIF
Saya merasa terbantu setelah curhat dengan psikolog,POSITIF
Merasa sedih karena teman curhatku tidak mendengarkan dengan sepenuh hati.,NEGATIF
"Saat curhat kepada orang tua, aku selalu merasa didukung dan dimengerti.",POSITIF
Mendengarkan curhatan orang lain membuatku terbebani.,NEGATIF
Seringkali curhat membantu melepaskan beban pikiran.,POSITIF
Curhat terus-menerus tanpa solusi hanya membuat masalah semakin rumit.,NEGATIF
Mendapat saran yang bijak setelah curhat membuatku merasa lebih yakin menghadapi masalah.,POSITIF
Ada kelegaan tersendiri setelah curhat kepada psikolog profesional.,POSITIF
Curhat kepada orang yang tidak bisa menjaga rahasia hanya akan menambah masalah.,NEGATIF
Aku merasa diabaikan saat curhat kepada teman-temanku.,NEGATIF
"Saat curhat, rasanya beban hatiku semakin ringan.",POSITIF
Curhatan teman-teman selalu membuatku merasa capek dan lelah.,NEGATIF
Curhatan terus-menerus tanpa solusi membuatku frustasi.,NEGATIF
Orang yang suka curhat tanpa henti membuat suasana jadi tidak nyaman.,NEGATIF
"Saat curhat, rekan kerja saya memberikan dukungan yang luar biasa.",POSITIF
Aku sedih karena curhatanku dianggap remeh oleh teman-temanku.,NEGATIF
Merasa disayang saat ada yang mau mendengarkan curhatanku.,POSITIF
"Orang yang selalu curhat tapi tidak pernah mendengarkan curhat orang lain, menyebalkan.",NEGATIF
"Saat curhat, aku merasa dihargai dan dipahami.",POSITIF
Curhat adalah bentuk kejujuran diri yang penting untuk kesehatan mental.,POSITIF
Sering curhat tanpa mencari solusi hanya memperburuk masalah.,NEGATIF
Menerima curhatan teman adalah bentuk empati yang perlu kita tunjukkan.,POSITIF
Sedihnya hati ini setelah curhat tapi tidak dianggap serius.,NEGATIF
Sering curhat tapi tidak pernah ada solusi yang diberikan.,NEGATIF
Curhat di grup diskusi online membuat beban hati terangkat.,POSITIF
Malas mendengarkan curhatan yang tidak kunjung berubah.,NEGATIF
Berkumpul dengan sahabat untuk curhat adalah obat yang mujarab.,POSITIF
Merasa diabaikan setelah curhat kepada pasangan.,NEGATIF
Curhat adalah proses penting untuk menjaga kesehatan mental.,POSITIF
Sudah bosan curhat terus tapi masalah tidak kunjung selesai.,NEGATIF
"Suka banget dengerin curhatan teman, bisa saling dukung.",POSITIF
"Biasanya curhatnya panjang lebar, bikin capek dengerin.",NEGATIF
"Sedih banget denger curhatan teman, pengen bantu tapi ga bisa apa-apa.",NEGATIF
"Suka curhat ke sahabat dekat, lega banget setelahnya.",POSITIF
Seneng deh bisa jadi tempat curhat yang dipercaya sama teman.,POSITIF
Kadang suka merasa terbebani dengan curhatan orang lain.,NEGATIF
"Ga suka curhat ke orang yang ga bisa simpati, malah tambah sedih.",NEGATIF
"Netral aja deh, ya kadang suka curhat kadang juga ga.",NETRAL
Sudah bosan mendengar teman yang terus curhat tanpa henti,NEGATIF
Orang yang selalu curhat namun tidak pernah mau mencari solusi,NEGATIF
"Saat curhat ke orang tua, aku merasa lebih tenang",POSITIF
Tidak suka jika teman hanya curhat tanpa mau mendengarkan pendapatku,NEGATIF
Merasa terbantu setelah curhat kepada psikolog,POSITIF
Orang yang suka curhat tapi tidak pernah mendengarkan saran orang lain,NEGATIF
Mendengarkan curhatan teman membuatku lebih menghargai persahabatan,POSITIF
Ada teman yang curhat terus-menerus tanpa pernah merasa puas,NEGATIF
Aku bosan mendengar dia terus-terusan curhat tentang masalahnya,NEGATIF
"Seringkali, orang yang sedang curhat hanya butuh didengarkan tanpa perlu memberi solusi",POSITIF
Gue jadi risih kalau teman curhat terus tapi nggak pernah menghargai saran yang aku berikan,NEGATIF
Merasa lega setelah bisa menumpahkan semua beban pikiran dengan teman curhat,POSITIF
Kadang kesal juga sih kalau curhatannya terlalu berlebihan dan nggak realistis,NEGATIF
Suka merasa terharu saat melihat teman curhat bisa merasa lebih lega setelah berbicara,POSITIF
Kurang suka dengan orang yang suka curhat tanpa memikirkan perasaan pendengar,NEGATIF
Mendengarkan cerita teman yang curhat bisa membuatku lebih bersyukur dengan kehidupan sendiri,POSITIF
Terkadang menyulitkan juga kalau ada yang curhat tapi seakan-akan tidak mau diberi saran,NEGATIF
Membantu teman curhat adalah salah satu bentuk empati dan solidaritas antarmanusia,POSITIF
Sedih rasanya curhat tapi tidak ada yang mendengarkan,NEGATIF
Merasa diperhatikan dan dimengerti ketika curhat kepada orang tua,POSITIF
Curhat terus-menerus membuatku semakin larut dalam kesedihan,NEGATIF
Curhat bisa menjadi momen untuk melepaskan beban pikiran,POSITIF
Merasa dicuekin saat sedang butuh curhat adalah hal yang menyakitkan,NEGATIF
Curhat adalah cara terbaik untuk menyembunyikan kesedihan,NEGATIF
Tidak semua orang bisa menjadi tempat curhat yang baik,NEGATIF
"Ketika curhat, terkadang lebih banyak mendengarkan daripada bicara",NETRAL
Saya merasa lega setelah curhat dengan sahabat terbaikku,POSITIF
Aku merasa semakin terbebani setelah curhat tapi tidak mendapatkan solusi,NEGATIF
Curhat adalah cara terbaik untuk mengeluarkan beban hati,POSITIF
Saya merasa diabaikan ketika curhat kepada teman-teman,NEGATIF
Curhat seringkali membuat suasana hati menjadi lebih ringan,POSITIF
Seseorang yang suka curhat terlalu banyak biasanya membuat orang lain jenuh,NEGATIF
Aku merasa dipahami setelah curhat dengan orangtua,POSITIF
Curhat hanya akan memperburuk suasana jika tidak dipahami dengan baik,NEGATIF
Orang yang suka mendengarkan curhatan orang lain biasanya memiliki hati yang lapang,POSITIF
Aku merasa tertolong setelah curhat kepada seorang psikolog,POSITIF
"Aku capek mendengarkan curhatan dia terus, rasanya sudah tidak kuat lagi",NEGATIF
"Senang bisa menjadi tempat curhat yang aman bagi teman-teman, selalu siap mendengarkan",POSITIF
"Sudah tidak tahan dengan curhatan yang berlebihan, butuh istirahat dari semua ini",NEGATIF
Mendengarkan curhatan orang lain membuat saya merasa terhubung dan lebih menghargai kehidupan,POSITIF
"Kadang sulit membedakan mana curhat dan mana keluh kesah, terkadang terasa menyebalkan",NETRAL
"Curhatan teman-teman selalu memberi inspirasi dan motivasi bagi saya, sangat berharga",POSITIF
"Jenuh dengan curhatan yang terus menerus tanpa ada solusi yang diambil, membuat situasi semakin buruk",NEGATIF
Mengungkapkan isi hati kepada orang lain melalui curhatan dapat membantu meringankan beban pikiran,POSITIF
Curhatan yang hanya berisi keluhan tanpa upaya untuk mencari solusi membuat suasana jadi terasa suram,NEGATIF
Menjadi pendengar setia bagi teman-teman yang sedang curhat adalah kebahagiaan tersendiri bagi saya,POSITIF
Menyenangkan bisa curhat dan mendapat dukungan dari keluarga,POSITIF
Rasanya beban hati berkurang setelah curhat kepada seseorang,POSITIF
Merasa diabaikan saat sedang curhat membuatku semakin terpuruk,NEGATIF
Netral saja rasanya setelah selesai curhat tentang masalah pekerjaan,NETRAL
"Terima kasih sudah mau mendengarkan curhatanku, kamu luar biasa",POSITIF
Kecewa karena sahabat sendiri tidak bisa jadi tempat curhat yang baik,NEGATIF
"Saat curhat, aku merasa lebih ringan dan lega setelahnya",POSITIF
Terkadang curhat kepada orang asing lebih nyaman daripada teman sendiri,NETRAL
Biasanya setelah curhat rasanya jadi lega ya.,POSITIF
Kadang malah ga enak hati setelah curhat.,NEGATIF
Segera cari orang tua untuk curhat masalah ini.,POSITIF
"Teman gue curhat mulu, jadi bosen dengerin.",NEGATIF
"Suka curhat ke sosial media, biar banyak tanggapan.",NETRAL
"Ketika curhat, pasti cari yang bisa kasih solusi.",POSITIF
Curhat ke sahabat selalu jadi pilihan yang tepat.,POSITIF
"Temen gw curhat, tapi malah bikin gw tambah stres.",NEGATIF
Sudah bosan mendengar curhatan terus-menerus dari teman.,NEGATIF
Senang bisa menjadi tempat curhat yang dipercaya oleh banyak orang.,POSITIF
Merasa kelelahan mendengarkan cerita sedih teman yang tak kunjung berhenti.,NEGATIF
Sedih melihat teman yang selalu curhat tapi tidak pernah mencari solusi.,NEGATIF
Merasa terbantu setelah curhat mengenai masalah keluarga kepada sahabat terdekat.,POSITIF
Bosan dengan curhatan yang terkesan terlalu dramatis dan berlebihan.,NEGATIF
Merasa lega setelah bisa curhat kepada orang tua dan mendapat dukungan penuh.,POSITIF
Kesal karena teman hanya menganggap curhatan sendiri yang paling penting.,NEGATIF
Menyadari bahwa curhatan juga bisa menjadi sarana untuk belajar menjadi lebih baik.,POSITIF
Aku merasa lega setelah curhat dengan sahabatku tentang masalah keluarga.,POSITIF
Sedih melihat teman curhat terus menerus tapi tidak pernah mau berubah.,NEGATIF
Merasa terbantu setelah mencurahkan isi hati kepada psikolog.,POSITIF
Seringkali merasa muak dengan orang yang selalu curhat tanpa solusi.,NEGATIF
"Sebagai teman, kita harus siap mendengarkan curhatan sahabat tanpa menghakimi.",POSITIF
Terkadang curhat bisa membuat beban pikiran menjadi lebih ringan.,POSITIF
Sulit memahami orang yang selalu curhat tapi tidak pernah bersedia mencari solusi.,NEGATIF
"Ketika curhatan tidak mendapat respons yang positif, rasanya seperti bicara kepada tembok.",NEGATIF
Menerima curhatan dari orang lain adalah bentuk empati yang baik.,POSITIF
Kadang curhatan hanya menjadi alasan untuk mencari perhatian semata.,NEGATIF
Saya lelah mendengarkan curhatan terus-menerus dari teman saya.,NEGATIF
Terima kasih sudah mau mendengarkan curhatanku tanpa komplain.,POSITIF
Aku merasa lega setelah bisa curhat kepada seseorang.,POSITIF
Seringkali aku merasa tidak berguna saat harus mendengarkan curhatan yang berlarut-larut.,NEGATIF
Mungkin saat ini aku butuh waktu untuk sendiri tanpa harus curhat pada siapapun.,NETRAL
Terlalu banyak curhatan bisa membuat suasana hati menjadi buruk.,NEGATIF
Mendengarkan curhatan orang lain kadang membuat saya merasa terharu.,POSITIF
Kadang merasa terbebani ketika teman curhat soal masalahnya padaku.,NEGATIF
Suka mendengarkan curhatan teman karena bisa memberikan solusi.,POSITIF
Merasa lega setelah selesai curhat kepada sahabat terdekat.,POSITIF
Seringkali merasa sedih setelah mendengar cerita curhatan dari orang lain.,NEGATIF
"Ketika curhatan berubah menjadi gosip, rasanya tidak nyaman.",NEGATIF
Menyadari pentingnya saling mendengarkan saat orang curhat tentang masalahnya.,POSITIF
"Terlalu lelah untuk curhat kepada siapapun, lebih baik simpan sendiri.",NEGATIF
Menghargai kepercayaan teman yang memilih untuk curhat padaku.,POSITIF
Saya merasa lega setelah curhat kepada sahabat karib saya.,POSITIF
Rasanya hati ini semakin berat setelah curhat tanpa ada solusi.,NEGATIF
Mendengarkan curhatan teman membuat saya merasa lebih dekat dengannya.,POSITIF
Sudah bosan dengan curhatan yang terus menerus tanpa perubahan.,NEGATIF
Curhatan teman membuat suasana hati menjadi lebih terang.,POSITIF
Merasa terbantu namun juga terbebani setelah mendengarkan curhatan seorang teman.,NETRAL
"Curhatan di grup WhatsApp kadang membantu, kadang membuat bingung.",NETRAL
Merasa dikecewakan karena curhatan yang disampaikan tidak dipahami dengan baik.,NEGATIF
Sesekali curhat kepada orang lain bisa menjadi penyegar pikiran.,POSITIF
Sedih melihat teman sedang bersedih saat curhat.,NEGATIF
Suka membantu orang yang butuh curhat dan mencari solusi bersama.,POSITIF
Netral saja saat mendengarkan curhatan teman tentang masalahnya.,NETRAL
Terharu dengan keberanian seorang teman yang berani curhatkan masalahnya.,POSITIF
Kesal karena curhatan yang seharusnya pribadi malah disebarluaskan.,NEGATIF
Seringkali merasa terbantu setelah curhatkan beban pikiran kepada orang lain.,POSITIF
Merasa risih ketika orang asing curhatkan masalah pribadi secara mendadak.,NEGATIF
"Aduh, capek banget curhat terus tapi gak di dengerin sama sekali.",NEGATIF
"Senang banget bisa curhat sama sahabat, rasanya lega.",POSITIF
"Sedihnya, curhatan kita dianggap sepele sama orang lain.",NEGATIF
"Suka curhat di media sosial, dapet dukungan dari netizen.",POSITIF
"Kangen banget curhat sama orang tua, sayang jauh di sana.",NETRAL
"Kecewa, teman curhat malah nyinyir terus ngasih saran.",NEGATIF
Selalu merasa ringan hati setelah curhat dengan terapis.,POSITIF
"Sering curhat sama sibling, karena mereka paham tanpa banyak tanya.",POSITIF
"Bete banget curhat sama teman, malah dianggap mencari perhatian.",NEGATIF
"Pusing mikirin masalah sendiri, akhirnya curhat sama pacar.",POSITIF
Aku lelah mendengarkan temanku yang terus curhat tentang masalah percintaannya.,NEGATIF
"Saat kita sedang sedih, curhat kepada sahabat bisa jadi obat yang mujarab.",POSITIF
Curhat adalah cara terbaik untuk melepaskan beban pikiran yang mengganggu.,POSITIF
"Hati-hati dalam curhat, terkadang rahasia kita bisa bocor karena keluar dari mulut orang lain.",NEGATIF
Saya merasa lega setelah curhat kepada orang tua tentang masalah di kantor.,POSITIF
Curhat adalah wujud dari kepercayaan dan keintiman antara dua orang.,POSITIF
Mendengarkan curhatan teman adalah bentuk empati yang baik.,POSITIF
Jangan sampai curhatan kita malah membuat orang lain merasa tertekan.,NEGATIF
Curhat kepada psikolog bisa membantu menemukan solusi dari masalah yang dihadapi.,POSITIF
Alhamdulillah punya teman yang selalu mau dengerin curhatanku.,POSITIF
"Suka curhat sama orang yang gak dengar-dengar, bikin tambah pusing.",NEGATIF
Senangnya bisa curhat dan direspon dengan empati oleh sahabat.,POSITIF
"Sebenernya males curhat sih, tapi udah gak tahan banget ini.",NEGATIF
Rasanya lega banget setelah mencurahkan isi hati yang selama ini dipendam.,POSITIF
"Curhat ke seseorang yang hanya menghakimi, bikin nyesek.",NEGATIF
"Kadang curhat malah bikin masalah tambah rumit, jadi mending diem aja.",NEGATIF
Suka curhat ke sahabat karena selalu memberikan solusi yang tepat.,POSITIF
Aku bosan mendengarkan curhatan terus menerus dari temanku.,NEGATIF
"Saat teman curhat padaku, aku selalu siap mendengarkan dengan sabar.",POSITIF
Merasa lega setelah bisa curhat kepada seseorang yang dipercayai.,POSITIF
Saya merasa sedih ketika harus mendengarkan curhatan teman yang sedang bersedih.,NEGATIF
Mendengarkan curhatan bisa menjadi momen untuk saling mendukung dan memahami.,POSITIF
"Saat curhatan berubah menjadi gossip, rasanya tidak nyaman.",NEGATIF
Terima kasih karena selalu ada untuk mendengarkan curhatan saya.,POSITIF
Menyimpan sendiri masalah tanpa curhat membuat beban pikiran semakin berat.,NEGATIF
Curhatanmu membuatku jadi lebih menghargai kehidupan sendiri.,POSITIF
Rasanya hati jadi lebih ringan setelah aku curhat tentang masalah ini.,POSITIF
Aku merasa kecewa karena teman curhatku tidak mendengarkan dengan baik.,NEGATIF
Sedih rasanya saat curhat kepada seseorang malah dianggap remeh.,NEGATIF
Hati tenang setelah berbagi cerita kepada orang yang bisa dipercaya.,POSITIF
Merasa diabaikan ketika curhat kepada sahabat tapi tidak direspon.,NEGATIF
"Saat curhat, teman-teman selalu memberikan dukungan positif.",POSITIF
Terlalu banyak curhat justru membuat suasana hati semakin buruk.,NEGATIF
Hati lega setelah berhasil menyampaikan curhat kepada psikolog.,POSITIF
Aku capek mendengarkan curhatan terus menerus dari teman-temanku,NEGATIF
Senang bisa menjadi tempat curhat yang aman bagi teman-temanku,POSITIF
Sedih melihat orang yang selalu curhat tapi tidak pernah berusaha memperbaiki dirinya,NEGATIF
Biasanya saya merasa lega setelah curhat kepada seseorang,POSITIF
Kadang sulit bagi saya untuk memahami perasaan teman yang sedang curhat,NETRAL
Kebaikan hati seorang teman dapat terlihat dari seberapa sering mereka mendengarkan curhat kita,POSITIF
"Saya suka curhat kepada kucing peliharaanku, mereka selalu dengarkan dengan sabar",POSITIF
Rasanya lelah dengan tekanan emosional setiap kali ada yang curhat,NEGATIF
Mendengarkan curhatan orang lain juga bisa membuat kita belajar lebih banyak tentang empati,POSITIF
"Ketika curhatan teman terlalu berat, terkadang sulit untuk menemukan kata-kata yang tepat",NETRAL
"Aduh, capek deh dengerin curhatan terus...",NEGATIF
Senang bisa jadi tempat curhat yang dipercaya teman.,POSITIF
Sedih banget denger curhatan tentang masalah keluarga.,NEGATIF
Terharu melihat teman curhat dan berusaha mengatasi masalahnya.,POSITIF
Biasa aja sih denger cerita curhatan orang lain.,NETRAL
"Kangen curhatan sama sahabat, jadi pengen ketemu.",POSITIF
Lelah banget mendengarkan keluhan yang sama terus menerus.,NEGATIF
Suka curhatan teman karena bisa saling memberikan dukungan.,POSITIF
Bosen deh sama curhatan yang nggak ada solusi.,NEGATIF
Nyaman saat curhatan dianggap serius dan diberikan saran.,POSITIF
Sudah bosan mendengar cerita sedih dari teman curhat terus,NEGATIF
Merasa terbebani ketika terlalu sering jadi tempat curhat teman,NEGATIF
Mendengarkan curhatan orang lain bisa memberikan wawasan baru,POSITIF
Kadang sulit membedakan antara curhat dan sekadar mencari perhatian,NETRAL
Bosan dengan cerita curhat yang terlalu dramatis tanpa solusi,NEGATIF
Suka memberi nasihat positif kepada teman yang sedang curhat,POSITIF
Merasa terharu ketika mampu membantu meredakan beban curhatan teman,POSITIF
Kesal karena curhatan dianggap sepele padahal penting bagi yang mengungkapkannya,NEGATIF
Menyadari bahwa menjadi pendengar yang baik seringkali lebih berharga daripada memberi solusi,POSITIF
Sedih banget mendengar curhatan teman tentang masalah percintaannya.,NEGATIF
Senang bisa menjadi tempat curhat yang dipercaya oleh sahabat.,POSITIF
Merasa bosan mendengar curhatan yang berulang-ulang tanpa ada perubahan.,NEGATIF
Setiap curhatan selalu memberikan wawasan dan pemahaman baru.,POSITIF
Seringkali merasa lelah mengurus masalah orang lain yang curhat.,NEGATIF
Merasa tersentuh hati ketika mendengar curhatan yang penuh emosi.,POSITIF
Kadang sulit membedakan antara curhatan yang serius dan hanya iseng belaka.,NETRAL
"Terima kasih atas curhatanmu, semoga segala masalah akan segera teratasi.",POSITIF
Kesal karena curhatan yang disampaikan terkesan terlalu dramatis.,NEGATIF
Hati terasa lega setelah curhat kepada teman yang bisa memberikan solusi.,POSITIF
"Sudah bosan dengar curhatan terus dari teman, bikin capek.",NEGATIF
Kadang merasa tertekan saat harus mendengarkan curhatan yang berat.,NEGATIF
Suka membantu orang lain dengan mendengarkan curhatannya.,POSITIF
Merasa terharu ketika teman curhat cerita pengalaman pahitnya.,POSITIF
Sering merasa lelah karena harus menahan emosi saat mendengarkan curhatan yang bertele-tele.,NEGATIF
"Ketika curhatan menjadi saluran untuk menyampaikan rasa syukur, hati jadi hangat.",POSITIF
Kesal karena teman hanya curhat tanpa mau mencari solusi untuk masalahnya.,NEGATIF
Merasa terbantu setelah curhat mengenai masalah keluarga kepada orang yang mengerti.,POSITIF
Terkadang sulit membedakan antara teman yang benar-benar curhat atau cuma ingin mencari perhatian.,NETRAL
Sudah bosan mendengar teman yang terus-terusan curhat tanpa pernah mencari solusi.,NEGATIF
Saya merasa dihargai ketika teman-teman selalu mendengarkan curhatanku tanpa menghakimi.,POSITIF
Orang yang terlalu sering curhat cenderung terlihat lemah di mata orang lain.,NEGATIF
"Merasa lega setelah berbagi beban dengan orang terdekat, itu penting untuk kesehatan mental.",POSITIF
Saya merasa terbebani ketika harus mendengarkan curhatan teman yang selalu berulang-ulang tentang hal yang sama.,NEGATIF
Curhat adalah salah satu cara untuk melepaskan emosi yang terpendam.,POSITIF
Terlalu sering curhat tanpa tindakan nyata hanya akan membuat masalah semakin rumit.,NEGATIF
"Saat dihujani curhatan oleh teman, kadang saya merasa terharu karena dipercaya untuk mendengarkan.",POSITIF
"Curhat itu penting, tapi jangan sampai mengganggu keseimbangan dalam hubungan.",NETRAL
Aku sedih karena terus-terusan disakiti oleh orang lain,NEGATIF
Curhat adalah salah satu cara untuk meredakan beban pikiran,POSITIF
Saya tidak suka ketika orang hanya curhat tanpa mencari solusi,NEGATIF
Mendengarkan curhatan teman bisa menjadi momen empati yang mendalam,POSITIF
Kadang curhat malah membuat saya tambah bingung dengan masalah sendiri,NEGATIF
Curhat adalah bentuk keberanian untuk berbagi vulnerabilitas,POSITIF
Saya merasa muak dengan teman yang selalu curhat namun tidak mau berubah,NEGATIF
Curhat membantu saya merasa lebih ringan dan lega di dalam hati,POSITIF
Aku merasa kesepian karena teman-temanku lebih suka curhat kepada orang lain,NEGATIF
Senangnya bisa jadi tempat curhat yang dipercaya oleh teman.,POSITIF
"Hati-hati ya kalau curhat sama orang, bisa jadi malah disalahgunakan informasinya.",NEGATIF
Sering curhat bisa jadi cara untuk melepaskan beban pikiran.,POSITIF
Sudah bosan dengan curhatan yang selalu sama dari teman.,NEGATIF
Merasa sedih ketika curhatan tidak dihargai oleh lawan bicara.,NEGATIF
Menyadari bahwa curhat sebenarnya juga memerlukan keberanian.,POSITIF
Lebih baik curhat kepada orang tua daripada teman sebaya.,POSITIF
Tetap semangat meski sering jadi tempat curhat teman tentang masalahnya.,POSITIF
"Jika terlalu sering curhat, orang bisa terlihat lemah dan negatif.",NEGATIF
Curhat secara online kurang efektif daripada tatap muka.,NEGATIF
Orang yang sering curhat cenderung lebih emosional.,NEGATIF
Curhat bisa mempererat hubungan antar teman.,POSITIF
Kadang curhat membuat masalah terasa lebih kecil dan mudah diselesaikan.,POSITIF
Suka bingung harus gimana saat teman curhat padahal tidak tahu solusinya.,NEGATIF
Merasa terharu bisa membantu teman curhat mengatasi masalahnya.,POSITIF
"Biasanya curhatan malah bikin tambah stres, jadi lebih baik dihindari.",NEGATIF
Suasana hati jadi lebih ringan setelah curhat dengan sahabat terdekat.,POSITIF
Kadang merasa terbebani dengan curhatan orang lain yang berlarut-larut.,NEGATIF
Menyadari betapa pentingnya punya teman curhat ketika sedang dalam kesulitan.,POSITIF
Seringkali curhatan hanya membuat suasana hati semakin memburuk.,NEGATIF
Merasa lega setelah berhasil curhat dan mendapat dukungan dari keluarga.,POSITIF
Merasa tertekan karena tidak punya teman curhat yang bisa dipercaya.,NEGATIF
Sedih karena merasa diabaikan saat sedang butuh teman curhat.,NEGATIF
Rasa lega muncul setelah menyampaikan semua beban hati kepada teman terbaik.,POSITIF
Kecewa karena curhat kepada orang tua malah dianggap sepele.,NEGATIF
"Netral saat curhat kepada psikolog, masih menunggu efeknya.",NETRAL
"Berkat curhat, saya merasa lebih ringan dan tenang dalam menghadapi masalah.",POSITIF
Frustasi karena merasa tidak ada yang mengerti saat curhat.,NEGATIF
Merasa terbantu setelah curhat secara online pada komunitas yang mendukung.,POSITIF
Senang banget bisa curhat dan di dengarkan teman-teman.,POSITIF
"Sedihnya hati ini setelah curhat, tapi lega juga sekaligus.",NETRAL
Curhat sama sahabat selalu bikin hati adem.,POSITIF
Udah bosan denger curhatan yang sama terus!,NEGATIF
"Kesal juga sih curhat tetapi ga direspon, apa gunanya...",NEGATIF
"Astagfirullah, sedih banget curhatin masalah ini.",NEGATIF
Alhamdulillah lega bisa curhat dan dapat solusi dari sahabat.,POSITIF
Cinta banget sama yang suka denger curhatan gue.,POSITIF
"Biasa aja sih curhat sama si dia, ga ada perubahan.",NETRAL
Sedihnya hatiku ketika curhat tapi tak ada yang mendengarkan.,NEGATIF
Sensasi curhat di malam hari membuat hati tentram.,POSITIF
Orang yang suka curhat sering kali dicap sebagai pengeluh.,NEGATIF
Mendengarkan curhatan teman membuat aku lebih memahami perasaannya.,POSITIF
Curhat yang berlebihan bisa membuat orang jadi terlihat lemah.,NEGATIF
Setiap orang pasti pernah merasakan butuh curhat pada saat tertentu.,NETRAL
Curhat membantu memperkuat ikatan persahabatan di antara kita.,POSITIF
"Sering curhat tapi tidak pernah mencari solusi, itu hanya membuang-buang waktu.",NEGATIF
"Aku suka mendengarkan curhatan teman-teman, terasa menyenangkan bisa memberikan dukungan",POSITIF
"Sudah bosan dengan teman yang terus curhat tanpa henti, membuatku stres",NEGATIF
"Saat sedang curhat, aku merasa lega bisa berbagi beban dengan orang lain",POSITIF
Merasa risih dengan orang yang cuma curhat tapi tidak mau berusaha mengubah keadaan,NEGATIF
"Curhat merupakan salah satu cara untuk melepaskan beban pikiran, sangat membantu",POSITIF
Seringkali curhat hanya membuat masalah terasa semakin berat dan rumit,NEGATIF
"Suka marah sendiri ketika teman curhat soal hal sepele, kurang bisa menghargai",NEGATIF
Mendengarkan curhatan orang lain membuatku merasa terhubung dan lebih dekat,POSITIF
Kadang curhatan hanya menjadi alasan untuk mencari perhatian belaka,NEGATIF
Curhat adalah bentuk kejujuran dan keberanian untuk berbagi cerita yang sebenarnya,POSITIF
Aku bosan dengar curhatan terus dari teman-temanku.,NEGATIF
Sudah capek mendengar curhatan yang tidak kunjung selesai.,NEGATIF
Terkadang curhatan orang lain bisa membuatku merasa terbebani.,NEGATIF
Merasa lega setelah berhasil mengutarakan curhatanku kepada teman.,POSITIF
Suka memberikan pendengaran yang baik saat teman curhat padaku.,POSITIF
Kadang curhatan orang bisa memberi inspirasi dan motivasi bagiku.,POSITIF
Merasa sedih mendengar curhatan tentang masalah keluarga yang rumit.,NEGATIF
Lebih suka mencari solusi daripada hanya menerima curhatan tanpa tindakan.,NETRAL
Menghargai kepercayaan orang yang memilihku sebagai tempat curhatannya.,POSITIF
"Aduh, capek banget dengerin curhatan temen mulu.",NEGATIF
"Suka deg-degan kalo mau curhat ke seseorang, takut dianggap lebay.",NEGATIF
Rasanya lega banget setelah curhat tentang masalah keluarga.,POSITIF
"Kadang suka bingung, apakah curhatan kita dianggap penting oleh orang lain.",NETRAL
"Duh, curhatan hari ini bikin semangat kerja hilang.",NEGATIF
Merasa terbantu setelah curhat tentang tekanan kerja yang dialami.,POSITIF
Suka curhat sama sahabat karena selalu mendengarkan dengan sepenuh hati.,POSITIF
"Kadang mikir, sebaiknya curhat saja di diary daripada ke orang lain.",NETRAL
Sering merasa lega setelah curhat tentang konflik di tempat kerja.,POSITIF
Curhatku hanya dijadikan bahan gosip oleh teman-teman.,NEGATIF
Orang yang terlalu sering curhat membuat suasana jadi negatif di lingkungan kerja.,NEGATIF
Aku senang bisa menjadi tempat curhat teman-teman yang membutuhkan.,POSITIF
Curhatannya terlalu bertele-tele dan membuatku bosan.,NEGATIF
"Meski hanya curhat lewat pesan singkat, aku merasa didengarkan dengan baik.",POSITIF
Curhat adalah salah satu cara menyembuhkan hati yang sedang terluka.,POSITIF
Saya merasa kehilangan teman curhat setelah dia pindah ke luar kota.,NEGATIF
Curhatanmu membuatku tersentuh dan memberi semangat baru.,POSITIF
Aku capek mendengar curhatanmu terus-menerus.,NEGATIF
"Suka mendengarkan cerita orang, bisa memberikan semangat.",POSITIF
Setiap orang butuh teman untuk berbagi keluh kesah.,NETRAL
Kadang curhatan hanya membuat suasana hati semakin buruk.,NEGATIF
Aku merasa terbantu setelah curhat dengan sahabat terdekat.,POSITIF
Mendengarkan curhatan orang lain membuatku ikut merasa sedih.,NEGATIF
Orang yang suka curhat cenderung lebih terbuka dan jujur.,POSITIF
Curhat adalah tanda bahwa seseorang membutuhkan dukungan.,POSITIF
Terlalu banyak curhatan hanya membuat suasana menjadi tegang.,NEGATIF
"Aku merasa lega setelah curhat ke sahabat, dia sangat mendengarkan dengan penuh perhatian.",POSITIF
Sedihnya hatiku setelah curhat tapi teman-teman malah tidak mengerti perasaanku.,NEGATIF
"Curhatku ke ibu selalu membuatku merasa lebih ringan, beliau selalu memberikan dukungan tanpa henti.",POSITIF
"Rasanya sepertinya tidak ada gunanya curhat, semua orang hanya asyik dengan urusannya sendiri.",NEGATIF
"Setelah curhat, aku jadi lebih yakin bahwa masalah ini pasti bisa aku atasi.",POSITIF
"Merasa frustasi setelah curhat ke teman, mereka malah menganggap remeh masalahku.",NEGATIF
"Curhat ke orang asing di forum online membuatku merasa lega, mereka memberikan pandangan yang objektif.",POSITIF
"Sudah bosan curhat, terasa seperti tidak ada yang benar-benar peduli dengan ceritaku.",NEGATIF
"Setelah curhat ke kakak, aku merasa lebih optimis menghadapi hari-hari mendatang.",POSITIF
"Curhatku hanya dianggap sepele oleh semua orang, membuatku semakin sendiri dalam masalah ini.",NEGATIF
Aku merasa lega setelah curhat dengan sahabat dekatku.,POSITIF
Sudah bosan mendengar teman curhat terus tanpa ada solusi.,NEGATIF
Curhat tentang masalah pekerjaan selalu membuatku stres.,NEGATIF
"Hati-hati saat curhat, bisa jadi informasi pribadi kamu disebarluaskan.",NEGATIF
"Saat sedih, curhat kepada orang terdekat bisa jadi penyejuk hati.",POSITIF
Sering kali curhatan hanya membuat suasana hati semakin berat.,NEGATIF
Ada rasa lega ketika bisa curhat tanpa takut dihakimi.,POSITIF
Sulit fokus saat bekerja karena terlalu banyak orang curhat di sekitar.,NEGATIF
Aku capek mendengarkan curhatan dia terus.,NEGATIF
Mendengarkan curhatan orang lain membuat kita lebih peka.,POSITIF
Sudah bosan dengan curhatan yang berulang-ulang.,NEGATIF
Curhat adalah cara untuk melepaskan beban pikiran.,POSITIF
Kadang curhatan malah menimbulkan konflik di antara teman.,NEGATIF
Menjadi pendengar curhat bisa memberikan rasa puas tersendiri.,POSITIF
Terkadang curhatan hanya membuat orang lain merasa kesal.,NEGATIF
Curhat adalah bentuk kepercayaan yang berharga.,POSITIF
Saya lelah mendengarkan curhatan terus menerus dari teman saya.,NEGATIF
Senang bisa menjadi teman yang bisa mendengarkan curhatan sahabat dengan penuh perhatian.,POSITIF
"Jujur, seringkali curhatan orang lain membuat saya merasa tidak enak hati.",NEGATIF
Mendengarkan curhatan teman adalah salah satu cara untuk saling mendukung dan mempererat pertemanan.,POSITIF
Saya merasa tersentuh saat mendengar curhatan yang dalam dari seseorang.,POSITIF
Kadang saya juga butuh curhatan untuk melepas beban pikiran yang mengganggu.,POSITIF
Saya kesal karena curhatan saya dianggap sepele oleh orang lain.,NEGATIF
Menyimpan curhatan sendiri tanpa dibagi kepada siapapun bisa membuat hati terasa lebih berat.,NEGATIF
Mendengarkan curhatan orang lain bisa memberikan perspektif baru dalam melihat masalah.,POSITIF
"Hati-hati dalam curhat, jangan sampai informasi pribadi menjadi bahan gosip orang lain.",NEGATIF
"Aduh, capek banget curhat terus ga ada solusinya.",NEGATIF
"Senang banget bisa curhat sama teman, rasanya lega.",POSITIF
Sering curhat ke orang lain tapi malah dianggap ngerepotin.,NEGATIF
"Jujur, aku sedih banget bisa curhat sama kamu.",NEGATIF
"Curhat ke teman dekat, ternyata solusinya sederhana tapi ampuh.",POSITIF
Curhat sama saudara sendiri justru malah dianggap cari perhatian.,NEGATIF
"Suka curhat ke sosial media, dapat dukungan dari netizen.",POSITIF
Bosan curhat terus tapi ga ada yang dengerin dengan serius.,NEGATIF
"Kamu selalu jadi tempat curhat yang paling nyaman, terima kasih.",POSITIF
Terkadang curhat bisa jadi beban kalau ga ada yang mendengarkan dengan baik.,NEGATIF
Dia sangat beruntung punya teman yang bisa diajak curhat,POSITIF
Sedih melihat teman curhat terus menerus tanpa solusi,NEGATIF
Sering curhat bisa memberikan rasa lega dan penguatan,POSITIF
Bosan dengan teman yang hanya mau curhat tapi tidak mau mencari solusi,NEGATIF
Kesal dengan teman yang hanya curhat tapi tidak mau mendengarkan saran,NEGATIF
Curhat adalah cara yang baik untuk mengeluarkan beban pikiran,POSITIF
Merasa terbebani karena selalu menjadi tempat curhat teman,NEGATIF
"Dengan curhat, kita bisa saling memahami dan mendukung satu sama lain",POSITIF
Tidak nyaman ketika teman curhat terus menerus tanpa memberikan dukungan,NEGATIF
"Aduh, bosan banget dengerin curhatan orang terus.",NEGATIF
Biasanya curhatan itu jadi ajang berbagi pengalaman yang berharga.,POSITIF
Penting untuk memberikan dukungan saat orang curhat butuh pendengar.,POSITIF
Terlalu capek untuk menanggapi curhatan yang tak kunjung selesai.,NEGATIF
Merasa lega setelah berhasil melepaskan beban dengan curhat kepada sahabat.,POSITIF
Kesal dengan orang yang hanya curhat tapi tidak pernah mau mencari solusi.,NEGATIF
Menyadari bahwa curhatan juga bisa menjadi cara untuk mencari pemecahan masalah.,POSITIF
Aku terharu mendengar curhatan temanku yang begitu dalam.,POSITIF
Merasa lega setelah berhasil curhat kepada seseorang.,POSITIF
Curhatanmu membuatku semakin tertekan dan khawatir.,NEGATIF
Suka membantu teman curhat dan memberikan dukungan.,POSITIF
Curhat terus-menerus tanpa solusi membuat situasi semakin rumit.,NEGATIF
"Netral saja, tidak terlalu peduli dengan urusan curhat-mencurhat.",NETRAL
Perlu waktu sendiri setelah mendengar curhatan berat dari sahabat.,NETRAL
Tidak suka disuruh curhat karena merasa tidak nyaman membuka diri.,NEGATIF
Seseorang yang suka curhat tapi tidak pernah mau diberi solusi.,NEGATIF
Menganggap curhatan teman sebagai beban sendiri.,NEGATIF
"Setelah curhat, saya merasa lebih siap menghadapi tantangan.",POSITIF
"Curhat adalah bentuk kepercayaan, jangan disepelekan.",POSITIF
Aku merasa lega setelah curhat dengan sahabatku,POSITIF
Seringkali merasa kesepian karena tidak punya teman curhat,NEGATIF
Mendengarkan curhatan orang lain membuatku belajar lebih banyak tentang kehidupan,POSITIF
Kadang terasa menyebalkan saat selalu jadi tempat curhat teman yang sama,NEGATIF
Rasa sedihku selalu berkurang setelah curhat dengan orangtua,POSITIF
Merasa terbebani dengan curhatan teman yang terlalu berlebihan,NEGATIF
"Saat curhat dengan sahabat, aku merasa didengarkan dan dimengerti sepenuhnya",POSITIF
"Ketika curhat tak kunjung selesai, rasanya ingin menghindar",NEGATIF
Menyukai momen curhat dengan sahabat di tengah malam yang penuh makna,POSITIF
Sering kali merasa lelah dengan curhatan teman yang selalu bertele-tele,NEGATIF
Aku bosan mendengar terus curhatanmu tentang masalah yang sama.,NEGATIF
"Terima kasih sudah mau mendengarkan curhatanku, kamu sangat peduli.",POSITIF
"Sudahlah, jangan terus-terusan curhat tanpa mencari solusi.",NEGATIF
Saat-saat curhat seperti ini membuatku merasa lega.,POSITIF
Aku merasa risih dengan teman yang selalu curhat tanpa henti.,NEGATIF
Mendengarkan curhatan orang lain kadang membuat saya terharu.,POSITIF
Curhat adalah cara yang baik untuk melepaskan beban pikiran.,POSITIF
Aku merasa diabaikan karena teman-temanku jarang mau mendengarkan curhatanku.,NEGATIF
"Sulit juga ya, harus tetap bersikap netral saat mendengar curhatan teman.",NETRAL
Tolong jangan bilang rahasia curhatanku ke siapapun ya.,NEGATIF
Aku merasa lega setelah curhat dengan teman dekatku.,POSITIF
Sedih melihat temanku selalu curhat tapi tidak pernah menceritakan kabar baik.,NEGATIF
"Merasa terbantu setelah curhat ke psikolog, jadi merasa lebih ringan.",POSITIF
Sering curhat tapi terkadang merasa tidak ada yang mengerti.,NEGATIF
Senang bisa menjadi pendengar setia saat teman sedang curhat.,POSITIF
Kesal karena sering jadi tempat curhat teman tapi tidak pernah dihargai.,NEGATIF
Netral saja saat teman mulai curhat tentang masalahnya.,NETRAL
Merasa tertekan karena terlalu banyak orang curhat padaku.,NEGATIF
"Setelah curhat, saya jadi bisa melihat masalah dari sudut pandang yang berbeda.",POSITIF
Suka curhat di media sosial karena merasa banyak yang mendukung.,POSITIF
Aku capek dengerin curhatan terus dari teman-temanku.,NEGATIF
Senangnya bisa menjadi tempat curhat yang dipercaya oleh orang lain.,POSITIF
Sudah bosan dengan curhatan yang tidak kunjung selesai.,NEGATIF
Merasa lega setelah curhat kepada seseorang yang bisa dipercaya.,POSITIF
Sedih melihat teman curhat tapi tidak mau menerima solusi.,NEGATIF
Menyadari pentingnya mendengarkan curhatan orang lain dengan penuh perhatian.,POSITIF
Kangen curhat bersama sahabat lama di masa-masa sulit.,POSITIF
Bosan dengan curhatan yang terlalu dramatis tanpa solusi.,NEGATIF
Suka memberikan nasihat positif kepada teman yang sedang curhat.,POSITIF
Merasa terbebani dengan curhatan yang berulang-ulang dari seseorang.,NEGATIF
Aku merasa lega setelah curhat kepada sahabat dekatku,POSITIF
"Sedihnya hatiku, curhatanku dianggap remeh oleh teman-temanku",NEGATIF
Merasa terbantu setelah mengeluarkan beban hati dalam sesi curhat,POSITIF
Suka marah sendiri setiap kali curhat tapi tidak kunjung merasa lega,NEGATIF
Curhatan malam ini membuatku semakin yakin bahwa dia adalah sahabat sejati,POSITIF
Rasa kecewa melanda ketika curhatanku dianggap tidak penting oleh orang lain,NEGATIF
"Netral saja, curhatan itu hanya untuk sekedar meluapkan perasaan",NETRAL
Kesal karena curhatanku malah dijadikan bahan gosip oleh orang lain,NEGATIF
"Setelah curhat, aku merasa ringan seperti beban di pundakku hilang",POSITIF
"Sibuk sendiri curhat, tapi teman-teman tidak peduli",NEGATIF
Sudah bosan mendengar curhatan teman yang tidak pernah berubah.,NEGATIF
Senang bisa menjadi tempat curhat yang aman bagi orang lain.,POSITIF
Merasa terbebani dengan curhatan terus-menerus dari orang sekitar.,NEGATIF
Mendengarkan curhatan orang lain membuat hati terasa hangat.,POSITIF
Kadang merasa capek dengan curhatan yang datang tanpa henti.,NEGATIF
"Suka membaca curhatan orang di media sosial, seringkali membuat terharu.",POSITIF
Merasa terganggu dengan curhatan yang seolah tak berujung.,NEGATIF
Menyadari pentingnya saling curhat untuk menjaga kesehatan mental.,POSITIF
"Ketika sedang sendiri, seringkali merasa butuh orang untuk curhat.",NETRAL
Memahami bahwa curhatan adalah cara untuk melepaskan beban pikiran.,POSITIF
Aku merasa lega setelah bisa curhat kepada sahabatku,POSITIF
Sudah bosan dengar curhatan terus menerus tanpa ada perubahan,NEGATIF
Mendengarkan curhatan seseorang membuatku merasa terharu,POSITIF
Curhatan dia membuat suasana hati jadi buruk,NEGATIF
"Saat curhat, aku merasa didengarkan dan dimengerti sepenuhnya",POSITIF
Curhatan hanya membuat masalah terasa semakin berat,NEGATIF
Suasana hati menjadi lebih ringan setelah berhasil curhat kepada orang tua,POSITIF
Merasa lelah mendengarkan curhatan yang tidak kunjung selesai,NEGATIF
Mendengarkan curhatan teman membantu mempererat hubungan kita,POSITIF
Curhatan yang terlalu berlebihan membuatku jenuh,NEGATIF
Aku jadi lebih lega setelah curhat ke sahabat terbaikku.,POSITIF
Sedih rasanya ketika curhat tapi malah dianggap remeh oleh teman sendiri.,NEGATIF
Suka curhat pada orang tua karena mereka selalu mendengarkan dengan penuh pengertian.,POSITIF
Merasa tenang setelah menumpahkan semua isi hati kepada seorang terapis.,POSITIF
Kesal dengan teman yang hanya curhat tapi tidak pernah mau mendengarkan masalah orang lain.,NEGATIF
Netral saja saat curhat kepada seseorang yang tidak terlalu dekat.,NETRAL
Terlalu khawatir jika curhat kepada orang yang bisa jadi menyalahgunakan informasi itu.,NEGATIF
Senang bisa merasa lebih ringan setelah curhat pada seorang psikolog.,POSITIF
Kurang nyaman ketika curhat tapi malah dijadikan bahan gosip oleh orang lain.,NEGATIF
"Biasa saja saat curhat pada grup chat, tak terlalu ekspektasi untuk didengarkan sepenuhnya.",NETRAL
Sedihnya rasanya saat harus curhat tentang masalah keluarga,NEGATIF
Curhat adalah salah satu cara untuk melepaskan beban pikiran,POSITIF
Saya merasa didengarkan dengan baik saat curhat kepada terapis,POSITIF
Curhat terkadang membuat saya merasa semakin terpuruk,NEGATIF
Merasa lega setelah curhat kepada orang tua tentang masalah di sekolah,POSITIF
Seringkali curhat hanya membuat saya semakin bingung,NEGATIF
Mendengarkan curhatan teman membuat saya merasa terhubung dengannya,POSITIF
Curhat online terkadang tidak memberikan dukungan yang cukup,NEGATIF
Belajar menerima diri sendiri setelah curhat kepada konselor,POSITIF
Sedihnya hatiku setelah curhat tapi temanku malah cuek.,NEGATIF
Merasa terbantu setelah curhat kepada orang tua.,POSITIF
"Dirundung masalah, curhat kepada sahabat bisa meringankan beban.",POSITIF
Sensasi lega dan sedih campur aduk setelah curhat dengan mantan kekasih.,NETRAL
Kesal dengan reaksi teman yang cuek saat curhat tentang pekerjaan.,NEGATIF
Senangnya hati ini setelah menemukan seseorang yang mau dengar curhatanku.,POSITIF
Kesepian hati ini tanpa teman curhat yang bisa dipercaya.,NEGATIF
Netralitas adalah kunci dari curhat yang efektif.,NETRAL
Suka duka dalam curhat mengambang di benakku.,NETRAL
"Video YouTube ini sangat informatif dan menginspirasi, saya suka sekali!",POSITIF
Adegan kontroversial dalam video tersebut membuat saya tidak nyaman menontonnya.,NEGATIF
"Menurut saya, video ini kurang menarik dan membosankan.",NEGATIF
Saya terharu melihat respon positif dari penonton terhadap video ini.,POSITIF
"Tidak ada yang istimewa dari video tersebut, netral saja menurut saya.",NETRAL
Saya sangat terhibur dengan humor yang disajikan dalam video ini.,POSITIF
"Kualitas videonya buruk, saya kesal karena waktu saya terbuang percuma.",NEGATIF
Suasana penuh energi positif dari video ini benar-benar menginspirasi saya.,POSITIF
Isi konten video cukup informatif meskipun pengemasannya kurang menarik.,NETRAL
Saya merasa kecewa dengan komentar negatif yang tidak berdasar tentang video tersebut.,NEGATIF
"Video ini sangat menghibur dan menarik, saya suka sekali!",POSITIF
"Konten video tidak sesuai dengan judulnya, mengecewakan",NEGATIF
"Wow, video ini memberikan ide yang segar dan inspiratif",POSITIF
"Komentar negatif yang tidak berkesudahan, sangat mengganggu",NEGATIF
"Saya merasa video ini biasa saja, tidak ada yang istimewa",NETRAL
Adegan lucu di video membuat saya tertawa terbahak-bahak,POSITIF
"Tidak puas dengan kualitas video, terlalu buram dan tidak jelas",NEGATIF
"Pendapat yang beragam dari pengguna, membuat diskusi menarik",POSITIF
Terlalu banyak iklan yang mengganggu saat menonton video ini,NEGATIF
"Saya merasa terinspirasi setelah menonton video ini, terimakasih!",POSITIF
"Video YouTube ini sangat menghibur, saya jadi ketawa terus. POSITIF",POSITIF
"Saya merasa kecewa dengan konten video ini, tidak sesuai ekspektasi saya. NEGATIF",NEGATIF
"Wow, video ini sangat informatif dan membuat saya tambah pengetahuan. POSITIF",POSITIF
Saya merasa video ini terlalu panjang dan membosankan. NEGATIF,NEGATIF
"Video YouTube favorit saya, selalu memberikan konten yang menarik. POSITIF",POSITIF
Saya tidak suka gaya editing yang digunakan dalam video ini. NEGATIF,NEGATIF
"Menarik juga video ini, isinya unik dan menghibur. POSITIF",POSITIF
Saya bingung dengan pesan yang disampaikan dalam video ini. NETRAL,NETRAL
Video ini terlalu provokatif dan kontroversial menurut saya. NEGATIF,NEGATIF
"Suka banget sama video ini, kreativitasnya luar biasa! POSITIF",POSITIF
"Video YouTube ini sangat menginspirasi, saya merasa termotivasi setelah menontonnya.",POSITIF
"Saya kecewa dengan isi video YouTube ini, tidak sesuai dengan ekspektasi saya.",NEGATIF
"Wow, video YouTube ini sangat lucu dan menghibur!",POSITIF
"Saya merasa terharu melihat video YouTube ini, sangat menyentuh hati.",POSITIF
"Kualitas video YouTube ini buruk, sulit untuk menikmatinya.",NEGATIF
"Isi video YouTube ini biasa saja, tidak terlalu menarik bagi saya.",NETRAL
"Saya sangat senang karena menemukan video YouTube ini, kontennya informatif dan bermanfaat.",POSITIF
"Video YouTube ini penuh dengan kontroversi, saya merasa tidak nyaman menontonnya.",NEGATIF
Saya merasa terhibur dan tertawa terbahak-bahak karena video YouTube ini lucu banget!,POSITIF
"Tidak ada yang istimewa dari video YouTube ini, standar saja.",NETRAL
"Video YouTube ini sangat menginspirasi, saya terharu melihatnya",POSITIF
"Aduh, video ini isinya hanya omong kosong, menyebalkan",NEGATIF
"Wow, video ini penuh dengan informasi bermanfaat, saya suka",POSITIF
"Saya merasa kecewa dengan kualitas video ini, kurang bagus",NEGATIF
"Video ini lucu banget, bikin saya ketawa ngakak",POSITIF
"Video ini terlalu panjang, bikin saya bosan",NEGATIF
"Menurut saya, video ini biasa saja, tidak terlalu istimewa",NETRAL
"Saya terkesan dengan editing video yang keren, bagus sekali",POSITIF
"Video ini sangat informatif, saya jadi tambah pengetahuan",POSITIF
"Saya tidak suka gaya penyampaian konten di video ini, terlalu membosankan",NEGATIF
"Video ini sangat bagus dan informatif, saya suka sekali!",POSITIF
"Konten video kurang menarik, terlalu membosankan.",NEGATIF
Saya merasa terhibur dan senang setelah menonton video ini.,POSITIF
Pembicara dalam video terlalu cerewet dan mengganggu.,NEGATIF
"Menurut saya, video ini biasa saja, tidak istimewa.",NETRAL
Sangat keren! Video ini memberikan inspirasi baru bagi saya.,POSITIF
Adegan kontroversial dalam video itu tidak perlu ditampilkan.,NEGATIF
Saya tidak terlalu suka dengan gaya penyajian video tersebut.,NEGATIF
Video ini berhasil membuat saya tertawa sepanjang durasi.,POSITIF
Seharusnya durasi video diperpendek agar lebih menarik perhatian.,NEGATIF
"Video YouTube ini sangat menginspirasi, saya jadi semangat untuk mengejar mimpi saya!",POSITIF
"Saya kecewa dengan isi video ini, terlalu banyak konten clickbait tanpa substansi.",NEGATIF
"Bagus banget video ini, isinya informatif dan menghibur sekaligus.",POSITIF
"Saya merasa video ini membosankan, tidak ada hal yang menarik.",NEGATIF
"Suka banget sama editing video di sini, keren dan eye-catching!",POSITIF
"Kualitas video buruk, suaranya pecah dan gambarnya buram.",NEGATIF
"Netral saja tentang video ini, tidak terlalu menarik tapi juga tidak buruk.",NETRAL
"Video ini menggugah emosi saya, membuat saya terharu dan tersenyum.",POSITIF
"Konten video tidak sesuai dengan judulnya, membuat saya kecewa.",NEGATIF
"Menurut saya, video ini biasa saja, tidak ada yang istimewa.",NETRAL
Video YouTube ini sangat menginspirasi saya untuk mencoba hal baru. POSITIF,POSITIF
Saya merasa bosan dengan konten video YouTube ini. NEGATIF,NEGATIF
"Opini saya tentang video ini cukup netral, tidak terlalu menarik tetapi juga tidak buruk. NETRAL",NETRAL
Sangat menyenangkan melihat reaksi positif dari pengguna lain terhadap video ini. POSITIF,POSITIF
Saya kecewa dengan kualitas video yang kurang jelas dan informatif. NEGATIF,NEGATIF
Ternyata video ini viral karena reaksi lucu dari pengguna di dalamnya. POSITIF,POSITIF
"Opini saya tentang video ini sangat negatif, tidak menyukai isi dan cara penyajian. NEGATIF",NEGATIF
Mendapat banyak insight positif setelah menonton video ini. POSITIF,POSITIF
Reaksi pengguna terhadap video ini terlalu berlebihan bagi saya. NETRAL,NETRAL
Saya merasa terhibur dan senang setelah menonton video ini. POSITIF,POSITIF
"Video YouTube ini sangat menghibur dan informatif, saya suka sekali!",POSITIF
"Konten video ini kurang menarik, tidak sebanding dengan jumlah subscriber channel-nya.",NEGATIF
"Reaksi penonton terhadap video ini luar biasa positif, banyak yang memberikan pujian.",POSITIF
"Saya merasa kecewa dengan isi video ini, terlalu banyak iklan yang mengganggu.",NEGATIF
"Opini saya tentang video ini tidak begitu kuat, netral saja.",NETRAL
Komentar negatif di kolom bawah video membuat suasana jadi buruk.,NEGATIF
"Saya merasa terinspirasi setelah menonton video ini, rekomendasi banget!",POSITIF
"Bagian tengah video terlalu panjang dan membosankan, saya jadi skip.",NEGATIF
Penggunaan musik latar yang pas membuat video ini terasa lebih hidup.,POSITIF
Saya tidak begitu suka dengan gaya editing video yang terlalu berlebihan.,NEGATIF
"Video ini sangat menginspirasi, saya jadi semangat!",POSITIF
"Konten yang menarik, saya suka dengan cara penyampaiannya",POSITIF
"Isinya membosankan, tidak sebanding dengan durasi video yang panjang",NEGATIF
"Pembicara dalam video terlalu keras, sulit untuk dipahami",NEGATIF
"Video ini biasa saja, tidak ada yang istimewa",NETRAL
Saya merasa terhibur setelah menonton video ini,POSITIF
Komentar-komentar negatif di bawah video membuat saya jadi ragu untuk menontonnya,NEGATIF
"Meskipun simpel, video ini memberikan informasi yang berguna",POSITIF
Kualitas gambar dan suara dalam video kurang baik,NEGATIF
Saya tidak setuju dengan pandangan yang disampaikan dalam video ini,NEGATIF
"Video YouTube ini sangat menghibur, saya suka sekali melihatnya!",POSITIF
"Membosankan, video yang kurang bermanfaat",NEGATIF
"Setelah menonton video ini, saya jadi lebih memahami topik tersebut, bagus sekali!",POSITIF
Komentar yang penuh dengan kebencian di kolom ini membuat saya kecewa,NEGATIF
"Video yang menarik, saya suka gaya editingnya yang kreatif",POSITIF
"Kurang informatif, saya harap video berikutnya lebih lengkap",NEGATIF
"Belum bisa memutuskan pendapat saya tentang video ini, perlu lebih banyak penjelasan",NETRAL
Terganggu dengan iklan yang terlalu sering muncul di tengah-tengah video,NEGATIF
"Video ini membuka pandangan saya tentang suatu isu, sangat menarik",POSITIF
"Tidak puas dengan kualitas konten video ini, terlalu dangkal",NEGATIF
Isi video ini sangat membosankan dan tidak informatif sama sekali.,NEGATIF
"Saya merasa terinspirasi setelah menonton video ini, sangat bagus!",POSITIF
"Kualitas video sangat buruk, sulit untuk menikmati kontennya.",NEGATIF
Saya tidak begitu tertarik dengan topik yang dibahas dalam video ini.,NETRAL
"Video ini memicu perdebatan sengit di kolom komentar, kontroversial!",NETRAL
"Saya merasa sedih setelah menonton video ini, isinya sangat menyentuh hati.",POSITIF
Saya kecewa dengan kualitas editing video dan narasinya.,NEGATIF
Video ini berhasil membuat saya tertawa dan senang sepanjang durasinya.,POSITIF
Saya merasa kesal karena terlalu banyak iklan di tengah-tengah video.,NEGATIF
"Video YouTube ini sangat menghibur, saya suka sekali!",POSITIF
Apa sih yang bagus dari video ini? Saya kecewa.,NEGATIF
"Wow, video ini memberikan inspirasi baru bagi saya. Keren!",POSITIF
"Kualitas video buruk, susah banget untuk dinikmati.",NEGATIF
"Saya merasa video ini biasa saja, tidak terlalu istimewa.",NETRAL
Adegan lucu di video ini bikin saya ngakak terus!,POSITIF
"Konten yang menarik, saya suka dengan cara penyampaiannya.",POSITIF
"Terlalu banyak iklan di video ini, mengganggu sekali.",NEGATIF
"Saya merasa bosan saat menonton video ini, tidak ada yang menarik.",NEGATIF
Saya agak kecewa karena ekspektasi saya terlalu tinggi untuk video ini.,NEGATIF
"Video YouTube ini sangat menginspirasi, saya jadi semangat untuk mengejar impian saya!",POSITIF
"Aku tidak suka video ini, terlalu membosankan dan tidak berkualitas. Buang-buang waktu saja menonton.",NEGATIF
"Wow, video ini benar-benar lucu! Saya sampai terpingkal-pingkal saat menontonnya.",POSITIF
"Saya merasa kecewa dengan konten video ini, ekspektasi saya tidak terpenuhi sama sekali.",NEGATIF
"Menurut saya, video ini biasa saja. Tidak terlalu istimewa tapi juga tidak buruk.",NETRAL
Sangat keren! Saya terinspirasi untuk membuat konten video juga setelah menonton ini.,POSITIF
"Video ini sangat menarik dan informatif, saya jadi belajar banyak hal baru.",POSITIF
"Saya tidak setuju dengan pendapat yang disampaikan dalam video ini, kontroversial dan menyesatkan.",NEGATIF
"Cuma buang-buang kuota internet saja nonton video ini, tidak ada hal yang berguna.",NEGATIF
Video YouTube favoritku! Selalu suka dengan konten yang diunggah oleh channel ini.,POSITIF
"Video YouTube tersebut sangat menghibur, saya suka sekali melihatnya!",POSITIF
Apa sih yang menarik dari video ini? Saya tidak begitu tertarik,NEGATIF
"Wow, video ini sangat informatif dan memberikan wawasan baru bagi saya",POSITIF
"Sudah bosan dengan konten semacam ini, perlu variasi yang lebih segar",NEGATIF
"Saya selalu menunggu setiap upload video dari channel ini, sangat keren!",POSITIF
Komentar-komentar negatif yang tidak berdasar membuat saya jengkel,NEGATIF
"Video ini seharusnya lebih pendek, terlalu banyak pembicaraan yang berlarut-larut",NEGATIF
"Saya setuju dengan pendapat di video ini, sangat relevan dengan situasi saat ini",POSITIF
"Tidak ada yang spesial dari video ini, kurang menarik untuk ditonton ulang",NEGATIF
"Gak suka deh sama video ini, terlalu membosankan",NEGATIF
"Reaksi saya setelah nonton video ini campur aduk, ada bagian yang bagus dan ada yang kurang",NETRAL
"Wah, video ini kontroversial banget! Tapi jujur saya sangat terhibur",POSITIF
"Saya merasa kecewa setelah menonton video ini, tidak sesuai ekspektasi",NEGATIF
"Video YouTube ini sangat informatif dan membuat saya terinspirasi, sangat direkomendasikan!",POSITIF
"Tidak suka dengan gaya editing yang digunakan dalam video ini, terlalu berlebihan",NEGATIF
"Reaksi saya netral terhadap video ini, tidak terlalu mempengaruhi saya",NETRAL
"Sangat senang menemukan video ini, isinya sangat bermanfaat bagi saya",POSITIF
"Video ini sebenarnya bagus, tapi sayangnya terlalu panjang sehingga jadi bosan",NEGATIF
"Saya merasa kecewa dengan video ini, tidak sesuai ekspektasi saya.",NEGATIF
"Setelah menonton video ini, saya jadi lebih paham tentang topik yang dibahas, bagus!",POSITIF
"Isi video terlalu dangkal, tidak memberikan informasi yang berarti.",NEGATIF
"Saya merasa video ini bias dan tidak objektif, kurang suka.",NEGATIF
"Video ini lucu banget, saya ketawa terus sampai selesai!",POSITIF
Tidak puas dengan kualitas produksi video yang buram dan tidak jelas.,NEGATIF
"Saya netral terhadap video ini, tidak terlalu menarik bagi saya.",NETRAL
"Terima kasih atas video yang sangat menginspirasi, sangat bermanfaat!",POSITIF
"Video ini terlalu panjang dan membosankan, tidak sepadan dengan waktu yang saya habiskan.",NEGATIF
Adegan kontroversial di video ini membuat saya merasa tidak nyaman.,NEGATIF
Saya merasa terinspirasi setelah menonton video motivasi ini.,POSITIF
"Kualitas video dan editing-nya membuat saya terkesan, sangat bagus!",POSITIF
Saya kecewa dengan isi video yang kurang berkualitas dan tidak sesuai ekspektasi.,NEGATIF
"Video ini biasa saja, tidak terlalu menarik bagi saya.",NETRAL
"Saya sangat terhibur dengan tingkah lucu dalam video ini, membuat saya tertawa terbahak-bahak.",POSITIF
Saya tidak setuju dengan pendapat yang disampaikan dalam video ini.,NEGATIF
Saya merasa bosan dengan topik yang dibahas dalam video tersebut.,NEGATIF
"Menurut saya, video ini sangat informatif dan layak untuk ditonton berulang kali.",POSITIF
Video YouTube ini sangat menginspirasi! Saya terharu melihatnya.,POSITIF
"Saya merasa kecewa dengan isi video tersebut, tidak sesuai ekspektasi saya.",NEGATIF
"Reaksi penonton di video ini sangat lucu, saya sampai terpingkal-pingkal melihatnya.",POSITIF
"Video ini terlalu provokatif, seharusnya tidak diunggah ke YouTube.",NEGATIF
Saya merasa biasa-biasa saja dengan konten video ini.,NETRAL
Wow! Saya sangat terkesan dengan keahlian editing yang ditampilkan dalam video ini.,POSITIF
Saya tidak suka gaya presentasi pembawa acara dalam video tersebut.,NEGATIF
Video ini menarik perhatian saya karena topiknya sangat relevan dengan kehidupan sehari-hari.,POSITIF
"Isi video terlalu membosankan, saya hampir tertidur saat menontonnya.",NEGATIF
"Terkadang saya suka, terkadang tidak suka dengan video-video di channel ini.",NETRAL
"Video YouTube ini sangat menginspirasi, saya jadi semangat belajar lebih banyak!",POSITIF
"Boring banget, isinya cuma ngasih tutorial yang gak jelas.",NEGATIF
"Wow, video ini benar-benar menghibur dan lucu sekali!",POSITIF
"Kualitas video jelek banget, mending cari yang lain deh.",NEGATIF
Saya sangat terkesan dengan konten yang disajikan dalam video ini.,POSITIF
Komentar-komentar negatif terhadap video ini tidak masuk akal sama sekali.,NEGATIF
"Netral saja, saya rasa video tersebut biasa saja tanpa ada yang istimewa.",NETRAL
Saya merasa terhibur dan senang setelah menonton video tersebut.,POSITIF
Apa sih bagusnya video ini? Saya gak ngerti kenapa banyak yang suka.,NEGATIF
Saya merasa video tersebut kurang informatif dan membosankan.,NEGATIF
"Konten video kurang menarik, tidak sesuai ekspektasi saya.",NEGATIF
"Wow, video ini sangat informatif dan bermanfaat, terimakasih sudah membagikan!",POSITIF
Adegan kontroversial dalam video menyebabkan saya tidak nyaman menontonnya.,NEGATIF
"Menarik juga video ini, membawa ide segar dan kreatif!",POSITIF
Saya merasa kecewa dengan kualitas video yang kurang baik.,NEGATIF
"Video ini menginspirasi saya untuk mencoba hal baru, motivasional sekali!",POSITIF
Komentar kasar pada video membuat suasana jadi tidak enak.,NEGATIF
"Saya merasa biasa saja dengan konten video ini, tidak terlalu menarik.",NETRAL
Video YouTube yang menarik akan selalu saya tunggu setiap minggunya.,POSITIF
"Video ini sangat menghibur, saya suka sekali!",POSITIF
"Konten yang menarik, saya jadi terhibur setelah menontonnya.",POSITIF
Apa sih ini? Isinya gak jelas sama sekali.,NEGATIF
"Video yang membosankan, tidak ada yang menarik.",NEGATIF
Saya bingung dengan pesan yang disampaikan dalam video tersebut.,NEGATIF
"Menurut saya video ini biasa saja, tidak ada yang istimewa.",NETRAL
Saya terkesan dengan editing video yang keren.,POSITIF
"Sangat kece, saya suka cara penyampaiannya.",POSITIF
"Video ini memberikan informasi yang bermanfaat, terima kasih!",POSITIF
Saya kurang suka dengan gaya editing yang digunakan dalam video tersebut.,NEGATIF
"Video YouTube ini sangat menginspirasi, membuat saya semangat!",POSITIF
"Saya tidak suka dengan kualitas video ini, terlalu buram!",NEGATIF
"Wow, video ini benar-benar menghibur dan lucu!",POSITIF
Komentar-komentar negatif di video ini mengganggu sekali.,NEGATIF
"Suara audio pada video ini terlalu kecil, sulit untuk mendengar.",NEGATIF
"Video ini biasa saja, tidak begitu menarik perhatian saya.",NETRAL
"Saya bersyukur menemukan video ini, isinya sangat bermanfaat.",POSITIF
Saya merasa kecewa karena konten video ini tidak sesuai ekspektasi.,NEGATIF
"Tema video ini sangat menarik, saya ingin menonton yang lainnya.",POSITIF
"Konten video ini kurang menarik, saya merasa bosan menontonnya.",NEGATIF
"Saya terkesan dengan kualitas editing video yang apik, sangat profesional.",POSITIF
"Isi konten video tidak sesuai dengan judulnya, mengecewakan.",NEGATIF
"Wow, video ini menginspirasi saya untuk mencoba hal baru!",POSITIF
Adegan di video ini terlalu provokatif dan tidak pantas ditampilkan.,NEGATIF
"Saya merasa netral terhadap video ini, tidak terlalu menarik tapi juga tidak buruk.",NETRAL
"Banyak komentar negatif di video ini, sepertinya kontroversial.",NEGATIF
"Saya senang video ini memberikan pandangan yang berbeda, menyegarkan!",POSITIF
"Saya kecewa dengan durasi video yang terlalu singkat, ingin tahu lebih banyak.",NEGATIF
"Gak suka sama video ini, terlalu membosankan menurutku.",NEGATIF
"Komentar positif yang masuk banyak banget, video ini luar biasa!",POSITIF
Aku merasa kecewa dengan konten video YouTube terbaru ini.,NEGATIF
"Sangat menyentuh hati, aku hampir menangis saat menontonnya.",POSITIF
"Video ini isinya baku banget, gak asik deh menurutku.",NEGATIF
"Netizen tampaknya terbagi pendapat, ada yang suka dan ada yang gak.",NETRAL
"Bagus banget videonya, saya jadi termotivasi untuk membuat konten sendiri.",POSITIF
Komentar yang kasar dan tidak sopan merajalela di bawah video ini.,NEGATIF
"Video ini lumayan, tidak terlalu istimewa tapi juga tidak buruk.",NETRAL
"Suka banget dengan video ini, keren sekali!",POSITIF
"Gagal paham sama konten video, kurang menarik",NEGATIF
Video ini berhasil membuat saya tertawa sepanjang durasi,POSITIF
Komentar-komentar negatif di kolom video membuat suasana jadi buruk,NEGATIF
"Sangat terinspirasi setelah menonton video ini, semangat!",POSITIF
Tidak suka dengan gaya editing yang dipakai dalam video tersebut,NEGATIF
"Netizen ramai membicarakan video ini, kontroversial!",NETRAL
"Menyukai ide kreatif di balik video ini, sangat inovatif",POSITIF
"Kualitas audio dalam video sangat buruk, sulit untuk dinikmati",NEGATIF
"Rasanya biasa saja setelah menonton video tersebut, tidak terkesan",NETRAL
"Video YouTube ini sangat menginspirasi, saya jadi semangat untuk mencoba hal baru!",POSITIF
"Saya kecewa dengan isi video ini, sangat tidak sesuai dengan judulnya.",NEGATIF
"Menarik sekali konten video ini, saya belajar banyak hal baru dari sini.",POSITIF
"Adegan di video ini terlalu provokatif, seharusnya tidak ditampilkan kepada semua orang.",NEGATIF
"Saya merasa video ini biasa saja, tidak terlalu menarik perhatian saya.",NETRAL
"Komentar-komentar positif di video ini membuat saya senang, semoga kontennya terus berkualitas.",POSITIF
"Saya merasa video ini terlalu klise, tidak ada hal baru yang ditawarkan.",NEGATIF
"Suka banget sama editing video dan musik latar yang dipilih, sangat pas!",POSITIF
"Kualitas video buruk, susah sekali untuk menontonnya tanpa buffering.",NEGATIF
"Kesimpulan dari video ini sangat menarik, membuat saya berpikir lebih dalam.",POSITIF
"Video YouTube ini sangat menginspirasi, saya jadi semangat!",POSITIF
"Saya kecewa dengan konten video ini, terlalu membosankan",NEGATIF
"Pengen banget nih video ini di-share ke teman-teman, keren abis!",POSITIF
"Aduh, video ini bikin kesel deh, kontennya nggak jelas",NEGATIF
"Wow, video ini bener-bener lucu, bikin senyum sepanjang hari",POSITIF
"Gak suka sama video ini, terlalu banyak iklan yang mengganggu",NEGATIF
"Video ini bikin saya baper, ceritanya romantis banget",POSITIF
"Kualitas video jelek, nggak jelas, nggak rekomen nonton deh",NEGATIF
"Video ini informatif banget, saya jadi banyak belajar hal baru",POSITIF
"Biasa aja sih video ini, nggak istimewa",NETRAL
"Kualitas video-nya jelek banget, susah diakses",NEGATIF
Aku merasa terinspirasi setelah menonton video ini,POSITIF
"Banyak konten menarik, jadi betah nonton lama-lama",POSITIF
"Penjelasan di video ini kurang jelas, bikin bingung",NEGATIF
"Cara penyampaiannya kurang menarik, bosan nontonnya",NEGATIF
"Video ini tidak sesuai ekspektasi saya, kecewa",NEGATIF
"Pembahasan topiknya menarik banget, jadi tambah wawasan",POSITIF
"Thumbnail menipu, kontennya tidak sesuai dengan judul",NEGATIF
Suka dengan interaksi host dan komentar penonton di video ini,POSITIF
"Video YouTube tersebut sangat menginspirasi saya, saya suka sekali!",POSITIF
"Saya merasa bosan dengan konten video YouTube itu, terlalu biasa saja.",NEGATIF
Pengguna lainnya memberikan reaksi yang positif terhadap video tersebut.,POSITIF
Saya tidak suka dengan gaya editing yang digunakan dalam video tersebut.,NEGATIF
Menarik juga pendapat pengguna lain mengenai kontroversi video ini.,NETRAL
"Video ini membuat saya tertawa sepanjang durasinya, keren!",POSITIF
Saya merasa kecewa karena video tersebut tidak sesuai ekspektasi saya.,NEGATIF
Banyak komentar negatif yang muncul di bagian bawah video itu.,NEGATIF
"Saya netral terhadap video tersebut, tidak terlalu menarik bagi saya.",NETRAL
Reaksi positif para pengguna membuat saya penasaran untuk menontonnya.,POSITIF
"Tolol banget sih video ini, nggak ada isi sama sekali.",NEGATIF
"Aku suka banget sama video ini, isinya lucu dan informatif.",POSITIF
"Bosen banget, video ini kayak nggak ada endingnya.",NEGATIF
"Video ini biasa aja sih, nggak terlalu menarik.",NETRAL
"Keren banget videonya, aku belajar banyak hal baru.",POSITIF
"Apa sih ini, video bodoh ga jelas.",NEGATIF
"Gak ngerti kenapa banyak yang suka, menurutku biasa saja.",NETRAL
"Video ini menghibur banget, nontonnya jadi ga bosen.",POSITIF
"Males banget, nonton video ini cuma buang-buang waktu.",NEGATIF
"Video YouTube ini sangat menghibur dan lucu, membuat saya tertawa terus!",POSITIF
"Kualitas video sangat buruk, sulit untuk melihat detailnya dengan jelas.",NEGATIF
"Saya sangat terinspirasi dengan konten yang diunggah, memberikan motivasi untuk mencoba hal baru.",POSITIF
"Isi video terlalu bias dan tidak informatif, saya kecewa.",NEGATIF
"Saya merasa bosan dengan tema yang monoton, butuh variasi yang lebih menarik.",NEGATIF
"Video ini berhasil membuat saya terharu, sangat menyentuh hati.",POSITIF
Komentar-komentar negatif yang muncul di video ini sangat mengganggu.,NEGATIF
"Saya merasa netral terhadap konten video ini, tidak ada yang istimewa.",NETRAL
Saya senang melihat kolaborasi antara kreator favorit saya dalam video ini.,POSITIF
"Kualitas produksi video sungguh mengecewakan, terlihat amatiran.",NEGATIF
"Video ini sangat menghibur dan lucu, saya suka sekali!",POSITIF
"Kualitas video terlalu buruk, susah banget untuk menontonnya.",NEGATIF
"Isi kontennya sangat membosankan, tidak ada yang menarik.",NEGATIF
"Video ini memberikan informasi yang berguna, terima kasih banyak!",POSITIF
"Saya kecewa dengan video ini, kontennya tidak sesuai ekspektasi.",NEGATIF
"Saya netral tentang video ini, tidak terlalu menarik tapi juga tidak buruk.",NETRAL
"Wow, video ini sangat kreatif dan inovatif, saya suka ide-idenya!",POSITIF
Saya merasa terganggu dengan banyaknya iklan dalam video ini.,NEGATIF
Video ini menghibur namun terlalu panjang sehingga agak membosankan.,NETRAL
"Video YouTube ini sangat menghibur dan lucu, saya suka sekali melihatnya!",POSITIF
"Saya merasa kecewa dengan konten video YouTube terbaru, tidak sesuai ekspektasi saya.",NEGATIF
"Menurut saya, video ini memberikan informasi yang sangat bermanfaat dan edukatif.",POSITIF
"Tidak bisa dipungkiri, video tersebut memancing kontroversi di kalangan penonton.",NETRAL
Adegan di video ini terlalu provokatif dan tidak pantas ditampilkan di platform publik.,NEGATIF
"Saya terinspirasi dan termotivasi setelah menonton video ini, sangat bagus!",POSITIF
Penggunaan clickbait dalam judul video membuat saya kecewa dan merasa tertipu.,NEGATIF
Video tersebut berhasil menarik perhatian banyak penonton dengan konsep yang unik.,POSITIF
Isi video kurang informatif dan terlalu banyak iklan yang mengganggu.,NEGATIF
"Saya merasa netral terhadap video tersebut, tidak terlalu menarik namun juga tidak buruk.",NETRAL
"Astagfirullah, video ini penuh dengan konten negatif yang tidak pantas ditonton!",NEGATIF
"Saya merasa biasa-biasa saja dengan video tersebut, tidak terlalu menarik bagi saya.",NETRAL
"Wow, video ini sangat menginspirasi dan membuat saya termotivasi!",POSITIF
"Sangat kecewa dengan kualitas video yang buruk dan tidak jelas, perlu perbaikan!",NEGATIF
"Video YouTube ini memang menarik, tapi terlalu panjang sehingga kadang membuat bosan.",NETRAL
Saya terkesan dengan editing yang apik dan cerita yang disampaikan dengan baik dalam video tersebut.,POSITIF
"Suasana dan komentar yang toxic di video ini benar-benar mengganggu, membuat saya tidak nyaman.",NEGATIF
"Saya agak bingung dengan konten video ini, tidak terlalu menarik bagi saya pribadi.",NETRAL
Video YouTube ini berhasil membuat saya tertawa dan senang sepanjang durasi tontonan!,POSITIF
Komentar-komentar negatif di bawah video membuat saya sedih. Kenapa harus begitu?,NEGATIF
"Wow, video ini benar-benar menginspirasi saya untuk melakukan hal serupa. Terima kasih!",POSITIF
"Ternyata video ini banyak yang tidak suka ya, padahal menurut saya bagus.",NETRAL
Saya merasa kecewa karena judul video tidak sesuai dengan isi yang sebenarnya.,NEGATIF
"Pengambilan sudut kamera dalam video ini sangat menarik, saya jadi semakin tertarik untuk menontonnya.",POSITIF
Adegan kontroversial dalam video membuat saya merasa tidak nyaman.,NEGATIF
"Setelah menonton video ini, saya jadi lebih paham tentang topik yang dibahas. Sangat bermanfaat!",POSITIF
"Saya merasa bosan dengan konten video ini, tidak sesuai dengan ekspektasi saya.",NEGATIF
Video ini berhasil membuat saya tertawa sepanjang durasi! Keren banget.,POSITIF
"Video YouTube ini sangat informatif dan keren, saya suka sekali!",POSITIF
"Aku merasa kecewa dengan konten video ini, tidak sesuai ekspektasi",NEGATIF
"Reaksi penonton dalam video ini lucu banget, bikin ngakak!",POSITIF
"Kualitas video terlalu buram, sulit untuk menikmatinya",NEGATIF
"Opini pengguna terhadap video ini cukup beragam, ada yang suka dan ada yang tidak",NETRAL
Saya terharu melihat respon positif dari penonton terhadap karya ini,POSITIF
"Banyak komentar negatif yang muncul di bawah video, sedih rasanya",NEGATIF
"Setelah menonton video ini, saya jadi lebih paham tentang topiknya, bagus!",POSITIF
Penonton terlihat kecewa dengan ending video yang terlalu terbuka,NEGATIF
"Saya netral terhadap konten video ini, biasa saja menurut saya",NETRAL
"Video YouTube ini sangat menghibur dan menarik, saya suka sekali!",POSITIF
"Adegan di video tersebut terlalu memaksa dan tidak alami, membuat saya merasa tidak nyaman menontonnya.",NEGATIF
"Saya terharu melihat video ini, sangat menyentuh hati saya.",POSITIF
"Kualitas video kurang jelas dan suara terlalu kecil, perlu perbaikan.",NEGATIF
Komentar yang muncul di bawah video sangat positif dan mendukung!,POSITIF
"Video ini terlalu panjang dan terlalu banyak iklan di tengah-tengahnya, jadi bikin bosan.",NEGATIF
"Sangat keren bagaimana pembuat video ini mengeditnya, keahliannya luar biasa!",POSITIF
"Isi dari video tidak sesuai dengan judulnya, mengecewakan.",NEGATIF
"Saya tidak begitu tertarik dengan konten video ini, biasa saja.",NETRAL
"Video ini sangat informatif dan edukatif, saya belajar banyak dari menontonnya.",POSITIF
"Video YouTube ini sangat menginspirasi, membuat saya semangat untuk mengejar mimpi!",POSITIF
"Saya merasa kecewa dengan konten video ini, terlalu banyak clickbait dan tidak sesuai judulnya.",NEGATIF
"Menurut saya, video ini cukup informatif dan menarik untuk ditonton.",POSITIF
"Aku merasa bosan dengan video ini, isinya kurang menarik dan membosankan.",NEGATIF
"Saya suka bagian di menit ke-5, sangat lucu dan menghibur!",POSITIF
"Kualitas video kurang bagus, sulit untuk menikmatinya dengan jelas.",NEGATIF
"Video ini biasa saja, tidak terlalu istimewa namun juga tidak buruk.",NETRAL
Saya merasa terharu dengan cerita yang disampaikan dalam video ini.,POSITIF
Komentar pengguna di bawah video sangat negatif dan tidak mendukung konten.,NEGATIF
"Video ini berhasil membuat saya tertawa sepanjang durasi, keren!",POSITIF
Reaksi lucu dari pembawa acara membuat video jadi menyenangkan.,POSITIF
"Banyak komentar negatif di kolom, video ini kontroversial.",NEGATIF
"Saya terinspirasi setelah menonton video ini, sangat bagus!",POSITIF
"Video terlalu panjang dan membosankan, tidak direkomendasikan.",NEGATIF
Opini pengguna sangat bervariasi tentang video ini.,NETRAL
Saya merasa kecewa karena konten video tidak sesuai judulnya.,NEGATIF
Video ini mengundang banyak diskusi positif di komentar.,POSITIF
"Video YouTube ini sangat menginspirasi, saya suka sekali!",POSITIF
Apa sih yang menarik dari video ini? Saya kecewa.,NEGATIF
"Saya tidak begitu suka dengan konten video ini, terlalu membosankan.",NEGATIF
"Wow, video ini benar-benar menghibur! Terima kasih uploader!",POSITIF
"Kualitas video kurang bagus, saya jadi tidak betah menontonnya.",NEGATIF
"Parah, banyak komentar negatif di video ini, jadi males nonton.",NEGATIF
"Saya netral tentang video ini, tidak terlalu suka atau benci.",NETRAL
"Video ini sangat informatif, saya jadi belajar banyak hal baru.",POSITIF
"Uploader video ini kreatif banget, salut!",POSITIF
"Isi video kurang menarik, bosan saat menontonnya.",NEGATIF
"Wow, video ini benar-benar membuat saya terharu!",POSITIF
"Ada banyak iklan di tengah-tengah video, mengganggu sekali.",NEGATIF
Saya suka bagaimana pembuat video menyajikan kontennya dengan jelas.,POSITIF
Komentar-komentar negatif di video ini sangat mengganggu.,NEGATIF
"Video ini biasa saja, tidak terlalu istimewa.",NETRAL
Saya tidak setuju dengan pendapat yang disampaikan dalam video tersebut.,NEGATIF
Sangat kreatif cara penyampaian informasi dalam video ini!,POSITIF
"Video YouTube ini sangat informatif dan menarik, saya jadi bisa belajar banyak hal baru!",POSITIF
"Aku kecewa dengan konten video ini, terlalu banyak sensasionalisme dan kurang substansi.",NEGATIF
Reaksi positif yang aku lihat di kolom komentar membuatku ingin segera menonton video ini.,POSITIF
"Video YouTube ini tidak sesuai dengan ekspektasiku, saya merasa terlalu bias.",NEGATIF
"Netizen sepertinya sangat terhibur dengan video ini, banyak yang tertawa sampai terpingkal-pingkal.",POSITIF
"Saya merasa video ini terlalu membosankan, tidak ada yang menarik untuk ditonton.",NEGATIF
"Aku tidak begitu tertarik dengan konten video ini, rasanya biasa saja.",NETRAL
"Respon negatif yang ku lihat membuatku ragu untuk menonton video ini, sepertinya ada kontroversi di dalamnya.",NEGATIF
"Saya senang melihat kolaborasi dua YouTuber favoritku dalam video ini, hasilnya keren banget!",POSITIF
"Kualitas video ini sangat buruk, seharusnya lebih diperhatikan agar tidak bikin sakit mata.",NEGATIF
"Konten di video tersebut tidak sesuai dengan judulnya, mengecewakan.",NEGATIF
"Wow, video ini benar-benar menginspirasi saya!",POSITIF
Komentar negatif di video itu membuat suasana jadi tidak nyaman.,NEGATIF
"Saya merasa biasa saja dengan video tersebut, tidak terlalu menarik.",NETRAL
Terima kasih atas video yang memberikan informasi berguna!,POSITIF
Adegan lucu di video membuat saya tertawa sepanjang hari.,POSITIF
"Saya kecewa dengan kualitas video yang rendah, sulit untuk dinikmati.",NEGATIF
Video tersebut memberikan pandangan yang berbeda dan menarik untuk ditonton.,POSITIF
"Isi video terlalu bertele-tele, membuat saya bosan.",NEGATIF
"Video YouTube ini sangat menginspirasi, saya merasa termotivasi setelah menontonnya!",POSITIF
"Apa sih bagusnya video ini? Isinya biasa aja, jauh dari ekspektasi saya.",NEGATIF
"Saya suka banget gaya editing yang digunakan dalam video ini, keren!",POSITIF
"Tidak puas sama sekali dengan konten video ini, terlalu membosankan.",NEGATIF
"Menarik juga pendapat yang disampaikan dalam video ini, saya setuju dengan banyak poinnya.",POSITIF
"Saya merasa kecewa, video ini terlalu banyak iklan dan kurang informatif.",NEGATIF
"Video ini berhasil membuat saya tertawa sepanjang durasi, kocak banget!",POSITIF
"Tidak suka dengan gaya penyampaian pembawa acara dalam video ini, terlalu keras.",NEGATIF
"Saya netral, video ini sebenarnya bagus tapi kurang variatif dalam kontennya.",NETRAL
"Sangat terhibur dengan video ini, tidak sia-sia waktu saya menontonnya.",POSITIF
"Video ini sangat informatif dan menginspirasi, saya suka sekali!",POSITIF
Apa sih yang menarik dari video ini? Saya kecewa!,NEGATIF
"Saya merasa biasa saja dengan konten video ini, tidak terlalu menarik",NETRAL
"Komentar-komentar negatif yang tidak berdasar hanya mengganggu, video ini bagus kok",POSITIF
"Kualitas videonya buruk sekali, susah banget untuk dinikmati",NEGATIF
Saya senang video ini membahas topik yang jarang ditemui di YouTube,POSITIF
"Video ini terlalu panjang dan membosankan, tidak saya rekomendasikan",NEGATIF
"Saya tidak begitu tertarik dengan video ini, tapi tetap memberikan like karena usaha pembuatnya",NETRAL
"Saya merasa terhibur dan tertantang setelah menonton video ini, keren!",POSITIF
Kok bisa video beginian laku ya? Saya tidak paham,NEGATIF
"Video YouTube ini sangat menginspirasi, saya terkesan dengan kontennya",POSITIF
"Saya merasa kecewa dengan kualitas video YouTube ini, terlalu buram",NEGATIF
"Tontonan yang menghibur, saya senang menemukan channel ini",POSITIF
"Komentar yang tidak sopan merusak suasana di video ini, saya merasa jengkel",NEGATIF
"Jujur saja, video YouTube ini biasa saja, tidak terlalu menarik perhatian saya",NETRAL
"Saya terharu dengan pesan yang disampaikan dalam video ini, sangat menyentuh hati",POSITIF
Kualitas editing yang buruk membuat saya sulit untuk menonton video ini sampai selesai,NEGATIF
Video YouTube ini membantu saya memahami topik yang sebelumnya saya tidak paham,POSITIF
"Isi konten video ini tidak sesuai dengan judulnya, mengecewakan",NEGATIF
Saya tidak terlalu suka dengan gaya penyampaian pembawa acara dalam video ini,NETRAL
"Video YouTube ini sangat menginspirasi, saya jadi ingin membuat konten yang lebih berkualitas.",POSITIF
Kok bisa video ini viral? Isinya tidak informatif sama sekali.,NEGATIF
"Saya merasa terhibur saat menonton video ini, terima kasih kepada pembuatnya.",POSITIF
"Wah, kontroversial sekali isi video ini, saya jadi bingung harus mendukung atau menentang.",NETRAL
"Video ini penuh iklan, sangat mengganggu pengalaman menonton.",NEGATIF
Komentar-komentar positif di bawah video membuat saya semakin percaya diri dalam membuat konten.,POSITIF
"Aneh, banyak yang menyukai video ini padahal menurut saya kurang menarik.",NEGATIF
"Saya setuju dengan pendapat yang diutarakan dalam video ini, sangat informatif.",POSITIF
"Video ini ramai dibicarakan di media sosial, saya penasaran dan akhirnya menontonnya.",NETRAL
"Ternyata video ini hanya menggiring opini, saya kecewa dengan kontennya.",NEGATIF
Video YouTube ini sangat inspiratif dan menginspirasi saya untuk melakukan hal-hal positif lainnya.,POSITIF
"Saya merasa bosan dengan konten video YouTube ini, terlalu mainstream dan tidak menarik.",NEGATIF
"Wow, video YouTube ini keren banget! Saya suka dengan ide kreatif yang disajikan.",POSITIF
"Sayangnya, video YouTube ini terlalu pendek dan kurang memberikan informasi yang jelas.",NEGATIF
"Tidak peduli dengan video YouTube ini, tidak begitu menarik bagi saya.",NETRAL
Saya sangat terhibur dan tertawa terbahak-bahak saat menonton video YouTube ini.,POSITIF
Isi video YouTube ini sangat kontroversial dan menimbulkan banyak perdebatan di kolom komentar.,NEGATIF
"Saya merasa video YouTube ini biasa saja, tidak ada yang istimewa di dalamnya.",NETRAL
Saya merasa terinspirasi untuk membuat konten video YouTube setelah menonton ini.,POSITIF
"Video YouTube ini terlalu panjang dan tidak terlalu informatif, membuat saya bosan.",NEGATIF
Video YouTube ini sangat menginspirasi saya untuk belajar lebih banyak.,POSITIF
"Saya merasa kecewa dengan konten video YouTube ini, terlalu membosankan.",NEGATIF
"Menurut saya, video YouTube ini kurang informatif dan terlalu banyak iklan.",NEGATIF
"Sangat senang melihat video YouTube lucu ini, bisa membuat saya tertawa sepanjang hari.",POSITIF
"Opini saya tentang video ini netral, tidak terlalu menarik namun juga tidak buruk.",NETRAL
"Wow, video ini benar-benar menggugah emosi saya, sangat menginspirasi!",POSITIF
"Saya merasa terhibur dan puas setelah menonton video ini, sangat bagus!",POSITIF
Komentar-komentar negatif yang tidak sopan di video ini membuat saya jengkel.,NEGATIF
Saya merasa video ini terlalu kontroversial dan tidak sesuai dengan nilai-nilai saya.,NEGATIF
"Video ini tidak sesuai dengan ekspektasi saya, kurang mendalam dan informatif.",NEGATIF
"Video YouTube ini sangat menginspirasi dan memotivasi saya, saya suka sekali!",POSITIF
"Saya merasa kecewa dengan kualitas konten video ini, kurang informatif dan membosankan",NEGATIF
"Wow, video ini benar-benar menghibur dan membuat saya tertawa terpingkal-pingkal",POSITIF
"Saya merasa terharu dan tersentuh setelah menonton video ini, sangat bagus!",POSITIF
Apa sih yang bagus dari video ini? Saya tidak melihat nilai tambahnya sama sekali,NEGATIF
"Video YouTube ini membuat saya lebih memahami topik yang kompleks, sangat informatif",POSITIF
"Saya merasa bosan dengan gaya editing dan presentasi dalam video ini, kurang menarik",NEGATIF
"Menurut saya, video ini biasa saja, tidak terlalu menarik namun juga tidak buruk",NETRAL
"Saya menyukai interaksi host dalam video ini, terlihat sangat ramah dan menghibur",POSITIF
Komentar-komentar negatif di kolom video ini membuat saya jadi ragu untuk menontonnya,NEGATIF
"Jujur, saya tidak suka dengan gaya editing videonya.",NEGATIF
"Wow, banyak informasi bermanfaat dalam video ini!",POSITIF
"Menarik juga kontennya, tapi sayang kualitas gambarnya buram.",NEGATIF
"Saya suka bagian tutorial di menit ke-5, sangat membantu!",POSITIF
"Entah kenapa, saya merasa bosan saat menonton video ini.",NEGATIF
"Netral, video ini biasa saja, tidak terlalu menarik.",NETRAL
Sangat kreatif cara penyampaian ide dalam video tersebut.,POSITIF
"Saya setuju dengan pendapat pembuat video, sangat informatif.",POSITIF
"Aku merasa kecewa dengan konten video ini, terlalu bias dan tidak informatif",NEGATIF
"Menurut saya, video ini terlalu panjang dan membosankan. Perlu editing lebih baik",NEGATIF
"Wow, video ini sangat lucu dan menghibur! Saya terhibur banget",POSITIF
Saya merasa video ini kurang mendalam dan kurang memberikan nilai tambah yang signifikan,NEGATIF
"Saya setuju dengan pendapat yang disampaikan di video ini, sangat relevan dan informatif",POSITIF
"Video ini sangat emosional dan menyentuh hati, membuat saya menangis",POSITIF
Saya tidak sepenuhnya setuju dengan pandangan dalam video ini. Kurang mendalam menurut saya,NEGATIF
"Video ini biasa saja, tidak terlalu menarik tapi juga tidak buruk",NETRAL
"Saya sangat terkesan dengan kualitas produksi video ini, sangat profesional!",POSITIF
"Video ini sangat menghibur, saya terhibur sekali saat menontonnya!",POSITIF
"Saya merasa kecewa dengan konten video ini, tidak sesuai dengan ekspektasi saya",NEGATIF
"Menurut saya, video ini informatif dan menginspirasi",POSITIF
"Saya merasa bosan saat menonton video ini, tidak ada hal menarik yang ditampilkan",NEGATIF
Reaksi saya setelah menonton video ini: kagum dengan keahlian pembuatnya!,POSITIF
"Video ini terlalu panjang dan membosankan, saya tidak suka",NEGATIF
"Netral saja, video ini standar dan tidak terlalu menarik perhatian saya",NETRAL
Saya senang karena video ini memberikan pandangan baru yang segar,POSITIF
"Video ini memicu perdebatan di komentar, kontroversial sekali",NEGATIF
Saya merasa video ini kurang fokus dan terlalu banyak iklan,NEGATIF
"Reaksi netizen terhadap video ini banyak yang positif, sangat menginspirasi.",POSITIF
"Saya kecewa dengan kualitas konten video YouTube ini, tidak sesuai ekspektasi.",NEGATIF
"Banyak komentar negatif mengenai video YouTube ini, sepertinya kontroversial.",NEGATIF
"Saya merasa terhibur dan senang setelah menonton video tersebut, bagus sekali.",POSITIF
"Opini pengguna lain tentang video ini beragam, ada yang suka dan ada yang tidak.",NETRAL
"Saya sangat terkesan dengan kreativitas pembuat video ini, sangat luar biasa!",POSITIF
"Tidak bisa dipungkiri, video ini mendapat banyak kritik dari penonton.",NEGATIF
"Saya merasa sebal setelah menonton video ini, tidak sesuai dengan harapan saya.",NEGATIF
"Video YouTube tersebut sangat menginspirasi saya, saya merasa positif setelah menontonnya.",POSITIF
"Saya kecewa dengan kualitas video YouTube tersebut, kurang jelas dan buram.",NEGATIF
"Wow, video YouTube ini sangat lucu dan menghibur, membuat saya tertawa sepanjang durasi.",POSITIF
"Penggunaan musik pada video YouTube itu terlalu keras, membuat saya merasa tidak nyaman.",NEGATIF
"Saya merasa biasa saja setelah menonton video YouTube tersebut, tidak terlalu berkesan.",NETRAL
"Menarik sekali konten video YouTube ini, saya belajar banyak hal baru dari video tersebut.",POSITIF
Saya merasa kecewa karena video YouTube tersebut tidak sesuai dengan ekspektasi saya.,NEGATIF
"Ternyata video YouTube ini viral, saya merasa senang bisa menontonnya sebelum orang lain.",POSITIF
Saya merasa terganggu dengan iklan yang terlalu sering muncul di tengah video YouTube tersebut.,NEGATIF
"Video YouTube ini cukup informatif, saya jadi lebih mengetahui topik yang dibahas.",POSITIF
Video YouTube ini sangat informatif dan bermanfaat bagi saya. Sangat direkomendasikan!,POSITIF
"Saya merasa kecewa dengan kualitas konten dalam video ini, terlalu biasa dan tidak menarik.",NEGATIF
"Wow, saya terkesan dengan editing yang apik dalam video ini. Mantap!",POSITIF
Isi video tidak sesuai dengan judulnya. Menyesatkan dan mengecewakan.,NEGATIF
"Saya suka gaya pembawaan pembuat video ini, sangat menghibur dan menyenangkan.",POSITIF
Komentar-komentar negatif di video ini membuat saya risih. Seharusnya diawasi lebih ketat.,NEGATIF
"Video ini biasa saja, tidak terlalu menarik tapi juga tidak buruk.",NETRAL
"Terima kasih atas informasi yang disampaikan dalam video ini, sangat membantu!",POSITIF
Saya merasa terhibur dan tertawa melihat video ini. Bagus!,POSITIF
Pembuat video ini terlalu bertele-tele dalam memberikan informasi. Kurang padat dan jelas.,NEGATIF
"Konten video kurang menarik, terlalu biasa saja.",NEGATIF
Komentar positif yang membanjiri video ini membuat saya senang.,POSITIF
Adegan kontroversial dalam video tersebut membuat saya merasa tidak nyaman.,NEGATIF
"Isi video cukup informatif, saya jadi tahu banyak hal baru.",POSITIF
Saya kecewa karena video yang dijanjikan tidak sesuai dengan ekspektasi saya.,NEGATIF
"Saya merasa netral terhadap video tersebut, tidak terlalu tertarik.",NETRAL
Reaksi penonton yang beragam membuat video ini menarik untuk ditonton berulang kali.,POSITIF
"Video YouTube ini sangat menghibur dan lucu, saya suka sekali!",POSITIF
"Aku merasa kecewa dengan konten video ini, terlalu membosankan",NEGATIF
Reaksi saya saat menonton video ini campur aduk antara senang dan sedih,NETRAL
Sangat menarik! Saya langsung subscribe dan bagikan ke teman-teman,POSITIF
"Video YouTube ini bikin kesel, isinya tidak sesuai dengan judulnya",NEGATIF
"Saya merasa terinspirasi setelah menonton video ini, semangat!",POSITIF
Komentar negatif yang dibuat di video ini sangat menyedihkan,NEGATIF
"Opini saya tentang video ini biasa saja, tidak terlalu menarik",NETRAL
Saya jadi penasaran ingin tahu lebih banyak setelah menonton video ini,POSITIF
Sebaiknya penulis konten ini lebih berkualitas agar penonton tidak kecewa,NEGATIF
Video YouTube ini sangat informatif dan menyenangkan untuk ditonton!,POSITIF
"Kualitas video kurang bagus, sulit untuk melihat detailnya.",NEGATIF
"Isi video tidak sesuai dengan judulnya, mengecewakan.",NEGATIF
"Video ini membosankan dan terlalu panjang, saya tidak suka.",NEGATIF
Reaksi saya saat menonton video ini campuran antara terkejut dan terhibur.,NETRAL
"Banyak informasi berguna yang bisa saya dapatkan dari video ini, terima kasih!",POSITIF
Adegan kontroversial dalam video ini membuat saya tidak nyaman.,NEGATIF
Saya merasa tidak puas dengan kualitas konten yang disajikan dalam video ini.,NEGATIF
"Saya merasa kecewa dengan konten video YouTube ini, tidak sesuai ekspektasi saya. NEGATIF",NEGATIF
Komunitas di video YouTube ini sangat ramah dan mendukung! POSITIF,POSITIF
Saya merasa terhibur dan tertawa terus saat menonton video ini. POSITIF,POSITIF
"Saya tidak suka gaya editing yang dipakai dalam video ini, terlalu berlebihan. NEGATIF",NEGATIF
"Penggunaan musik latar dalam video ini sangat mengganggu, sulit fokus pada kontennya. NEGATIF",NEGATIF
"Saya merasa netral terhadap video ini, tidak terlalu menarik tapi juga tidak buruk. NETRAL",NETRAL
Komentar yang ada di bawah video ini penuh dengan dukungan dan positivitas. POSITIF,POSITIF
Tema yang diangkat dalam video ini sangat kontroversial dan menimbulkan debat di kolom komentar. NEGATIF,NEGATIF
"Saya merasa terharu dengan cerita yang disampaikan dalam video ini, membuat saya berpikir lebih dalam. POSITIF",POSITIF
"Video ini sangat menginspirasi, aku jadi semangat!",POSITIF
"Aku merasa bosan dengan konten video ini, tidak menarik sama sekali.",NEGATIF
"Wow, video ini keren banget! Saya suka sekali!",POSITIF
"Kualitas video buruk, susah banget untuk menontonnya.",NEGATIF
Apa sih yang menarik dari video ini? Saya bingung.,NEGATIF
"Video ini memberikan informasi yang sangat berguna, terima kasih!",POSITIF
Saya tidak suka gaya editing yang digunakan dalam video ini.,NEGATIF
"Video ini membuat saya tertawa terbahak-bahak, lucu banget!",POSITIF
Komentar-komentar negatif di video ini sangat tidak masuk akal.,NEGATIF
"Video YouTube ini sangat menginspirasi saya untuk belajar lebih banyak lagi, positif sekali!",POSITIF
"Saya sangat kecewa dengan kualitas video yang buruk dan tidak jelas, negatif sekali.",NEGATIF
"Pengguna lain mungkin menyukai, tapi menurut saya video ini biasa saja, netral.",NETRAL
"Saya senang melihat konten-konten kreatif seperti ini, sangat positif!",POSITIF
"Penjelasan di video ini sangat mudah dipahami, saya merasa puas, positif.",POSITIF
"Video ini terlalu panjang dan membosankan, saya tidak suka, negatif.",NEGATIF
"Saya merasa terhibur dan tertawa melihat video ini, sangat positif!",POSITIF
"Saya merasa kecewa karena judul video tidak sesuai dengan isi, negatif.",NEGATIF
"Suara di video terlalu kecil dan sulit didengar, membuat saya frustasi, negatif.",NEGATIF
"Video ini memberikan informasi yang berguna, saya merasa terbantu, positif.",POSITIF
"Kualitas video-nya jelek banget, susah banget nyari tahu apa yang ditampilkan",NEGATIF
"Menarik banget konten di video ini, selalu nungguin episode selanjutnya",POSITIF
"Isi video terlalu bias, tidak objektif sama sekali",NEGATIF
"Cara penyajian informasinya jelas dan mudah dipahami, sangat membantu!",POSITIF
"Banyak iklan di tengah-tengah video, mengganggu sekali",NEGATIF
Komentar positif dari penonton lain membuat saya semakin tertarik menonton video ini,POSITIF
"Konten yang tidak relevan dengan judul, mengecewakan",NEGATIF
"Durasi video terlalu panjang, jadi bosan sebelum selesai",NEGATIF
"Aku merasa kecewa dengan kualitas konten di video ini, biasa saja.",NEGATIF
"Wow, video ini benar-benar menghibur, saya suka sekali!",POSITIF
"Isi video sangat menarik, saya belajar banyak hal baru dari sini.",POSITIF
"Maaf, saya tidak suka dengan gaya editing video yang terlalu berlebihan.",NEGATIF
Video ini berhasil membuat saya tertawa sepanjang durasi!,POSITIF
Saya merasa bosan dengan topik yang diangkat dalam video tersebut.,NEGATIF
"Komentar-komentar negatif di video ini sebaiknya diabaikan, kontennya tetap bagus.",POSITIF
"Saya tidak peduli dengan video ini, tidak menarik bagiku.",NEGATIF
"Video ini lumayan bagus, meskipun ada beberapa hal yang bisa diperbaiki.",NETRAL
Video ini sangat menginspirasi saya untuk mengikuti hobiku yang sudah lama terpendam. Saya merasa terpacu untuk berkarya lebih banyak lagi!,POSITIF
Saya merasa kecewa dengan konten video ini. Terlalu banyak clickbait dan kurang memberikan informasi yang berguna,NEGATIF
"Wow, video ini benar-benar menghibur! Saya suka banget dengan komedi yang disajikan di dalamnya",POSITIF
Saya merasa bingung dengan pesan yang disampaikan dalam video ini. Tidak jelas dan membingungkan,NEGATIF
Video ini membantu saya memahami konsep yang sebelumnya sulit saya pahami. Terima kasih atas penjelasannya!,POSITIF
Saya tidak suka dengan gaya editing yang digunakan dalam video ini. Terlalu banyak efek yang mengganggu,NEGATIF
"Menurut saya, video ini biasa saja. Tidak terlalu menarik tapi juga tidak buruk",NETRAL
Saya sangat terkesan dengan keberanian pembuat video ini dalam menyampaikan pendapat kontroversial,POSITIF
Saya merasa terhibur dan senang setelah menonton video ini. Sangat menyenangkan!,POSITIF
Isi dari video ini tidak sesuai dengan ekspektasi saya. Saya merasa kecewa,NEGATIF
"Video ini sangat menginspirasi, saya jadi semangat belajar!",POSITIF
"Konten yang disajikan sangat membosankan, tidak menarik sama sekali.",NEGATIF
"Saya suka banget dengan editing video-nya, keren!",POSITIF
Isi video kurang informatif dan cenderung membingungkan.,NEGATIF
"Setelah menonton video ini, saya jadi ingin mencoba hal serupa.",POSITIF
"Banyak iklan yang mengganggu, membuat saya terganggu menontonnya.",NEGATIF
"Tema video menarik, tapi sayangnya audio-nya kurang jelas.",NEGATIF
"Komentar pengguna di video ini sangat positif, saya setuju!",POSITIF
Saya merasa tidak puas dengan durasi video yang terlalu pendek.,NEGATIF
Cara penyampaian informasi dalam video ini sangat mudah dipahami.,POSITIF
"Video YouTube tersebut sangat menginspirasi, saya jadi semangat untuk belajar lebih banyak!",POSITIF
"Sangat kecewa dengan kualitas video yang buruk, tidak worth it untuk ditonton",NEGATIF
Saya suka bagaimana pembuat video memberikan konten yang informatif dan menarik,POSITIF
"Video ini seharusnya lebih singkat, terlalu banyak filler content",NEGATIF
"Menarik juga melihat beragam komentar positif dari pengguna lain, saya setuju!",POSITIF
"Saya merasa bosan dengan tema video yang monoton, butuh variasi lebih",NEGATIF
Kualitas audio yang buruk membuat saya sulit untuk menikmati video ini,NEGATIF
"Tidak terlalu terkesan dengan video ini, biasa saja menurut saya",NETRAL
"Saya sangat terkesan dengan editing yang apik dalam video tersebut, hebat!",POSITIF
"Aduh, video ini terlalu membosankan, saya sampai tertidur saat menontonnya.",NEGATIF
"Konten video kurang jelas, saya bingung dengan pesannya.",NEGATIF
"Video ini berhasil membuat saya tertawa terbahak-bahak, keren!",POSITIF
"Saya kecewa karena video ini tidak sesuai ekspektasi, kurang menarik.",NEGATIF
"Menurut saya, video ini standar saja, tidak terlalu istimewa.",NETRAL
"Sangat kreatif cara penyampaian informasi dalam video ini, saya suka.",POSITIF
Saya merasa terganggu dengan banyaknya iklan di tengah-tengah video.,NEGATIF
"Video YouTube ini menarik perhatian saya sejak menit pertama, keren!",POSITIF
Komentar negatif yang tidak sopan sangat merugikan creator video tersebut.,NEGATIF
Ternyata banyak yang tidak puas dengan konten di video ini.,NEGATIF
Adegan lucu di menit ke-5 membuat saya tertawa terbahak-bahak.,POSITIF
"Sayangnya, kualitas video kurang bagus dan sulit untuk dinikmati.",NEGATIF
Para pengguna sepakat bahwa video ini sangat inspiratif dan memotivasi.,POSITIF
"Ada banyak iklan yang mengganggu di tengah-tengah video, sangat tidak nyaman.",NEGATIF
Saya merasa kecewa karena judul yang menarik namun isi videonya mengecewakan.,NEGATIF
Pendapat netral yang menunjukkan video ini biasa-biasa saja tanpa kelebihan spesifik.,NETRAL
Adegan-adegan lucu di video ini membuat saya terhibur sepanjang hari.,POSITIF
Saya merasa kecewa dengan kualitas video yang buram dan tidak jelas.,NEGATIF
"Pembicara dalam video terlalu monoton, sulit untuk tetap tertarik.",NEGATIF
"Tema video ini biasa saja, tidak ada yang istimewa menurut saya.",NETRAL
Saya sangat terkesan dengan editing yang apik dalam video tersebut.,POSITIF
Komentar-komentar negatif di kolom video membuat saya sedih.,NEGATIF
Saya kurang setuju dengan pendapat yang disampaikan dalam video tersebut.,NEGATIF
Video ini memberikan informasi yang berguna dan bermanfaat bagi saya.,POSITIF
"Saya kecewa dengan konten video ini, tidak sesuai dengan ekspektasi saya.",NEGATIF
"Menurut saya, video ini biasa saja, tidak terlalu menarik.",NETRAL
"Wow, video ini benar-benar menghibur! Saya suka banget.",POSITIF
"Setelah menonton video ini, saya jadi merasa sedih. Isinya menyentuh hati.",NEGATIF
Saya senang karena video ini memberikan informasi yang berguna bagi saya.,POSITIF
"Tidak suka sama sekali dengan gaya editing video ini, terlalu berlebihan.",NEGATIF
"Saya netral terhadap konten video ini, tidak terlalu memiliki pendapat yang kuat.",NETRAL
"Saya sangat terkesan dengan kualitas produksi video ini, sangat profesional.",POSITIF
"Video YouTube ini sangat menginspirasi saya, saya jadi semangat untuk mengejar mimpi!",POSITIF
Apa sih yang menarik dari video ini? Saya kecewa tidak ada konten yang bermanfaat.,NEGATIF
"Dengan melihat video ini, saya jadi merasa lebih ceria dan bersemangat!",POSITIF
"Kualitas video dan editing-nya sangat buruk, susah untuk dinikmati.",NEGATIF
"Saya merasa bosan menonton video ini, tidak ada hal yang menarik.",NEGATIF
"Setelah menonton video ini, saya jadi ingin lebih mengenal topik yang dibahas.",POSITIF
Saya merasa kecewa karena video ini isinya hanya omong kosong tanpa substansi yang jelas.,NEGATIF
"Saya tidak suka dengan gaya penyampaian konten dalam video ini, terlalu membosankan.",NEGATIF
"Video YouTube ini sangat menghibur, saya suka banget!",POSITIF
"Setelah menonton video ini, saya merasa terinspirasi untuk mencoba hal baru.",POSITIF
Komentar-komentar negatif di video ini membuat saya jadi malas untuk menontonnya.,NEGATIF
Komentar positif yang banjir di video ini bikin saya senang.,POSITIF
Saya merasa video ini kurang informatif dan membosankan.,NEGATIF
Saya tidak begitu suka dengan gaya editing video ini.,NEGATIF
Saya jadi ingin mencoba resep yang dibagikan di video ini.,POSITIF
Video YouTube ini sangat informatif dan berguna bagi saya,POSITIF
"Saya merasa kecewa dengan kualitas video YouTube ini, kurang jelas",NEGATIF
"Reaksi saya terhadap video ini campur aduk, ada bagian yang menarik dan ada yang membosankan",NETRAL
"Saya sangat terhibur dengan konten video YouTube ini, lucu banget!",POSITIF
"Setelah menonton video ini, saya jadi merasa lebih paham tentang topik yang dibahas",POSITIF
"Video YouTube ini terlalu panjang dan membosankan, saya kesulitan memahaminya",NEGATIF
Opini saya tentang video ini positif karena penyampaiannya sangat jelas dan menarik,POSITIF
"Saya merasa tidak puas dengan isi video ini, terlalu dangkal",NEGATIF
"Reaksi saya netral terhadap video ini, tidak terlalu menarik namun juga tidak buruk",NETRAL
"Video YouTube ini memicu emosi positif saya, bagian akhirnya sangat mengharukan",POSITIF
"Video YouTube ini sangat menghibur, saya senang menontonnya!",POSITIF
"Bagus banget videonya, jadi tambah semangat hari ini!",POSITIF
"Saya kecewa dengan konten video ini, terlalu membosankan.",NEGATIF
"Komentar negatif yang tidak perlu, video ini jelas bagus!",POSITIF
Tidak suka dengan gaya editing video yang terlalu berlebihan.,NEGATIF
"Menarik juga konten videonya, patut untuk didukung terus.",POSITIF
"Kualitas video kurang bagus, sulit untuk menikmatinya.",NEGATIF
"Netral saja sih, tidak terlalu suka atau benci dengan videonya.",NETRAL
"Saya merasa terinspirasi setelah menonton video ini, keren!",POSITIF
Komentar-komentar negatif hanya mencari kesalahan kecil.,NEGATIF
"Isi video kurang menarik, tidak menghibur sama sekali.",NEGATIF
Saya terinspirasi dengan pesan yang disampaikan dalam video ini.,POSITIF
Adegan-adegan lucu dalam video membuat saya tersenyum sepanjang durasi tayang.,POSITIF
"Penyuntingan video terlalu berlebihan, membuat saya merasa pusing.",NEGATIF
"Konten video tidak sesuai dengan judulnya, mengecewakan.",NEGATIF
"Suara audio dalam video terlalu keras, mengganggu pendengaran.",NEGATIF
"Saya merasa video ini biasa saja, tidak spesial.",NETRAL
"Bagian eksperimen dalam video sangat menarik, saya jadi ingin mencobanya sendiri.",POSITIF
Komunitas di kolom komentar video ini sangat ramah dan mendukung.,POSITIF
Video YouTube ini sangat menginspirasi! Saya jadi semangat untuk berkarya lebih banyak lagi.,POSITIF
"Saya merasa kecewa dengan konten video ini, tidak sesuai ekspektasi saya.",NEGATIF
"Wow, video ini keren banget! Saya suka dengan cara penyampaiannya.",POSITIF
"Apa sih yang menarik dari video ini? Rasanya biasa saja, tidak spesial.",NETRAL
"Saya sangat terhibur dengan video ini, lucu dan menghibur!",POSITIF
"Video ini penuh dengan kontroversi, saya tidak setuju dengan beberapa poin yang disampaikan.",NEGATIF
"Tidak bisa berhenti menonton video ini, seru banget!",POSITIF
Saya merasa bosan dengan konten yang monoton seperti ini.,NEGATIF
"Menarik juga video ini, isinya bermanfaat untuk penonton.",POSITIF
"Penyampaian ide di video ini kurang jelas, saya merasa bingung.",NEGATIF
"Saya kecewa dengan video YouTube ini, isinya kurang berkualitas dan membosankan.",NEGATIF
Reaksi pengguna terhadap video ini terlalu berlebihan menurut saya.,NETRAL
"Saya terharu melihat video ini, sangat menginspirasi!",POSITIF
"Video YouTube ini penuh dengan kontroversi, membuat saya bingung.",NEGATIF
Saya setuju sepenuhnya dengan opini yang disampaikan dalam video ini.,POSITIF
"Video ini tidak sesuai dengan ekspektasi saya, kurang menarik.",NEGATIF
"Reaksi pengguna terhadap video ini terlalu beragam, sulit untuk disimpulkan.",NETRAL
"Video YouTube ini memicu perdebatan di kalangan pengguna, kontroversial.",NEGATIF
"Konten video kurang menarik, membuat saya bosan menontonnya.",NEGATIF
"Wow, video ini menginspirasi saya untuk melakukan hal serupa!",POSITIF
Banyak iklan yang mengganggu dalam video tersebut.,NEGATIF
Opini dari pengguna lain di kolom komentar sangat positif.,POSITIF
Saya kecewa karena judul video tidak sesuai dengan isi kontennya.,NEGATIF
Video ini membuat saya tertawa terbahak-bahak!,POSITIF
"Kualitas video sangat buruk, sulit untuk melihat dengan jelas.",NEGATIF
"Saya merasa netral terhadap video ini, tidak terlalu menarik bagi saya.",NETRAL
Pengguna lain sepertinya tidak puas dengan cerita dalam video tersebut.,NEGATIF
"Video YouTube ini sangat menginspirasi, saya senang menontonnya berulang kali!",POSITIF
"Saya sangat kecewa dengan konten video ini, tidak sesuai ekspektasi saya",NEGATIF
"Pengguna lain mungkin suka video ini, tapi menurut saya biasa saja",NETRAL
"Wow, video yang luar biasa! Saya terharu melihatnya",POSITIF
"Video ini sebaiknya dihapus, tidak pantas ditampilkan di YouTube",NEGATIF
"Saya merasa video ini kurang menarik, tidak bisa menarik perhatian saya",NEGATIF
Video ini menghibur dan membuat saya tertawa sepanjang durasi,POSITIF
"Saya rasa video ini kontroversial, banyak pendapat berbeda tentangnya",NETRAL
"Setelah menonton video ini, saya merasa terinspirasi untuk membuat konten sendiri",POSITIF
"Kualitas video buruk, sulit untuk melihat detail dengan jelas",NEGATIF
Video YouTube ini sangat menginspirasi dan membuat saya semangat!,POSITIF
Saya merasa bosan dengan konten video YouTube yang monoton seperti ini.,NEGATIF
"Wow, video ini benar-benar menghibur dan mengocok perut saya!",POSITIF
Saya kecewa dengan kualitas editing yang buruk dalam video ini.,NEGATIF
Saya terharu melihat bagaimana video ini menyentuh hati para penontonnya.,POSITIF
Saya tidak suka gaya presentasi pembawa acara dalam video ini.,NEGATIF
Video ini berhasil memicu perbincangan yang menarik di kolom komentar!,POSITIF
Saya merasa terganggu dengan iklan yang terlalu sering muncul di tengah video.,NEGATIF
"Tidak ada yang istimewa dari video ini, standar saja.",NETRAL
"Saya merasa kecewa dengan konten video ini, terlalu biasa dan tidak menarik",NEGATIF
"Wow, video YouTube ini sangat informatif dan membantu saya memahami topik tersebut dengan lebih baik",POSITIF
"Saya merasa kesal karena banyak iklan yang muncul di tengah-tengah video, mengganggu sekali!",NEGATIF
"Aku suka sekali dengan editing video dan musik latar yang dipilih, sangat membuat saya terhibur",POSITIF
Komentar-komentar negatif di bawah video ini membuat saya risih dan tidak nyaman,NEGATIF
"Video ini biasa saja, tidak terlalu bagus namun juga tidak terlalu buruk",NETRAL
"Saya sangat terinspirasi dengan isi video ini, semangat untuk mencoba hal baru!",POSITIF
"Saya merasa video ini terlalu panjang dan membosankan, tidak bisa menonton sampai selesai",NEGATIF
"Bagian ini paling lucu dalam video, selalu berhasil membuat saya tertawa",POSITIF
"Video YouTube ini sangat menginspirasi, membuat saya ingin mencoba hal-hal baru!",POSITIF
"Saya merasa kecewa dengan kualitas video ini, terlalu banyak iklan yang mengganggu",NEGATIF
"Wow, video ini benar-benar lucu, saya tidak bisa berhenti tertawa!",POSITIF
"Saya merasa terharu dengan isi video ini, sangat menyentuh hati",POSITIF
"Saya merasa bingung dengan konten video ini, kurang jelas dan informatif",NEGATIF
"Video ini membosankan, saya tidak bisa menonton sampai akhir",NEGATIF
Menarik sekali! Video ini memberikan ide-ide kreatif yang segar,POSITIF
"Tidak suka dengan gaya editing video yang terlalu berlebihan, membuat pusing",NEGATIF
"Video ini biasa saja, tidak terlalu mengesankan",NETRAL
"Saya sangat terhibur dengan video ini, terima kasih telah berbagi!",POSITIF
Video YouTube ini sangat menghibur dan lucu!,POSITIF
Saya merasa bosan dengan konten video YouTube ini.,NEGATIF
"Wow, video ini memberikan inspirasi baru bagi saya!",POSITIF
Saya tidak suka dengan gaya editing yang digunakan dalam video ini.,NEGATIF
"Setiap kali menonton video ini, saya selalu tersenyum.",POSITIF
Isi video terlalu dangkal dan tidak informatif.,NEGATIF
Video ini membuat saya terharu dan ingin menontonnya berkali-kali.,POSITIF
Saya merasa kecewa dengan kualitas audio yang buruk pada video ini.,NEGATIF
Tema video ini sangat menarik dan mengundang diskusi.,POSITIF
Saya merasa tidak tertarik dengan konten yang disajikan dalam video ini.,NEGATIF
"Saya kecewa dengan konten video ini, terlalu banyak clickbait.",NEGATIF
"Menarik banget nih video YouTube, saya suka banget melihatnya!",POSITIF
"Isi video kurang informatif, saya harap kontennya bisa lebih bermanfaat ke depannya.",NEGATIF
"Video YouTube ini biasa saja, tidak terlalu menarik bagi saya.",NETRAL
"Wow, subscriber channel ini semakin banyak setelah video ini diunggah!",POSITIF
"Saya merasa terhibur setelah menonton video ini, terima kasih uploader!",POSITIF
"Kualitas video kurang bagus, saya harap ada perbaikan pada segi produksi.",NEGATIF
"Video YouTube ini berhasil membuat saya tertawa, sangat menghibur!",POSITIF
"Video YouTube ini sangat menginspirasi, saya jadi termotivasi untuk mengejar impian saya.",POSITIF
"Saya merasa kecewa dengan konten video ini, klaimnya terlalu berlebihan dan tidak sesuai fakta.",NEGATIF
"Wow, video ini benar-benar lucu! Saya sampai tidak bisa berhenti tertawa.",POSITIF
"Saya merasa tidak tertarik dengan isi video ini, terlalu biasa dan tidak informatif.",NEGATIF
"Reaksi saya setelah menonton video ini campur aduk, ada bagian yang menarik tapi ada yang kurang mengena.",NETRAL
"Video YouTube ini membuat saya semangat, terima kasih atas kontennya yang memotivasi!",POSITIF
"Menurut saya, video ini terlalu provokatif dan mencari sensasi semata.",NEGATIF
"Saya merasa video ini biasa saja, tidak ada yang istimewa menurut saya.",NETRAL
"Saya suka bagian di menit ke-03:45, sangat mengharukan dan membuat saya terinspirasi.",POSITIF
"Video ini terlalu membosankan, saya merasa waktu saya terbuang percuma.",NEGATIF
"Video YouTube ini sangat menginspirasi, saya jadi semangat untuk belajar lebih banyak!",POSITIF
"Saya kecewa dengan konten video ini, terlalu membosankan dan tidak informatif",NEGATIF
"Menurut saya, video ini kurang lengkap karena tidak menjelaskan secara detail topik yang dibahas",NEGATIF
"Saya suka sekali gaya editing dalam video ini, sangat menarik dan kreatif",POSITIF
"Komentar-komentar positif di kolom video ini membuat saya senang, terlihat banyak yang terinspirasi",POSITIF
"Saya merasa video ini bias, tidak memberikan sudut pandang yang seimbang",NEGATIF
"Video ini berhasil membuat saya tertawa terbahak-bahak, kreatornya kocak banget!",POSITIF
"Saya merasa terharu dengan pesan yang disampaikan dalam video ini, sangat menggugah hati",POSITIF
"Kualitas video buruk, suaranya pecah dan gambarnya patah-patah",NEGATIF
"Saya netral terhadap video ini, tidak terlalu menarik tapi juga tidak buruk",NETRAL
"Video YouTube ini sangat menginspirasi, saya jadi semangat belajar!",POSITIF
"Aku merasa kecewa dengan isi video ini, terlalu bias dan tidak informatif",NEGATIF
Sangat keren! Saya suka cara penyampaiannya yang jelas dan menarik,POSITIF
"Video ini terlalu berat, sulit dipahami bagi pemula seperti saya",NEGATIF
"Opini yang diberikan dalam video sangat relevan dengan isu terkini, terima kasih!",POSITIF
"Aku merasa bosan, video ini terlalu panjang tanpa poin penting yang jelas",NEGATIF
"Netral saja, video ini standar dan tidak terlalu istimewa",NETRAL
"Kualitas video buruk, suara pecah dan gambarnya buram",NEGATIF
"Menarik untuk ditonton, isi video memberikan wawasan baru bagi saya",POSITIF
"Video YouTube ini sangat informatif dan menghibur, saya suka sekali!",POSITIF
"Tidak suka dengan konten video ini, terlalu bias dan membosankan.",NEGATIF
"Saya merasa video ini kurang menarik, tapi pengambilan gambarnya bagus.",NETRAL
"Wow, video ini benar-benar menginspirasi saya, terima kasih telah membagikannya!",POSITIF
"Komentar negatif yang tidak berbobot hanya akan membuang-buang waktu, lebih baik diabaikan saja.",NEGATIF
Menarik melihat reaksi beragam dari berbagai penonton terhadap video ini.,NETRAL
"Video ini sangat lucu dan menggemaskan, membuat hari saya menjadi lebih cerah.",POSITIF
"Saya merasa kecewa dengan isi video, tidak sesuai dengan ekspektasi saya.",NEGATIF
"Tidak terlalu suka, tapi ada beberapa poin yang dapat dipertimbangkan dari video tersebut.",NETRAL
"Bagus banget videonya, sangat mendidik dan menghibur sekaligus!",POSITIF
"Video YouTube ini sangat menginspirasi saya, terima kasih sudah membuatnya!",POSITIF
"Saya merasa bosan dengan konten video YouTube ini, kurang inovatif.",NEGATIF
"Saya suka bagaimana pembawaannya dalam video ini, sangat menyenangkan untuk ditonton.",POSITIF
"Kualitas video YouTube ini mengecewakan, terlalu buram dan audio tidak jelas.",NEGATIF
"Menurut saya, video YouTube ini biasa saja, tidak terlalu istimewa.",NETRAL
"Saya jadi tertarik dengan topik yang dibahas di video ini, sangat informatif.",POSITIF
Saya merasa terhibur dan senang setelah menonton video YouTube ini.,POSITIF
"Pendapat saya tentang video ini negatif, terlalu banyak iklan yang mengganggu.",NEGATIF
"Video YouTube ini berhasil membuat saya tertawa, kreatif dan lucu!",POSITIF
"Saya kecewa dengan kontroversi yang dihadirkan dalam video ini, tidak mendidik sama sekali.",NEGATIF
"Konten video sangat membosankan, tidak ada yang menarik",NEGATIF
"Saya suka bagian komedi di video tersebut, lucu banget!",POSITIF
"Banyak iklan yang mengganggu, susah fokus menontonnya",NEGATIF
"Kualitas video jelek, buram dan tidak jelas",NEGATIF
Saya merasa biasa-biasa saja dengan konten video tersebut,NETRAL
"Pengaturan lighting-nya bagus, membuat video terlihat profesional",POSITIF
"Isi video sangat mengecewakan, tidak sesuai ekspektasi",NEGATIF
"Tema video menarik, saya belajar banyak dari konten ini",POSITIF
"Saya merasa kecewa dengan konten video ini, tidak sesuai dengan ekspektasi saya.",NEGATIF
"Menurut saya, video ini memberikan informasi yang sangat berguna, terima kasih kepada pembuatnya.",POSITIF
Apa sih yang menarik dari video ini? Saya tidak memahami kenapa banyak yang suka.,NEGATIF
"Wow, video ini benar-benar menginspirasi saya! Saya merasa termotivasi setelah menontonnya.",POSITIF
"Saya sangat senang melihat komentar positif yang membanjiri video ini, pantas mendapat apresiasi tinggi.",POSITIF
"Kualitas video buruk, suaranya pecah dan gambarnya blur. Sangat mengecewakan.",NEGATIF
"Saya tidak setuju dengan pandangan yang disajikan dalam video ini, terlalu bias dan tidak berimbang.",NEGATIF
"Video ini cukup menarik, meskipun ada beberapa bagian yang terasa kurang jelas.",NETRAL
"Video YouTube ini sangat menghibur, saya senang menontonnya berulang kali!",POSITIF
"Saya kecewa dengan konten video YouTube ini, tidak sesuai dengan ekspektasi saya",NEGATIF
"Reaksi pengguna di komentar video ini lucu banget, saya sampai ketawa sendiri",POSITIF
"Video ini kontroversial, banyak yang setuju dan banyak yang protes",NETRAL
"Saya terharu dengan pesan yang disampaikan dalam video ini, sangat menginspirasi",POSITIF
Banyak yang memviralkan video ini karena tidak setuju dengan isi kontennya,NEGATIF
"Menurut saya, video ini biasa saja, tidak terlalu menarik perhatian",NETRAL
"Saya merasa terhibur dan terinspirasi setelah menonton video ini, keren!",POSITIF
"Video ini menuai kritik pedas dari para pengguna YouTube, kontroversial sekali",NEGATIF
Reaksi pengguna yang beragam terhadap video ini menunjukkan betapa beragamnya pendapat orang,NETRAL
"Suka banget sama gaya editing video nya, keren!",POSITIF
"Kontennya membosankan, tidak ada yang spesial.",NEGATIF
"Setelah nonton video ini, saya jadi ingin mencoba hal baru!",POSITIF
Komentar negatif di video ini bikin saya sedih.,NEGATIF
"Video nya biasa saja, tidak terlalu istimewa.",NETRAL
Sangat menyenangkan melihat reaksi positif dari penonton lain.,POSITIF
Rasa penasaran saya terjawab setelah menonton video ini.,POSITIF
"Kualitas video buruk, sulit untuk dinikmati.",NEGATIF
"Video YouTube ini sangat menginspirasi, saya jadi semangat! 🌟",POSITIF
"Konten di video ini kurang mendidik, hanya buang-buang waktu saja.",NEGATIF
"Saya suka bagian efek visualnya, keren banget!",POSITIF
"Isi video terlalu bias dan tendensius, sangat tidak objektif.",NEGATIF
Aku suka dengan gaya editing yang simple tapi menarik.,POSITIF
"Video ini terlalu panjang dan membosankan, saya skip ke bagian akhir.",NEGATIF
"Meskipun simpel, video ini memberikan informasi yang berguna.",POSITIF
"Saya merasa kecewa dengan konten di video ini, tidak sesuai ekspektasi.",NEGATIF
Komentar-komentar positif di kolom ini membuat saya senang 😀,POSITIF
Aku merasa video ini terlalu mainstream dan klise.,NEGATIF
"Video YouTube ini sangat menghibur, saya jadi ketawa terus!",POSITIF
"Aku merasa kecewa dengan konten video ini, terlalu clickbait.",NEGATIF
Suka banget sama gaya editing video yang keren dan informatif!,POSITIF
"Isi video kurang menarik, kurang detail dan mudah dipahami.",NEGATIF
"Menurutku video ini biasa saja, tidak terlalu istimewa.",NETRAL
"Wow, subscriber channel ini semakin banyak, video-videonya memang bagus.",POSITIF
Komentar yang kasar dan tidak sopan di video ini sangat mengganggu.,NEGATIF
"Menarik sekali konten video ini, saya jadi lebih paham tentang topiknya.",POSITIF
Saya merasa bosan dengan konsep video yang monoton dan terlalu sering dipakai.,NEGATIF
Tidak terlalu suka dengan gaya penyajian video yang terlalu berlebihan.,NEGATIF
Video YouTube ini sangat menginspirasi! Saya jadi termotivasi untuk mengejar mimpi saya.,POSITIF
"Suka banget sama konten video ini, informatif dan menghibur sekaligus!",POSITIF
"Maaf ya, saya kurang suka dengan gaya editing yang dipakai dalam video tersebut.",NEGATIF
"Isi video kurang menarik menurut saya, kurang mendapatkan poin pentingnya.",NEGATIF
"Netral saja sih, tidak terlalu terkesan atau kecewa dengan video tersebut.",NETRAL
Video YouTube ini membuat saya tersenyum sepanjang durasi tontonan. Terima kasih!,POSITIF
"Kecewa, saya berharap video ini lebih informatif tapi malah terlalu banyak iklan.",NEGATIF
"Menarik juga sih video ini, meskipun ada beberapa bagian yang terasa kurang jelas.",NETRAL
"Suka banget dengan gaya editing yang kreatif dalam video tersebut, seru banget!",POSITIF
"Kurang suka dengan nada bicara pembawa acara dalam video, terlalu monoton.",NEGATIF
Video YouTube ini sangat menghibur! Saya suka banget melihatnya,POSITIF
"Isi video kurang menarik, saya kecewa",NEGATIF
"Wow, video ini sangat menginspirasi saya. Terima kasih sudah membagikannya",POSITIF
"Kualitas video jelek, rasanya seperti buang-buang waktu",NEGATIF
"Saya merasa video ini biasa saja, tidak terlalu istimewa",NETRAL
"Video ini kocak banget, saya sampai ngakak terus",POSITIF
Saya merasa tidak nyaman dengan konten video yang ditampilkan,NEGATIF
Suka banget sama editing video yang dikerjakan dengan apik,POSITIF
"Video ini sangat membosankan, tidak bisa menyentuh hati saya",NEGATIF
"Tingkat kreativitas dalam video terlihat, saya senang menontonnya",POSITIF
"Konten video kurang menarik, saya merasa bosan menontonnya",NEGATIF
"Wow, video ini sangat informatif dan memberikan wawasan baru",POSITIF
"Saya kecewa dengan kualitas video yang buruk, sulit untuk melihat dengan jelas",NEGATIF
"Setelah menonton video ini, saya jadi terinspirasi untuk membuat konten sendiri",POSITIF
"Terlalu banyak iklan di tengah-tengah video, sangat mengganggu",NEGATIF
"Video ini biasa saja, tidak terlalu istimewa tapi juga tidak buruk",NETRAL
"Sangat menyenangkan melihat reaksi fans di kolom komentar, semangat!",POSITIF
"Isi video tidak sesuai dengan judulnya, membuat saya kecewa",NEGATIF
Saya merasa terhibur dan senang setelah menonton video ini,POSITIF
"Video YouTube ini sangat menginspirasi, saya merasa semangat setelah menontonnya!",POSITIF
"Wow, video ini benar-benar lucu! Saya terhibur sekali",POSITIF
"Sangat membosankan, saya tidak bisa menonton sampai akhir",NEGATIF
"Menarik untuk ditonton, saya suka dengan cara penyampaiannya",POSITIF
"Kualitas video kurang bagus, sulit untuk fokus saat menontonnya",NEGATIF
"Netral saja, tidak terlalu terkesan dengan video ini",NETRAL
"Video ini sangat informatif, saya belajar banyak hal darinya",POSITIF
"Terlalu banyak iklan di tengah-tengah video, mengganggu sekali",NEGATIF
"Saya merasa terharu dengan cerita di balik video ini, sangat menginspirasi",POSITIF
Video YouTube ini sangat informatif dan menginspirasi! Saya jadi penasaran untuk mencari tahu lebih banyak tentang topik ini.,POSITIF
"Saya sangat kecewa dengan kualitas video ini, terlalu buram dan suaranya tidak jelas. Tidak rekomen untuk ditonton.",NEGATIF
"Wow, video ini lucu banget! Saya ngakak terus nontonnya, bagus deh buat moodbooster.",POSITIF
Isi konten video kurang mendalam dan terlalu sepele menurut saya. Seharusnya bisa lebih diperdalam lagi.,NEGATIF
"Saya merasa video ini biasa saja, tidak terlalu menarik tapi juga tidak membosankan. Cukuplah untuk sekedar mengisi waktu luang.",NETRAL
Pengaturan pencahayaan dan editing video sangat profesional! Saya menikmati setiap detiknya.,POSITIF
Komentar dan diskusi di bawah video ini sangat menyakitkan hati. Lebih baik hindari untuk membaca.,NEGATIF
Video ini sangat menginspirasi saya untuk mencoba hal baru. Terima kasih atas kontennya!,POSITIF
"Saya merasa kecewa karena video ini terlalu pendek, padahal topiknya menarik untuk dieksplor lebih lanjut.",NEGATIF
"Saya setuju dengan pendapat pembuat video, kontennya sangat informatif dan relevan dengan apa yang sedang tren saat ini.",POSITIF
"Saya kecewa dengan konten video ini, tidak sesuai ekspektasi",NEGATIF
"Menarik sekali video ini, saya jadi penasaran dengan kelanjutannya",POSITIF
"Kualitas video buruk, sulit untuk dinikmati",NEGATIF
"Saya merasa terinspirasi setelah menonton video ini, sangat positif",POSITIF
Bosan dengan konten yang monoton seperti ini,NEGATIF
"Video ini berhasil membuat saya tertawa, lucu sekali!",POSITIF
"Isi video terlalu bertele-tele, kurang padat informasi",NEGATIF
"Saya merasa netral terhadap video ini, tidak terlalu menarik",NETRAL
"Saya menemukan video ini sangat informatif, terima kasih!",POSITIF
"Aduh, video ini menyentuh banget hati saya. Terharu!",POSITIF
"Video ini terlalu banyak iklan, jadi terganggu menontonnya.",NEGATIF
"Kualitas kontennya kurang bagus, sepertinya asal jadi saja.",NEGATIF
"Saya merasa biasa saja dengan video ini, tidak terlalu menarik.",NETRAL
"Wow, aku jadi penasaran ingin tahu lebih banyak setelah menonton video ini!",POSITIF
"Bagus banget video ini, jadi terhibur sepanjang durasi tayangannya.",POSITIF
"Komentar negatif di video ini sangat mengganggu, sebaiknya dihapus saja.",NEGATIF
"Video YouTube ini sangat menginspirasi, saya jadi termotivasi untuk mengikuti jejaknya.",POSITIF
"Saya merasa kecewa dengan isi video tersebut, tidak sesuai dengan ekspektasi saya.",NEGATIF
"Wow, video ini sangat lucu dan menghibur, saya suka sekali!",POSITIF
"Saya merasa bosan saat menonton video ini, tidak ada hal menarik yang ditampilkan.",NEGATIF
"Pendapat saya tentang video ini netral, tidak terlalu bagus namun juga tidak buruk.",NETRAL
"Video YouTube ini memberikan informasi yang sangat bermanfaat, terima kasih telah membagikannya.",POSITIF
"Saya tidak setuju dengan pandangan yang disampaikan dalam video tersebut, terlalu kontroversial.",NEGATIF
Pengalaman menonton video ini membuat saya merasa terhibur dan senang.,POSITIF
"Saya merasa sangat terinspirasi oleh video ini, akan terus mendukung konten seperti ini.",POSITIF
"Video ini kurang informatif, saya harap konten selanjutnya lebih menarik.",NEGATIF
"Video YouTube ini sangat informatif dan menarik, saya suka sekali!",POSITIF
"Saya kecewa dengan konten video ini, tidak sesuai dengan ekspektasi saya",NEGATIF
Reaksi positif dari pengguna lain membuat saya penasaran untuk menonton video ini,POSITIF
"Saya merasa video ini biasa saja, tidak begitu menarik bagi saya",NETRAL
"Wow, video ini menginspirasi saya untuk mencoba hal baru, sangat bagus!",POSITIF
"Pengguna lain memberikan review negatif, jadi saya memutuskan untuk tidak menonton video ini",NEGATIF
"Video ini mengundang perdebatan di kolom komentar, reaksi pengguna sangat beragam",NETRAL
"Adegan lucu di video ini membuat saya tertawa sepanjang durasi, keren!",POSITIF
Saya setuju dengan pendapat pengulas lain yang menyebut video ini kurang bermutu,NEGATIF
"Video YouTube ini sangat menginspirasi, saya jadi semangat untuk berkarya lebih banyak!",POSITIF
"Saya kecewa dengan isi video ini, terlalu banyak iklan dan kurang konten menarik.",NEGATIF
"Saya merasa terharu setelah menonton video ini, ceritanya begitu menyentuh hati.",POSITIF
Gaya editing video dalam konten ini sangat kreatif dan menarik perhatian saya.,POSITIF
"Saya merasa bosan dengan video ini, tidak ada hal yang baru atau menarik.",NEGATIF
"Video ini memicu kontroversi besar di komunitas YouTube, banyak pro dan kontra terkaitnya.",NETRAL
"Saya merasa terganggu dengan kualitas rendah video ini, sulit untuk dinikmati dengan baik.",NEGATIF
"Pembuat video ini benar-benar berbakat, saya yakin akan banyak yang suka dengan karyanya.",POSITIF
"Video ini sangat menginspirasi, saya jadi termotivasi untuk mengejar impian saya!",POSITIF
"Saya merasa bosan dengan konten video ini, tidak ada yang menarik",NEGATIF
"Wow, video ini benar-benar menghibur dan membuatku tertawa sepanjang hari",POSITIF
"Saya merasa kecewa karena judul video menipu, isinya tidak sesuai dengan ekspektasi",NEGATIF
"Video ini tidak begitu menarik, tapi cukup bagus untuk mengisi waktu luang",NETRAL
"Saya sangat terkesan dengan kreativitas pembuat video, sangat menghibur dan informatif",POSITIF
Adegan kontroversial dalam video ini membuat saya tidak nyaman menontonnya,NEGATIF
"Saya suka bagaimana video ini memberikan pandangan yang berbeda, sangat menginspirasi",POSITIF
"Saya kecewa dengan banyaknya iklan dalam video ini, mengganggu pengalaman menonton",NEGATIF
"Video ini biasa saja, tidak istimewa tapi juga tidak buruk",NETRAL
Video ini sangat menginspirasi. Saya senang bisa menontonnya.,POSITIF
Konten yang menarik dan lucu. Saya terhibur!,POSITIF
Saya kecewa dengan kualitas video yang buruk dan tidak jelas.,NEGATIF
Isi video kurang informatif dan terlalu singkat.,NEGATIF
Sangat menarik! Saya ingin melihat lebih banyak video sejenis.,POSITIF
Komentar yang tidak sopan merusak suasana di video ini.,NEGATIF
Saya tidak begitu suka dengan gaya editing yang dipakai dalam video tersebut.,NEGATIF
"Pembawa acara terlalu berlebihan, membuat saya tidak betah menonton.",NEGATIF
Saya sangat terkesan dengan keahlian editing yang ditampilkan dalam video.,POSITIF
"Aku tidak suka video ini, terlalu membosankan dan tidak informatif",NEGATIF
"Reaksi pengguna di video ini lucu banget, bikin ketawa terus",POSITIF
"Saya merasa terhibur dengan konten video ini, sangat menghibur",POSITIF
"Video ini kontroversial, banyak komentar negatif mengenainya",NEGATIF
"Pengguna YouTube pada umumnya senang dengan video ini, positif semua",POSITIF
"Saya kecewa dengan isi video ini, tidak sesuai ekspektasi",NEGATIF
Ternyata banyak yang tidak setuju dengan pendapat saya tentang video ini,NEGATIF
"Video ini informatif dan menarik, saya suka sekali melihatnya",POSITIF
"Aduh, video ini terlalu membosankan, tidak sanggup menonton sampai habis.",NEGATIF
"Reaksi saya ketika melihat video ini hanya bisa bilang 'wow!', keren banget!",POSITIF
Saya merasa kecewa dengan konten video yang kurang berkualitas seperti ini.,NEGATIF
"Menurut saya, video ini biasa saja, tidak terlalu istimewa.",NETRAL
Saya senang karena video ini memberikan pandangan yang berbeda dan mendidik.,POSITIF
"Reaksi saya melihat video ini malah jadi marah, isinya tidak bermutu.",NEGATIF
Saya agak kecewa karena ekspektasi saya terhadap video ini terlalu tinggi.,NEGATIF
"Video ini berhasil membuat saya tertawa sepanjang durasinya, hiburan yang bagus!",POSITIF
"Saya merasa video ini kurang mendalam, tidak memberikan informasi yang cukup.",NEGATIF
"Video YouTube ini sangat menginspirasi, saya merasa termotivasi setelah menontonnya",POSITIF
"Aku merasa kecewa dengan konten video ini, sangat membosankan",NEGATIF
Menarik! Saya belajar banyak hal baru dari video ini,POSITIF
Saya tidak suka dengan gaya editing yang digunakan dalam video ini,NEGATIF
"Video ini membuat saya tertawa sepanjang hari, sangat lucu!",POSITIF
"Kualitas video buruk, sulit dipahami apa yang disampaikan",NEGATIF
"Saya merasa netral terhadap video ini, tidak terlalu menarik bagi saya",NETRAL
"Wow, saya terkesan dengan keahlian penyunting video dalam konten ini",POSITIF
"Saya merasa kesal karena banyak iklan di dalam video, sangat mengganggu",NEGATIF
"Konten video ini membuka wawasan saya, sangat informatif",POSITIF
"Video YouTube ini sangat informatif dan berguna, saya suka sekali!",POSITIF
"Aku jadi senang setelah menonton video ini, terima kasih uploader!",POSITIF
"Menurut saya, video ini biasa saja, tidak terlalu menarik",NETRAL
Komentar-komentar negatif di video ini membuat saya sedih,NEGATIF
"Pendapat saya tentang video ini positif, saya merekomendasikannya",POSITIF
"Saya tidak merasa tertarik dengan isi video ini, kurang menarik",NEGATIF
"Video ini membuat saya bingung, kurang jelas dan terstruktur",NEGATIF
Apa sih bagusnya video ini? Nggak bermutu sama sekali!,NEGATIF
"Saya suka banget dengan gaya editing di video ini, keren!",POSITIF
"Konten video kurang menarik, bosan nontonnya.",NEGATIF
"Banyak iklan di tengah-tengah video, mengganggu sekali.",NEGATIF
"Thumbnail video menarik, tapi isinya biasa saja.",NETRAL
Video ini mengundang saya untuk diskusi dengan teman-teman.,POSITIF
Saya kecewa dengan kualitas video yang buram dan suara yang pecah.,NEGATIF
"Durasi video terlalu panjang, membuat saya cepat bosan.",NEGATIF
Apa sih yang menarik dari video ini? Saya kecewa,NEGATIF
Komentar positif yang membanjiri video ini membuat saya senang,POSITIF
"Kualitas video kurang bagus, tidak worth it untuk ditonton",NEGATIF
Saya terkesan dengan editing video yang keren,POSITIF
Konten video kurang informatif dan membosankan,NEGATIF
"Saya setuju dengan pendapat pembuat video, sangat informatif",POSITIF
"Banyak dislike, mungkin kontroversial ya videonya",NEGATIF
"Tontonan yang menyenangkan, terima kasih sudah mengupload",POSITIF
"Video ini seharusnya dihapus, tidak pantas ditampilkan di YouTube",NEGATIF
Komentar negatif yang tidak berbobot merusak atmosfer positif di video ini.,NEGATIF
"Saya merasa biasa saja dengan isi video tersebut, tidak terlalu menarik.",NETRAL
"Efek visual dalam video ini sungguh memukau, saya terkesan!",POSITIF
Kualitas audio yang buruk membuat saya sulit memahami isi video.,NEGATIF
"Saya setuju dengan pendapat yang disampaikan dalam video tersebut, sangat relevan.",POSITIF
Tema video yang diangkat terlalu klise dan membosankan menurut saya.,NEGATIF
"Saya tidak begitu tertarik dengan video tersebut, kurang menarik bagi saya.",NETRAL
"Tidak suka dengan konten video ini, terlalu membosankan menurut saya.",NEGATIF
"Wah, video YouTube ini benar-benar menginspirasi saya, terima kasih!",POSITIF
Komentar negatif yang berlebihan dari pengguna lain membuat saya jadi ragu untuk menonton video ini.,NEGATIF
"Saya merasa terhibur dan senang setelah menonton video ini, rekomendasi banget!",POSITIF
"Kualitas video kurang bagus, membuat saya sulit untuk menikmati kontennya.",NEGATIF
"Video YouTube ini berhasil membuat saya tertawa sepanjang durasi, keren!",POSITIF
Saya merasa kecewa karena judul video tidak sesuai dengan isi kontennya.,NEGATIF
"Tidak terlalu terkesan dengan video ini, sebenarnya biasa saja menurut saya.",NETRAL
Apa sih yang menarik dari video ini? Saya kecewa dengan kontennya.,NEGATIF
"Setiap kali saya sedih, saya selalu menonton video ini. Sangat menghibur dan memotivasi!",POSITIF
"Terlalu banyak iklan di video ini, membuat saya tidak betah menontonnya.",NEGATIF
"Video YouTube ini biasa saja, tidak ada yang istimewa menurut saya.",NETRAL
"Wow, konten yang sangat inspiratif! Sangat merekomendasikan untuk ditonton.",POSITIF
"Saya merasa bosan dengan video ini, tidak sesuai minat saya.",NEGATIF
"Pendapat saya tentang video ini netral, tidak terlalu suka atau benci.",NETRAL
"Kualitas video buruk, sulit untuk menikmati kontennya.",NEGATIF
Video YouTube ini sangat menghibur dan membuat saya tertawa terus-menerus!,POSITIF
Saya merasa kecewa dengan kualitas video yang buram dan suara yang tidak jelas.,NEGATIF
"Wow, video ini sangat inspiratif dan membuat saya termotivasi untuk melakukan hal serupa!",POSITIF
"Aduh, konten video ini sudah basi dan tidak ada hal baru yang ditawarkan.",NEGATIF
"Saya bingung dengan pendapat dari video ini, rasanya tidak konsisten.",NETRAL
"Setiap kali menonton video ini, saya selalu senang dan bersemangat!",POSITIF
Komentar-komentar negatif di video ini benar-benar tidak masuk akal.,NEGATIF
Video yang sangat menarik! Saya belajar banyak hal baru dari sini.,POSITIF
"Video ini tidak sesuai ekspektasi saya, sungguh mengecewakan.",NEGATIF
"Saya merasa netral terhadap video ini, tidak ada perasaan kuat baik atau buruk.",NETRAL
Video YouTube ini sangat informatif dan memberikan wawasan baru bagi saya. Sangat positif!,POSITIF
"Saya merasa kecewa dengan konten video ini, tidak sesuai dengan ekspektasi saya. Negatif.",NEGATIF
Reaksi pengguna lain terhadap video ini membuat saya tertarik untuk menontonnya. Positif.,POSITIF
"Saya tidak begitu terkesan dengan video tersebut, terlalu biasa dan klise. Netral.",NETRAL
"Wow, video ini sangat menghibur dan bikin saya senang. Positif banget!",POSITIF
"Saya sangat terharu dengan cerita di balik video ini, sungguh menginspirasi. Positif.",POSITIF
"Kualitas video dan editing-nya buruk sekali, bikin sakit mata. Negatif.",NEGATIF
"Saya merasa bosan menonton video ini, tidak menarik sama sekali. Negatif.",NEGATIF
"Reaksi pengguna terhadap video ini sangat beragam, membuat saya penasaran. Netral.",NETRAL
"Saya suka cara penyampaian informasi dalam video ini, sangat jelas dan mudah dipahami. Positif.",POSITIF
"Video ini sangat informatif dan menarik, aku suka sekali!",POSITIF
"Konten video kurang relevan dengan judulnya, mengecewakan.",NEGATIF
Pengguna lain sepertinya sangat antusias dengan video ini.,POSITIF
"Komentar yang penuh dengan kontroversi, membuat suasana jadi tegang.",NEGATIF
Aku merasa video ini kurang memberikan informasi yang cukup.,NEGATIF
Banyak yang setuju dengan pendapat yang disampaikan di video tersebut.,POSITIF
"Saya jadi tertawa terbahak-bahak melihat video ini, lucu banget!",POSITIF
"Beberapa adegan dalam video terlalu provokatif, sebaiknya dihindari.",NEGATIF
"Aku sangat terinspirasi setelah menonton video ini, terima kasih!",POSITIF
"Video YouTube ini sangat menginspirasi, saya jadi terpacu untuk mencoba hal baru!",POSITIF
Apa sih yang menarik dari video ini? Saya kecewa karena tidak sesuai ekspektasi.,NEGATIF
"Saya suka bagaimana konten video ini disajikan, sangat informatif!",POSITIF
"Komentar negatif yang tidak berkesudahan, sepertinya banyak haters di sini.",NEGATIF
"Video ini biasa saja, tidak ada yang istimewa menurut saya.",NETRAL
"Sangat menyentuh hati, saya hampir menangis menontonnya.",POSITIF
"Para kreator video ini sangat kreatif, saya selalu menunggu konten terbaru mereka!",POSITIF
"Banyak klikbait di judul video, membuat saya kecewa dengan isi kontennya.",NEGATIF
"Video ini menjelaskan topik yang sulit dengan sangat mudah dipahami, keren!",POSITIF
"Kualitas video yang buruk, sulit untuk menonton hingga akhir.",NEGATIF
"Video YouTube ini sangat menginspirasi, saya suka banget!",POSITIF
"Isi video-nya mengecewakan, tidak sesuai ekspektasi saya",NEGATIF
"Wow, video ini membuat saya terpesona!",POSITIF
Komentar yang kasar di kolom video membuat saya jengkel,NEGATIF
Saya merasa biasa saja dengan konten video ini,NETRAL
"Gaya editing video-nya keren banget, saya suka",POSITIF
Saya merasa kecewa karena video ini terlalu pendek,NEGATIF
Penggunaan musik di video ini sangat mengganggu,NEGATIF
Saya tidak terlalu suka dengan gaya pembawaan pembuat video,NEGATIF
"Video ini sangat menginspirasi, saya merasa terharu melihatnya.",POSITIF
"Saya sangat kecewa dengan isi video ini, tidak sesuai ekspektasi saya.",NEGATIF
"Wow, video ini sangat lucu dan menghibur, suka banget!",POSITIF
"Tidak suka dengan konten yang diunggah, terlalu klise dan membosankan.",NEGATIF
"Reaksi saya terhadap video ini campur aduk, ada bagian yang bagus dan ada yang kurang menarik.",NETRAL
"Sangat menyukai ide kreatif yang ditampilkan dalam video, keren!",POSITIF
"Saya kecewa dengan konten video ini, terlalu membosankan dan tidak sesuai ekspektasi",NEGATIF
"Reaksi warganet di kolom komentar video ini lucu banget, bikin ngakak!",POSITIF
Video YouTube ini berhasil membuat saya terinspirasi dan termotivasi,POSITIF
"Sayang sekali, kualitas video dan audio di sini kurang baik. Harap diperbaiki di video selanjutnya",NEGATIF
"Opini pengguna lain tentang video ini sangat bervariasi, membuat saya penasaran untuk menontonnya",NETRAL
"Saya merasa terhibur dan senang setelah menonton video ini, bagus sekali!",POSITIF
"Konten video ini terlalu bias dan tidak objektif, sangat mengecewakan",NEGATIF
"Saya tidak terlalu terkesan dengan video ini, rasanya biasa saja",NETRAL
Video YouTube ini sangat menginspirasi dan positif!,POSITIF
"Saya tidak suka dengan isi video YouTube tersebut, terlalu membosankan.",NEGATIF
"Reaksi penonton terhadap video YouTube ini sangat positif, banyak yang terhibur.",POSITIF
"Opini saya tentang video YouTube ini netral, tidak terlalu menarik bagi saya.",NETRAL
Saya sangat terkesan dengan kekreatifan di balik video YouTube ini.,POSITIF
Para penonton sepertinya kecewa dengan konten video YouTube kali ini.,NEGATIF
"Menurut saya, video YouTube ini kontroversial dan menuai beragam pendapat.",NETRAL
Reaksi positif dari pengguna terhadap video YouTube membuat saya senang.,POSITIF
Saya merasa video YouTube tersebut kurang informatif dan kurang berkualitas.,NEGATIF
"Opini saya tentang video YouTube ini cukup positif, meskipun masih ada kekurangan.",POSITIF
Video YouTube ini sangat menghibur dan informatif! Saya suka sekali melihatnya.,POSITIF
Apa sih yang menarik dari video ini? Saya merasa bosan melihatnya.,NEGATIF
Saya terkesan dengan kreativitas pembuat video ini. Sangat menghibur!,POSITIF
Isi konten video kurang jelas dan tidak sesuai judulnya. Kecewa.,NEGATIF
Video ini berhasil membuat saya tertawa sepanjang durasi. Sangat lucu!,POSITIF
Saya merasa terharu melihat video ini. Pesan yang disampaikan sangat menginspirasi.,POSITIF
Tidak ada hal menarik dalam video ini. Saya merasa sia-sia menontonnya.,NEGATIF
Saya netral terhadap video ini. Tidak terlalu suka atau benci.,NETRAL
Video berkualitas rendah dan membosankan. Saya tidak merekomendasikannya.,NEGATIF
Saya sangat terhibur dan terinspirasi setelah menonton video ini. Sangat bagus!,POSITIF
"Video YouTube ini sangat menginspirasi, saya merasa terpacu untuk mengejar impian saya!",POSITIF
"Saya merasa kecewa dengan konten video ini, terlalu banyak iklan yang mengganggu",NEGATIF
"Reaksi saya setelah menonton video ini adalah terharu, sangat menyentuh hati",POSITIF
"Video ini membingungkan, saya tidak mengerti apa inti dari isi videonya",NEGATIF
"Menonton video ini membuat saya tertawa terbahak-bahak, sangat lucu!",POSITIF
"Opini saya terhadap video ini netral, tidak terlalu menarik tapi juga tidak buruk",NETRAL
"Saya sangat kagum dengan kualitas produksi video ini, sangat profesional",POSITIF
"Video ini penuh kontroversi, banyak komentar negatif dari penonton lain",NEGATIF
"Setelah menonton video ini, saya merasa terinspirasi untuk membuat konten video sendiri",POSITIF
"Saya merasa bosan dengan video ini, tidak ada yang spesial dari isi videonya",NEGATIF
"Video ini sangat informatif dan menghibur, saya suka sekali!",POSITIF
Isi kontennya sangat dangkal dan tidak bermanfaat sama sekali.,NEGATIF
Banyak iklan yang mengganggu selama menonton video ini.,NEGATIF
"Video ini tidak terlalu menarik, biasa saja.",NETRAL
"Saya jadi lebih paham setelah menonton video ini, sangat membantu!",POSITIF
"Thumbnail video menipu, isinya tidak sesuai dengan judul.",NEGATIF
Saya merasa bosan dan tidak tertarik dengan video ini.,NEGATIF
"Setelah menonton, saya jadi penasaran ingin mencari tahu lebih banyak.",POSITIF
Video tersebut sangat menginspirasi saya untuk melakukan hal-hal baru. Keren!,POSITIF
Saya merasa terhibur dan senang menonton video ini. Terima kasih uploader!,POSITIF
Konten video kurang bermutu dan tidak informatif. Saya kecewa.,NEGATIF
Saya tidak suka dengan gaya editing yang dipakai. Terlalu berlebihan.,NEGATIF
Video ini tidak sesuai dengan ekspektasi saya. Saya merasa kecewa.,NEGATIF
Saya merasa netral terhadap video ini. Tidak terlalu menarik bagi saya.,NETRAL
"Meskipun video cukup informatif, namun saya merasa kurang terhibur.",NETRAL
Saya sangat menyukai gaya pembawaan presenter dalam video ini. Sangat menyenangkan!,POSITIF
Editor video benar-benar ahli! Saya terkagum-kagum dengan hasil akhirnya.,POSITIF
"Video YouTube ini sangat menginspirasi, saya jadi tergerak untuk melakukan hal serupa!",POSITIF
"Saya kecewa dengan isi video ini, sangat tidak sesuai ekspektasi saya.",NEGATIF
"Menurut saya, video ini biasa saja, tidak terlalu menarik perhatian.",NETRAL
"Wow, video ini benar-benar menghibur! Saya suka sekali melihatnya.",POSITIF
Sangat menyesal telah menyia-nyiakan waktu untuk menonton video ini. Tidak berguna sama sekali.,NEGATIF
"Opini saya tentang video ini cukup positif, meskipun ada beberapa hal yang bisa diperbaiki.",POSITIF
Saya merasa terhibur dan senang setelah menonton video ini. Bagus sekali!,POSITIF
"Konten video kurang bermutu, tidak ada hal yang bisa dipelajari dari sini.",NEGATIF
"Tidak begitu menarik menurut saya, video ini terlalu biasa dan klise.",NETRAL
Saya sangat terkesan dengan kreativitas pembuat video ini. Sangat menghibur dan informatif!,POSITIF
"Video YouTube ini sangat menginspirasi, saya merasa semangat setelah menontonnya.",POSITIF
"Setelah menonton video ini, saya jadi lebih paham tentang topiknya. Bagus sekali kontennya.",POSITIF
"Video ini terlalu berat, saya merasa tertekan setelah menontonnya.",NEGATIF
Saya suka gaya editing yang digunakan dalam video ini. Keren!,POSITIF
Mengapa video ini banyak yang suka? Saya tidak melihat daya tariknya.,NEGATIF
Video ini membuat saya tertawa sepanjang waktu. Sangat menghibur!,POSITIF
Saya merasa kecewa dengan isi video ini. Sangat mengecewakan.,NEGATIF
Pendapat saya sama sekali tidak berubah setelah menonton video ini. Biasa saja.,NETRAL
Video ini memberi pandangan baru bagi saya. Sangat menarik!,POSITIF
"Isi konten video sangat membosankan, sayang sekali menontonnya.",NEGATIF
"Saya merasa terhibur dan senang menonton video ini, sangat bagus!",POSITIF
"Kualitas video kurang jelas dan penuh dengan iklan, mengecewakan.",NEGATIF
"Wow, video ini benar-benar menginspirasi dan membuat saya termotivasi!",POSITIF
"Komentar pengguna di video ini sangat tidak sopan, tidak suka dengan suasana tersebut.",NEGATIF
Saya merasa sedikit kecewa dengan konten video karena tidak sesuai ekspektasi.,NEGATIF
"Saya senang melihat banyak ide kreatif dalam video ini, sangat menyenangkan!",POSITIF
"Video ini terlalu panjang dan isinya membosankan, tidak bisa menonton sampai selesai.",NEGATIF
"Videonya jelek banget, nggak jelas isinya. Saya kecewa.",NEGATIF
"Reaksi penonton di video ini lucu banget, bikin senyum sepanjang video!",POSITIF
Komentar kasar di kolom video membuat saya merasa tidak nyaman.,NEGATIF
Senang melihat banyak orang antusias mengomentari video ini dengan positif.,POSITIF
"Isi video sangat kontroversial, menyebabkan perpecahan di komunitas penonton.",NEGATIF
Respon positif dari pengguna membuat saya semakin tertarik untuk menonton video tersebut.,POSITIF
Saya merasa kecewa karena video yang diharapkan tidak sesuai dengan ekspektasi.,NEGATIF
Opini pengguna terbagi antara suka dan tidak suka terhadap konten video tersebut.,NETRAL
Video YouTube tersebut sangat menghibur. Saya suka sekali!,POSITIF
Apa sih yang menarik dari video ini? Bosan!,NEGATIF
Saya merasa terinspirasi setelah menonton video ini. Keren!,POSITIF
Isi kontennya tidak sesuai dengan judul. Kecewa.,NEGATIF
"Wow, video ini memberikan wawasan baru bagi saya. Bagus!",POSITIF
"Kualitas video buruk, sulit dipahami. Tidak suka.",NEGATIF
"Menurut saya, video ini biasa saja. Tidak terlalu istimewa.",NETRAL
Sangat mengecewakan. Tidak sepadan dengan ekspektasi.,NEGATIF
Video ini berhasil membuat saya tertawa sepanjang durasi. Lucu!,POSITIF
Reaksi para pengguna di video ini sangat lucu dan menggemaskan,POSITIF
"Saya merasa bosan dengan isi video ini, kurang menarik",NEGATIF
Opini dari banyak pengguna video ini membantu saya memahami kontennya,NETRAL
"Video ini sangat menginspirasi, saya jadi termotivasi untuk berkarya lebih banyak",POSITIF
Komentar negatif yang tidak berdasar hanya merugikan kreator video,NEGATIF
"Setelah menonton video ini, saya jadi lebih menghargai usaha kreatornya",POSITIF
"Banyak sekali troll di kolom komentar video ini, sangat mengganggu",NEGATIF
Opini pengguna yang beragam membuat diskusi di video ini semakin menarik,NETRAL
"Video YouTube tersebut sangat menginspirasi saya, terima kasih atas kontennya!",POSITIF
"Saya merasa kecewa dengan kualitas video YouTube ini, sepertinya kurang diperhatikan",NEGATIF
"Reaksi saya terhadap video ini netral, tidak terlalu terkesan tapi juga tidak buruk",NETRAL
"Saya sangat senang melihat video ini, sangat menghibur dan informatif",POSITIF
"Opini saya terhadap video tersebut negatif, terlalu banyak iklan yang mengganggu",NEGATIF
"Reaksi positif saya langsung muncul begitu video ini dimulai, sangat menghibur!",POSITIF
"Saya merasa video ini kurang bermutu, tidak sesuai harapan saya",NEGATIF
"Netral terhadap video ini, tidak terlalu menarik tapi juga tidak buruk",NETRAL
Video YouTube favorit saya karena selalu memberikan konten yang berkualitas,POSITIF
"Saya agak kecewa dengan video tersebut, harapannya lebih tinggi dari ini",NEGATIF
"Video YouTube ini sangat menginspirasi, saya jadi semangat untuk berkarya lebih banyak lagi!",POSITIF
"Saya kecewa dengan konten video ini, terlalu banyak clickbait dan kurang substansi.",NEGATIF
"Menurut saya, video ini cukup informatif dan memberikan pandangan baru yang menarik.",POSITIF
"Saya merasa bosan dengan video ini, tidak ada yang spesial menurut saya.",NEGATIF
"Video ini berhasil membuat saya tertawa sepanjang durasinya, kocak banget!",POSITIF
"Sayangnya, video ini terlalu panjang dan terlalu banyak iklan di tengah-tengahnya.",NEGATIF
"Saya merasa netral terhadap video ini, tidak terlalu suka tapi juga tidak membenci.",NETRAL
"Video menarik ini sebaiknya ditonton semua orang, pasti akan suka!",POSITIF
"Kualitas video sangat buruk, saya kesulitan menontonnya dengan jelas.",NEGATIF
"Aku merasa terhibur setelah menonton video ini, keren!",POSITIF
"Komentar negatif yang muncul di video ini sangat mengganggu, sebaiknya dihapus.",NEGATIF
"Sayang sekali videonya terlalu pendek, ingin melihat lebih banyak konten serupa.",NEGATIF
"Netral saja dengan isi video ini, biasa-biasa saja.",NETRAL
"Saya merasa terharu dengan cerita di balik video ini, sangat menyentuh hati.",POSITIF
"Adegan kontroversial dalam video ini sebaiknya dibatasi, tidak semua penonton suka.",NEGATIF
Saya jadi bersemangat untuk mencoba hal baru setelah menyaksikan video ini!,POSITIF
"Kualitas video kurang bagus, susah untuk fokus saat menonton.",NEGATIF
"Saya merasa puas setelah menonton video ini, sangat menghibur!",POSITIF
"Video ini sangat menginspirasi, saya jadi semangat membuat konten baru!",POSITIF
"Adegan di menit ke-12 terlalu kasar, seharusnya di sensor.",NEGATIF
"Saya merasa bosan dengan konten seperti ini, tidak ada yang spesial.",NEGATIF
"Wow, saya tidak bisa berhenti tertawa menonton video ini!",POSITIF
Komentar-komentar negatif di bawah video membuat saya sedih.,NEGATIF
"Video ini sangat informatif, saya belajar banyak hal baru.",POSITIF
Saya tidak suka gaya editing yang terlalu berlebihan di video ini.,NEGATIF
Netizen benar-benar kreatif dalam membuat video parodi ini!,POSITIF
Saya merasa kecewa karena ekspektasi saya tidak sesuai dengan isi video.,NEGATIF
"Video ini biasa saja, tidak terlalu menarik buat saya.",NETRAL
Saya merasa kecewa dengan konten video yang kurang bermutu seperti ini.,NEGATIF
"Wow, video ini benar-benar lucu, saya terhibur!",POSITIF
Komentar negatif terhadap video ini tidak berdasar. Saya suka dengan isi kontennya.,POSITIF
Saya merasa bosan dengan video yang terlalu panjang seperti ini.,NEGATIF
Ternyata video ini lebih menginspirasi daripada yang saya kira. Keren!,POSITIF
Apa sih yang bagus dari video ini? Saya tidak bisa memahami popularitasnya.,NEGATIF
"Saya merasa terharu melihat video ini, sangat menyentuh hati.",POSITIF
"Kualitas video jelek, editingnya kurang bagus, saya kecewa.",NEGATIF
"Video ini sangat menghibur dan informatif, saya suka sekali!",POSITIF
Komentar yang penuh kebencian di video ini sangat mengganggu,NEGATIF
"Aku merasa video ini biasa saja, tidak ada yang istimewa",NETRAL
"Wow, video ini menginspirasi banget, saya jadi termotivasi!",POSITIF
"Bagian editannya kurang rapi, membuat saya sulit fokus",NEGATIF
Saya suka gaya editing yang kreatif dalam video ini,POSITIF
Komentar positif dari pengguna lain membuat saya ingin menonton video ini,POSITIF
Saya kecewa dengan konten video yang kurang berkualitas,NEGATIF
Isi video terlalu bertele-tele dan membosankan,NEGATIF
"Saya kecewa dengan konten video ini, terlalu banyak clickbait dan isinya tidak sesuai ekspektasi",NEGATIF
"Menurut saya, video ini terlalu panjang dan membosankan, sulit untuk diikuti sampai akhir",NEGATIF
"Adegan lucu di video ini membuat saya tertawa terbahak-bahak, sangat menghibur!",POSITIF
"Penggunaan musik latar yang dipilih untuk video ini sangat pas, menambah suasana dramatis",POSITIF
"Saya merasa video ini kurang informatif, tidak memberikan nilai tambah yang signifikan bagi penonton",NEGATIF
"Para host video ini terlihat sangat kompak dan menyenangkan, saya suka melihat interaksi mereka",POSITIF
"Kualitas video terlalu buram dan audio kurang jelas, sulit untuk menikmati kontennya",NEGATIF
"Setelah menonton video ini, saya jadi lebih mengerti topik yang dibahas, sangat edukatif!",POSITIF
"Penggunaan efek visual yang kreatif membuat video ini terlihat menarik, suka sekali!",POSITIF
"Video ini sangat menginspirasi, saya jadi semangat untuk mengejar mimpi saya!",POSITIF
Saya merasa bosan dengan konten video yang monoton seperti ini.,NEGATIF
Sangat kreatif dan menghibur! Saya suka sekali dengan video ini.,POSITIF
"Aku merasa kecewa karena judulnya menipu, isinya tidak sesuai ekspektasi.",NEGATIF
"Video ini biasa saja, tidak terlalu menarik tetapi juga tidak buruk.",NETRAL
"Saya terharu melihat reaksi orang-orang di video ini, membuat saya tersenyum.",POSITIF
"Kualitas video buruk dan tidak jelas, membuat saya malas menonton sampai habis.",NEGATIF
Tolong berikan like dan subscribe untuk terus mendukung konten kreator ini!,POSITIF
"Video ini terlalu panjang dan terlalu banyak iklan, membuat saya frustrasi.",NEGATIF
"Saya merasa netral terhadap video ini, tidak terlalu berkesan bagi saya.",NETRAL
Video YouTube ini sangat menghibur dan membuat saya tertawa terus. POSITIF,POSITIF
Saya merasa kecewa dengan isi video yang kurang bermutu. NEGATIF,NEGATIF
Reaksi saya saat menonton video ini campur aduk antara lucu dan sedih. NETRAL,NETRAL
"Wow, video ini sangat informatif dan membantu saya belajar hal baru. POSITIF",POSITIF
Saya tidak suka dengan gaya editing yang terlalu berlebihan dalam video tersebut. NEGATIF,NEGATIF
Opini saya tentang video ini lumayan positif karena isinya menginspirasi. POSITIF,POSITIF
Sangat mengecewakan ketika video tiba-tiba berhenti di tengah-tengah tanpa penjelasan. NEGATIF,NEGATIF
"Tidak terlalu terkesan dengan video ini, biasa saja. NETRAL",NETRAL
Saya merasa terhibur dan senang setelah menonton video tersebut. POSITIF,POSITIF
Saya merasa tidak nyaman dengan komentar-komentar negatif di video tersebut. NEGATIF,NEGATIF
"Video YouTube ini sangat menginspirasi, saya jadi semangat untuk mengejar impian!",POSITIF
"Saya merasa kecewa dengan konten video ini, tidak sesuai ekspektasi saya",NEGATIF
Reaksi positif dari penonton terhadap video ini membuat saya senang,POSITIF
Banyak yang tidak setuju dengan pendapat yang disampaikan di video ini,NEGATIF
Video YouTube ini berhasil membuat saya tertawa sepanjang durasi,POSITIF
"Saya merasa video ini terlalu membosankan, tidak ada hal menarik di dalamnya",NEGATIF
"Opini netral saya terhadap video ini adalah cukup standar, tidak terlalu istimewa",NETRAL
"Setelah menonton video ini, saya jadi ingin mencoba hal-hal baru yang ditampilkan di dalamnya",POSITIF
"Video ini seharusnya lebih informatif, kurangnya penjelasan membuat saya bingung",NEGATIF
"Pendapat saya tentang video ini cukup netral, tidak terlalu menarik tapi juga tidak buruk",NETRAL
"Konten video kurang menarik, membuat saya cepat bosan saat menontonnya.",NEGATIF
"Banyak dislike pada video ini, sepertinya tidak disukai banyak orang.",NEGATIF
"Saya jadi ingin mencoba hal baru setelah melihat video ini, sangat menginspirasi!",POSITIF
Komentar positif yang membanjiri video ini membuat saya lebih percaya diri.,POSITIF
"Tema video yang dipilih kurang sesuai minat saya, sehingga saya tidak begitu suka.",NEGATIF
"Saya merasa video ini kurang menghibur, tidak seperti yang saya harapkan.",NEGATIF
"Penjelasan dalam video ini sangat jelas dan mudah dipahami, saya suka sekali.",POSITIF
"Video ini sangat menginspirasi saya, terima kasih uploader!",POSITIF
"Saya merasa kecewa dengan konten video ini, kurang informatif.",NEGATIF
"Reaksi saya saat menonton video ini adalah terharu, sangat menyentuh hati.",POSITIF
"Kualitas video buruk, susah untuk dinikmati.",NEGATIF
Saya suka banget dengan editing video yang kreatif!,POSITIF
"Saya merasa bosan saat menonton video ini, tidak menarik.",NEGATIF
"Tanggapan positif dari saya, video ini mengedukasi dengan baik.",POSITIF
Saya tidak suka gaya penyampaian konten dalam video ini.,NEGATIF
"Video YouTube ini sangat menginspirasi, saya merasa terhibur saat menontonnya",POSITIF
"Wow, video ini sangat lucu dan menghibur, saya suka sekali",POSITIF
"Kualitas video buruk, terlalu banyak iklan yang mengganggu",NEGATIF
"Menarik juga konten video ini, saya jadi tertarik untuk subscribe channel-nya",POSITIF
"Isi video kurang informatif, terlalu banyak omong kosong",NEGATIF
"Saya merasa netral terhadap video ini, tidak terlalu menarik tapi juga tidak buruk",NETRAL
"Video ini menggugah emosi saya, sangat menyentuh hati",POSITIF
"Terlalu banyak clickbait dalam judul video, kecewa dengan kontennya",NEGATIF
"Sangat kreatif dan unik, video ini berbeda dari yang lain",POSITIF
"Video YouTube ini sangat menginspirasi saya, saya suka sekali!",POSITIF
"Konten di video ini kurang menarik, saya bosan menontonnya.",NEGATIF
"Apa yang dibagikan dalam video ini sangat informatif, terima kasih!",POSITIF
"Menarik juga video ini, saya jadi ingin tahu lebih banyak.",POSITIF
"Video ini berhasil membuat saya tertawa, sangat menghibur!",POSITIF
Pembawaan materi dalam video terlalu datar dan membosankan.,NEGATIF
"Saya merasa netral terhadap video ini, tidak terlalu menarik namun juga tidak buruk.",NETRAL
"Video YouTube ini membuat saya terinspirasi untuk mencoba hal baru, keren!",POSITIF
Video YouTube ini sangat menginspirasi! Saya jadi semangat setelah menontonnya.,POSITIF
"Aduh, video ini bikin saya baper terus. Sedih banget ceritanya.",NEGATIF
Saya rasa konten di video ini kurang menarik. Kurang asik untuk ditonton.,NEGATIF
"Wow, video ini keren banget! Saya suka banget dengan editingnya.",POSITIF
Saya setuju dengan pendapat yang disampaikan di video ini. Sangat informatif.,POSITIF
Gagal paham dengan isi video ini. Belum bisa menangkap maksud sebenarnya.,NEGATIF
Video ini lucu banget! Saya ketawa ngakak dari awal sampai akhir.,POSITIF
Membosankan! Itu pendapat saya setelah menonton video ini.,NEGATIF
Saya terharu melihat video ini. Isinya sangat menyentuh hati.,POSITIF
"Video ini keren banget, saya suka dengan kontennya!",POSITIF
Saya merasa terhibur setelah menonton video tersebut.,POSITIF
"Kualitas video kurang bagus, terlalu buram.",NEGATIF
"Saya kecewa dengan isi video, tidak sesuai ekspektasi.",NEGATIF
"Video ini biasa saja, tidak ada yang istimewa.",NETRAL
Saya terharu dengan pesan yang disampaikan melalui video tersebut.,POSITIF
"Pembuat video sangat kreatif, saya terkesan!",POSITIF
"Ulasan video ini tidak akurat, banyak informasi yang salah.",NEGATIF
"Video ini lumayan bagus, tapi terlalu panjang.",NETRAL
"Aku benci video ini, isinya tidak berguna sama sekali.",NEGATIF
"Wow, video ini keren banget! Saya suka dengan kontennya.",POSITIF
"Tidak suka dengan gaya editing video yang dipakai, terlalu banyak efek yang mengganggu.",NEGATIF
"Menarik juga video ini, isinya informatif dan seru untuk ditonton.",POSITIF
Apa sih yang bagus dari video ini? Saya kecewa setelah menontonnya.,NEGATIF
"Maaf, tapi video ini terlalu membosankan untuk ditonton sampai habis.",NEGATIF
"Saya merasa video ini kurang memberikan informasi yang jelas, cenderung membingungkan.",NEGATIF
"Saya merasa kecewa dengan kualitas konten video YouTube tersebut, kurang menarik.",NEGATIF
"Saya tidak begitu tertarik dengan video tersebut, terasa biasa saja.",NETRAL
"Video YouTube ini kontroversial, ada yang suka dan ada yang benci.",NETRAL
"Saya sangat terinspirasi setelah menonton video tersebut, isi kontennya sangat mendalam.",POSITIF
"Opini pengguna terhadap video ini bervariasi, ada yang senang dan ada yang kecewa.",NETRAL
"Saya merasa terhibur dengan video tersebut, sangat menghibur!",POSITIF
"Reaksi negatif terhadap video ini cukup banyak, kontroversi muncul di berbagai komentar.",NEGATIF
"Saya merasa bosan setelah menonton video tersebut, tidak ada yang istimewa.",NEGATIF
"Saya merasa kecewa dengan konten video ini, terlalu banyak clickbait. NEGATIF",NEGATIF
"Reaksi saya terhadap video ini campur aduk, ada bagian yang menarik tapi ada yang kurang menarik. NETRAL",NETRAL
"Wow, video ini benar-benar menghibur dan membuat saya tertawa sepanjang hari! POSITIF",POSITIF
"Saya tidak suka gaya editing yang digunakan dalam video ini, terlalu berlebihan. NEGATIF",NEGATIF
"Opini saya tentang video ini positif, karena pembahasannya sangat informatif. POSITIF",POSITIF
"Saya merasa bosan menonton video ini, isinya klise dan tidak menarik. NEGATIF",NEGATIF
"Reaksi saya terhadap video ini sangat positif, saya suka cara penyampaian kontennya. POSITIF",POSITIF
"Video ini terlalu panjang dan membosankan, saya tidak suka. NEGATIF",NEGATIF
"Saya netral terhadap video ini, tidak terlalu suka tapi juga tidak benci. NETRAL",NETRAL
"Suka banget sama konten-konten di channel ini, selalu menghibur!",POSITIF
"Kualitas video jelek banget, kayaknya dibuat asal-asalan deh.",NEGATIF
"Isi videonya biasa aja sih, nggak terlalu menarik.",NETRAL
"Lagu yang dipakai di video ini enak banget, suka!",POSITIF
Komentar-komentar negatif yang masuk di video ini bikin kesal.,NEGATIF
Saya jadi tertawa terpingkal-pingkal karena video ini lucu banget!,POSITIF
"Presenter di video ini terlalu berlebihan, jadi ga suka.",NEGATIF
"Sering nonton video ini tiap hari, bikin mood jadi bagus.",POSITIF
"Ternyata video ini viral di luar negeri, keren!",POSITIF
"Saya merasa bosan dengan konten seperti ini, tidak menarik.",NEGATIF
"Wah, video ini membuat saya tertawa terbahak-bahak!",POSITIF
"Sudah banyak yang menonton video ini, tapi saya tidak terlalu suka.",NETRAL
"Kualitas video kurang bagus, terlalu gelap.",NEGATIF
"Saya jadi lebih semangat setelah menonton video ini, positif banget!",POSITIF
"Tidak terlalu menghibur, saya harap ada konten yang lebih menarik.",NEGATIF
"Video ini memberikan pandangan baru bagi saya, sangat bagus!",POSITIF
"Video ini sangat menginspirasi, saya jadi lebih semangat!",POSITIF
Menarik sekali! Saya suka banget dengan ide video ini,POSITIF
Komentar-komentar negatif di bawah video membuat saya sedih,NEGATIF
"Video ini biasa saja, tidak terlalu menarik",NETRAL
Apa yang terjadi di menit ke-10 video ini membuat saya senang!,POSITIF
"Kualitas video bagus, tetapi isinya kurang bermanfaat",NETRAL
Saya merasa terharu setelah menonton video ini,POSITIF
Saya tidak setuju dengan pendapat yang diungkapkan dalam video,NEGATIF
Video ini menghibur saya di saat yang tepat,POSITIF
"Isi video YouTube ini tidak sesuai dengan judulnya, mengecewakan.",NEGATIF
"Wow, video YouTube ini benar-benar menginspirasi saya. Terima kasih!",POSITIF
"Pengguna lain mungkin menyukai video ini, tapi saya tidak terlalu tertarik.",NETRAL
"Saya merasa terharu melihat video YouTube ini, membuat saya ingin berbuat lebih banyak kebaikan.",POSITIF
"Adegan kontroversial dalam video YouTube ini sangat tidak pantas, saya kecewa.",NEGATIF
"Pembuat video YouTube ini sangat kreatif dalam menyampaikan ide-idenya, saya kagum.",POSITIF
Saya merasa terhibur namun sedikit kecewa dengan ending video YouTube ini.,NETRAL
"Video YouTube ini memberikan informasi yang menarik, tapi pengemasannya kurang menarik perhatian.",NETRAL
"Saya kecewa dengan konten video YouTube ini, kurang menarik.",NEGATIF
"Wow, video YouTube ini keren banget! Saya suka sekali!",POSITIF
"Saya merasa bosan saat menonton video YouTube ini, tidak ada yang menarik.",NEGATIF
"Video YouTube ini memberikan informasi yang sangat berguna, saya senang menontonnya.",POSITIF
Saya merasa terhibur dan tertawa terus saat menonton video YouTube ini.,POSITIF
"Video YouTube ini terlalu panjang dan membosankan, saya tidak suka.",NEGATIF
"Tidak ada yang istimewa dari video YouTube ini, biasa saja.",NETRAL
"Saya merasa terinspirasi setelah menonton video YouTube ini, sangat bagus!",POSITIF
"Saya kecewa dengan kualitas konten video YouTube ini, kurang informatif.",NEGATIF
"Konten video terlalu membosankan, tidak menarik",NEGATIF
Saya merasa terinspirasi setelah menonton video ini,POSITIF
Banyak iklan mengganggu dalam video tersebut,NEGATIF
"Video ini sangat informatif, saya jadi tahu banyak hal baru",POSITIF
"Kualitas video buruk, sulit untuk dipahami",NEGATIF
Saya merasa bosan setelah menonton video tersebut,NEGATIF
Menarik! Saya ingin melihat lebih banyak konten serupa,POSITIF
Saya tidak setuju dengan pendapat yang diungkapkan dalam video itu,NEGATIF
"Video ini biasa saja, tidak terlalu spesial",NETRAL
"Video YouTube ini sangat menginspirasi, saya jadi lebih semangat untuk mengejar mimpi saya.",POSITIF
"Aku gak suka sama konten di video ini, terlalu membosankan dan tidak informatif.",NEGATIF
"Suka banget sama editing video-nya, keren banget!",POSITIF
"Komentar-komentar negatif di bawah video ini bikin sedih, kenapa ya orang jadi begitu kejam?",NEGATIF
"Video ini berhasil membuat saya tertawa sepanjang hari, terima kasih!",POSITIF
"Isi video kurang bermanfaat menurutku, seharusnya ada yang lebih informatif.",NEGATIF
"Cara penyampaian konten di video ini sangat jelas dan mudah dimengerti, suka!",POSITIF
"Saya merasa kecewa setelah menonton video ini, ekspektasi saya tidak terpenuhi.",NEGATIF
"Video ini biasa saja, tidak terlalu menarik perhatian saya.",NETRAL
"Suka dengan interaksi host dengan penonton di video ini, seru banget!",POSITIF
"Video YouTube ini sangat menginspirasi, saya jadi termotivasi untuk mengejar mimpi saya.",POSITIF
"Menurut saya, video ini cukup informatif dan memberikan sudut pandang yang menarik.",POSITIF
Adegan-adegan lucu di video ini membuat saya tertawa terbahak-bahak.,POSITIF
Tidak suka dengan gaya editing yang terlalu berlebihan dalam video ini.,NEGATIF
"Saya merasa bosan menonton video ini, kurang variasi kontennya.",NEGATIF
"Video ini tidak terlalu menarik bagi saya, tapi mungkin bisa bermanfaat bagi yang lain.",NETRAL
"Saya terkesan dengan kualitas produksi video ini, sangat profesional.",POSITIF
Komunitas di balik video ini sangat ramah dan membuat saya betah berinteraksi.,POSITIF
Komentar-komentar negatif di video ini sebaiknya dihindari untuk menjaga suasana positif.,NEGATIF
Saya kecewa dengan kualitas video yang buram dan suaranya tidak jelas.,NEGATIF
"Komentar pengguna di video ini sangat lucu, membuat saya senyum-senyum sendiri.",POSITIF
"Isi video terlalu bias dan tidak akurat, saya kecewa dengan kontennya.",NEGATIF
"Thumbnail video menipu, isinya tidak sebagus yang dijanjikan.",NEGATIF
"Video ini membosankan, saya hampir tertidur saat menontonnya.",NEGATIF
Komentar negatif di video ini membuat suasana jadi tidak enak.,NEGATIF
"Saya merasa netral tentang video ini, tidak terlalu terkesan.",NETRAL
"Adegan terakhir video ini sangat menyentuh hati, membuat saya menangis.",POSITIF
"Video YouTube ini sangat menginspirasi saya, terima kasih atas kontennya!",POSITIF
"Saya merasa kecewa dengan kualitas video ini, kurang jelas dan berkualitas rendah.",NEGATIF
"Menurut saya, video ini memberikan informasi yang sangat bermanfaat, saya suka sekali!",POSITIF
"Aku tidak suka gaya editing yang digunakan dalam video ini, terlalu berlebihan dan mengganggu.",NEGATIF
"Video YouTube ini cukup menarik untuk ditonton, namun ada beberapa hal yang bisa diperbaiki lagi.",NETRAL
"Wow, video ini sungguh menghibur dan membuat saya tertawa sepanjang hari! Terima kasih!",POSITIF
"Saya merasa kecewa karena video ini terlalu panjang dan membosankan, tidak sesuai ekspektasi.",NEGATIF
"Saya tidak begitu tertarik dengan konten video ini, kurang menghibur menurut saya.",NETRAL
"Video ini sangat menggugah emosi saya, sangat bagus dan memikat perhatian saya sejak awal.",POSITIF
"Komentar dan interaksi dari pembuat video sangat merespon dengan baik, sangat menyenangkan!",POSITIF
"Reaksi pengguna di video ini lucu banget, bikin senyum sepanjang video!",POSITIF
Saya kecewa dengan kualitas video yang buram dan tidak jelas.,NEGATIF
"Banyak komentar negatif di video ini, membuat suasana jadi kurang menyenangkan.",NEGATIF
"Pengguna lainnya bersemangat dalam memberikan like dan komentar positif, suasananya seru!",POSITIF
"Isi video membosankan, tidak memberikan informasi yang berguna.",NEGATIF
"Saya merasa biasa-biasa saja dengan video tersebut, tidak terlalu menarik.",NETRAL
"Bagian komentar penuh dengan dukungan dan apresiasi, seru banget melihatnya!",POSITIF
Saya merasa kecewa karena video terlalu panjang dan membosankan.,NEGATIF
"Video YouTube ini sangat informatif dan mudah dipahami, sangat membantu saya!",POSITIF
"Saya merasa terhibur dan senang menonton video ini, terima kasih atas kontennya!",POSITIF
"Video YouTube ini terlalu panjang dan membosankan, saya tidak suka sama sekali.",NEGATIF
"Isi video kurang jelas dan tidak terstruktur dengan baik, saya merasa bingung.",NEGATIF
"Saya tidak begitu tertarik dengan konten video ini, terasa biasa saja.",NETRAL
"Setelah menonton video ini, saya jadi semakin antusias untuk belajar lebih banyak!",POSITIF
"Kualitas video buruk, suaranya pecah dan gambarnya tidak jelas.",NEGATIF
Saya merasa terinspirasi dan termotivasi setelah menyaksikan video ini.,POSITIF
"Ada banyak iklan yang mengganggu dalam video ini, membuat saya tidak nyaman.",NEGATIF
"Video ini memberikan sudut pandang baru yang menarik, saya suka dengan cara penyampaiannya.",POSITIF
"Aku kecewa dengan isi video ini, tidak sesuai dengan ekspektasi saya",NEGATIF
"Wow, video ini menginspirasi banget! Terima kasih sudah membagikannya.",POSITIF
"Cara penyampaian konten di video ini terlalu membingungkan, saya jadi tidak paham",NEGATIF
"Video ini biasa saja, tidak terlalu menarik perhatian saya",NETRAL
"Saya merasa terhibur dan senang setelah menonton video ini, recomended!",POSITIF
"Kualitas video sangat buruk, jadi sulit untuk menikmatinya",NEGATIF
"Video ini mengajarkan hal-hal baru, sangat bermanfaat bagi penonton",POSITIF
"Sebagai seorang penggemar, saya merasa kecewa dengan isi konten video terbaru ini",NEGATIF
"Saya merasa bosan dengan konten di video ini, tidak ada yang menarik",NEGATIF
"Aku suka cara penyampaiannya, jelas dan mudah dimengerti",POSITIF
"Banyak iklan yang mengganggu dalam video ini, membuat saya tidak betah",NEGATIF
"Saya setuju dengan pendapat yang disampaikan dalam video, sangat informatif",POSITIF
Adegan kontroversial dalam video ini seharusnya dihindari,NEGATIF
"Kualitas video sangat bagus, saya suka warna dan editingnya",POSITIF
"Saya merasa terhibur dan tertawa melihat video ini, lucu banget!",POSITIF
Saya merasa kecewa dengan durasi video yang terlalu pendek,NEGATIF
"Saya merasa kecewa dengan konten video ini, kurang informatif dan membosankan.",NEGATIF
"Reaksi pengguna terhadap video ini sangat positif, banyak yang memberikan pujian dan dukungan.",POSITIF
"Saya merasa video ini kontroversial, banyak pendapat yang bertentangan di kolom komentar.",NEGATIF
Sebagian besar orang sepakat bahwa video ini sangat lucu dan menghibur.,POSITIF
"Opini saya tentang video ini netral, tidak terlalu menarik tapi juga tidak buruk.",NETRAL
"Video ini sangat mengganggu, terlalu banyak iklan yang mengganggu alur cerita.",NEGATIF
"Saya suka bagaimana pembuat video ini berinteraksi dengan penonton, sangat ramah dan responsif.",POSITIF
"Opini mayoritas penonton video ini negatif, mereka kecewa dengan isi dan kualitasnya.",NEGATIF
"Reaksi saya terhadap video ini positif, saya belajar banyak hal baru dari kontennya.",POSITIF
Apa sih yang menarik dari video ini? Saya merasa bosan dan tidak mendapatkan informasi yang berarti.,NEGATIF
Saya suka bagaimana pembuat video ini menggali topik yang menarik dan menyajikannya dengan apik.,POSITIF
"Komentar-komentar negatif di bawah video ini sangat menjengkelkan, seharusnya orang lebih menghargai usaha pembuat konten.",NEGATIF
"Video ini biasa saja, tidak begitu spesial tapi juga tidak buruk.",NETRAL
"Sangat menyenangkan melihat reaksi positif dari banyak orang terhadap video ini, membuat saya senang.",POSITIF
"Saya merasa kecewa karena banyak clickbait dalam video ini, tidak sesuai dengan judul sebenarnya.",NEGATIF
"Saya tidak terlalu tertarik dengan konten video ini, mungkin bukan sesuai dengan preferensi saya.",NETRAL
"Menarik melihat beragam pendapat dari pengguna lain tentang video ini, membuat diskusi semakin seru.",POSITIF
"Video ini tidak informatif sama sekali, hanya membuang-buang waktu.",NEGATIF
"Kualitas video terlalu rendah, sulit untuk menikmatinya.",NEGATIF
"Pembuat video benar-benar berbakat, saya terinspirasi untuk membuat konten sendiri.",POSITIF
"Isi video kurang relevan dengan judulnya, mengecewakan.",NEGATIF
"Komentar negatif dalam video ini terlalu banyak, membuat saya tidak nyaman.",NEGATIF
"Saya sangat terharu dengan keseruan video ini, terima kasih kepada pembuatnya.",POSITIF
"Terlalu banyak iklan dalam video, mengganggu pengalaman menonton.",NEGATIF
"Saya merasa video ini memberikan pandangan baru yang menarik, sangat bagus!",POSITIF
Video YouTube ini sangat menghibur dan membuat saya senang.,POSITIF
Saya merasa kecewa dengan konten video YouTube yang kurang bermutu.,NEGATIF
Suka sekali dengan ide kreatif di balik video YouTube ini.,POSITIF
Tidak terlalu tertarik dengan video YouTube yang sedang viral saat ini.,NETRAL
Saya terharu melihat komentar positif dari pengguna lain tentang video ini.,POSITIF
"Video ini tidak sesuai dengan ekspektasi saya, membuat saya kecewa.",NEGATIF
Saya merasa bosan dengan konten YouTube yang sering muncul di rekomendasi.,NEGATIF
"Opini saya tentang video ini netral, tidak terlalu menyukai atau tidak suka.",NETRAL
"Wow, video ini sangat lucu dan menghibur, saya jadi senang",POSITIF
"Saya merasa bosan dengan video ini, tidak ada yang menarik",NEGATIF
"Isi video ini informatif, saya belajar banyak hal baru dari sini",POSITIF
Saya merasa video ini terlalu panjang dan membosankan,NEGATIF
Saya tidak setuju dengan pendapat yang disampaikan dalam video ini,NEGATIF
"Saya suka cara penyampaian konten dalam video ini, sangat jelas dan mudah dimengerti",POSITIF
Video tersebut sangat menginspirasi! Saya jadi semangat untuk mengejar impian saya.,POSITIF
"Saya merasa kecewa dengan konten video ini, terlalu banyak clickbait.",NEGATIF
"Wow, video ini sangat lucu! Saya tertawa terbahak-bahak saat menontonnya.",POSITIF
"Isi video kurang relevan dengan judulnya, jadi agak mengecewakan.",NEGATIF
"Setiap video dari akun ini selalu luar biasa, tidak sabar untuk menonton yang berikutnya!",POSITIF
"Aksi dalam video terlalu berlebihan dan tidak realistis, membuat saya kecewa.",NEGATIF
Saya sangat terinspirasi dengan pesan yang disampaikan dalam video tersebut.,POSITIF
"Video ini sangat membosankan, saya malah tertidur saat menontonnya.",NEGATIF
"Saya merasa agak bingung dengan alur cerita video tersebut, agak membingungkan.",NETRAL
"Video YouTube tersebut sangat menginspirasi, saya jadi semangat untuk mengejar mimpi saya!",POSITIF
Saya kecewa dengan konten video yang kurang berkualitas dan tidak sesuai ekspektasi saya.,NEGATIF
"Menarik juga konten di video ini, saya jadi lebih paham tentang topik yang dibahas.",POSITIF
"Saya merasa video tersebut terlalu panjang dan membosankan, sulit untuk ditonton sampai selesai.",NEGATIF
"Isi video cukup informatif, saya suka cara penyampaiannya yang jelas dan mudah dipahami.",POSITIF
Komentar negatif yang tidak sopan di video ini membuat saya tidak betah untuk melihatnya.,NEGATIF
"Saya tidak terlalu tertarik dengan video ini, rasanya kurang bermakna bagi saya pribadi.",NETRAL
"Apa yang dibagikan di video ini sangat lucu, saya tertawa terbahak-bahak selama menonton!",POSITIF
"Video ini terlalu provokatif dan membuat kontroversi, sebaiknya dihindari.",NEGATIF
"Saya setuju dengan pandangan dalam video tersebut, sangat relevan dengan situasi saat ini.",POSITIF
Video YouTube ini sangat menghibur dan informatif. Saya suka sekali!,POSITIF
"Aku merasa kecewa dengan konten video ini, menurutku kurang bermutu.",NEGATIF
Video YouTube ini berhasil membuat saya tertawa sepanjang durasi tayangannya.,POSITIF
Komentar yang tidak sopan di kolom video membuat pengalaman menonton jadi tidak nyaman.,NEGATIF
Penggunaan musik latar yang tepat benar-benar meningkatkan kualitas video ini.,POSITIF
"Saya merasa bosan dengan isi video ini, tidak ada hal menarik.",NEGATIF
Kolom komentar di video ini penuh dengan dukungan positif dari penggemar.,POSITIF
Saya tidak setuju dengan opini yang disampaikan dalam video tersebut.,NEGATIF
"Aku merasa biasa-biasa saja dengan konten video ini, tidak terlalu istimewa.",NETRAL
Video ini berhasil memberikan inspirasi bagi banyak orang yang menontonnya.,POSITIF
"Wow, video YouTube ini sangat menginspirasi! Saya terharu melihatnya.",POSITIF
"Saya suka bagaimana kreator mengedit video ini, sangat kreatif!",POSITIF
"Komentar negatif hanya mencari sensasi, video ini bagus kok!",POSITIF
"Video ini terlalu biasa, saya tidak tertarik untuk menontonnya lagi.",NEGATIF
Saya senang melihat konten yang menghibur seperti ini di YouTube.,POSITIF
"Kualitas video buruk, susah banget melihat detailnya.",NEGATIF
"Saya merasa video ini biasa saja, tidak ada yang istimewa.",NETRAL
Komentar positif yang diberikan penonton membuat saya ingin menontonnya.,POSITIF
Saya merasa kecewa karena thumbnail video tidak sesuai dengan isi konten.,NEGATIF
"Konten video ini kurang menarik, tidak sesuai dengan ekspektasi saya",NEGATIF
"Wow! Reaksi penonton dalam video ini lucu banget, bikin saya senyum-senyum sendiri",POSITIF
"Adegan kontroversial dalam video ini sebaiknya dihindari, bisa menimbulkan polemik",NEGATIF
Ternyata video ini viral karena reaksi spontan penonton yang menggemaskan,POSITIF
Saya merasa kecewa dengan komentar negatif yang menghujat dalam video ini,NEGATIF
Video ini berhasil membuat saya terhibur dan memperbaiki mood saya,POSITIF
"Reaksi netizen terhadap video ini sangat beragam, menarik untuk diamati",NETRAL
Para penonton terlihat antusias dan memberikan respon positif terhadap video ini,POSITIF
Saya merasa kecewa dengan isi video yang tidak sesuai dengan judulnya,NEGATIF
Video YouTube ini sangat menginspirasi! Saya tergerak untuk membuat konten yang lebih bermakna.,POSITIF
"Aku benci video ini, isinya cuma omong kosong dan nggak jelas. Buang-buang waktu.",NEGATIF
"Wow, video ini benar-benar menghibur! Saya ketawa terus sampai habis.",POSITIF
Saya merasa kecewa dengan konten video ini. Harapannya lebih besar daripada yang ditawarkan.,NEGATIF
"Video ini cukup informatif, saya jadi tahu banyak hal baru setelah menontonnya.",POSITIF
"Saya merasa malu karena video ini viral, isinya sangat memalukan bagi penggiat YouTube.",NEGATIF
"Netizen pada heboh dengan video ini! Banyak yang mendukung, tapi ada juga yang menentang keras.",NETRAL
Saya merasa terharu melihat respons positif dari penonton terhadap video ini. Kebersamaan terasa kuat.,POSITIF
"Video ini menuai kontroversi, banyak yang sensitif dengan isinya. Perdebatan tak kunjung usai.",NETRAL
"Saya sangat menikmati video ini, soundtracknya pun sangat bagus. 5/5!",POSITIF
"Jelek banget video ini, nggak jelas sama sekali kontennya",NEGATIF
"Saya suka gaya editing yang digunakan dalam video ini, sangat kreatif",POSITIF
Komentar-komentar negatif di video ini membuat suasana jadi kurang menyenangkan,NEGATIF
"Isi video ini biasa saja, tidak terlalu mengundang perhatian",NETRAL
"Saya senang melihat video ini, sangat menghibur",POSITIF
"Adegan di video ini terlalu provokatif, sebaiknya dihindari",NEGATIF
Saya tidak begitu suka dengan gaya pembawaan pembicara dalam video ini,NEGATIF
"Video ini sangat informatif, saya jadi belajar banyak hal baru",POSITIF
"Saya merasa video ini kurang orisinil, terlalu banyak klise",NEGATIF
"Aduh, video ini terlalu membosankan. Saya tidak tahan menontonnya sampai habis.",NEGATIF
"Wow, video ini sangat menginspirasi. Saya jadi termotivasi untuk melakukan hal serupa!",POSITIF
Saya kecewa dengan konten video ini. Sangat mengecewakan.,NEGATIF
Video ini cukup bagus. Isinya bermanfaat untuk penonton.,POSITIF
Saya merasa video ini terlalu provokatif. Seharusnya tidak boleh dipublikasikan.,NEGATIF
Suka dengan gaya editing video ini. Sangat kreatif!,POSITIF
Tidak begitu suka dengan narasi dalam video ini. Kurang menarik.,NEGATIF
Saya tidak terlalu peduli dengan video ini. Biasa saja.,NETRAL
"Video YouTube ini sangat menginspirasi, aku suka banget!",POSITIF
"Konten video kurang menarik, terlalu membosankan",NEGATIF
Aku setuju dengan pendapat yang disampaikan dalam video ini,POSITIF
"Pembicaraan di video terlalu bertele-tele, tidak langsung ke point",NEGATIF
"Video ini membuatku tertawa sepanjang durasinya, keren!",POSITIF
"Isi video tidak sesuai dengan judulnya, mengecewakan",NEGATIF
Aku merasa terhibur setelah menonton video ini,POSITIF
"Kualitas produksi video sangat buruk, sulit ditonton",NEGATIF
Sebaiknya penjelasan dalam video lebih detail lagi agar mudah dipahami,NETRAL
"Tema video sangat menarik, membuatku penasaran untuk menonton lebih banyak",POSITIF
Saya merasa kecewa dengan kualitas video yang buruk dan isinya tidak jelas.,NEGATIF
"Para pengguna video ini terlalu banyak komentar negatif, seharusnya lebih menghargai karya orang lain.",NEGATIF
Reaksi positif dari pengguna terhadap video ini membuat saya semakin tertarik untuk menontonnya.,POSITIF
Isi video terlalu bias dan tidak menggali informasi yang mendalam.,NEGATIF
Banyak pengguna yang memberikan pujian atas kualitas editing dalam video tersebut.,POSITIF
Saya tidak habis pikir dengan tingkah laku beberapa pengguna yang hanya bisa menyebarkan kebencian di kolom komentar.,NEGATIF
Opini dari pengguna lain membuat saya tertarik untuk berdiskusi lebih lanjut tentang topik yang diangkat dalam video.,POSITIF
"Video ini memicu perdebatan sengit di antara pengguna, terlihat polarisasi pendapat yang kuat.",NETRAL
"Video YouTube ini sangat menghibur dan kreatif, saya suka sekali!",POSITIF
"Konten di video YouTube ini tidak sesuai ekspektasi saya, kurang menarik.",NEGATIF
Sangat senang melihat reaksi positif dari para pengguna terhadap video ini.,POSITIF
"Video YouTube ini menuai kontroversi di kalangan penggemar, banyak yang kecewa.",NEGATIF
"Setelah menonton video ini, saya merasa terinspirasi dan bersemangat!",POSITIF
Reaksi netizen terhadap video YouTube ini terbagi antara suka dan benci.,NETRAL
"Saya tidak habis pikir dengan keberanian pembuat video ini, sangat menginspirasi!",POSITIF
Video YouTube ini memancing perdebatan sengit di kolom komentar.,NETRAL
"Saya merasa kecewa dengan isi video ini, tidak sesuai dengan harapan saya.",NEGATIF
Reaksi masyarakat terhadap video ini sangat positif dan mendukung.,POSITIF
"Aduh, video ini bikin baper terus. Jadi sedih deh.",NEGATIF
"Setelah nonton video ini, saya jadi tambah semangat untuk mengejar impian!",POSITIF
"Kok video ini isinya receh banget ya, nggak lucu sama sekali.",NEGATIF
"Saya merasa tertipu setelah menonton video ini, judulnya menarik tapi isinya kurang berkualitas.",NEGATIF
"Video ini membantu saya memahami konsep yang sebelumnya sulit dipahami, terima kasih!",POSITIF
"Menurut saya, video ini biasa saja, nggak terlalu istimewa.",NETRAL
"Wow, video ini keren banget! Saya jadi ingin mencoba hal-hal baru setelah menontonnya.",POSITIF
Saya merasa terhibur dan tidak rugi waktu menonton video ini.,POSITIF
Komentar-komentar negatif di video ini membuat suasana jadi kurang enak.,NEGATIF
"Aduh, video ini bikin gemes banget, jadi pengen nonton terus!",POSITIF
"Saya kecewa dengan konten video ini, kurang informatif dan mengecewakan",NEGATIF
"Video ini terlalu berlebihan, tidak natural sama sekali",NEGATIF
"Wow, video ini keren banget, saya suka dengan efek-efeknya!",POSITIF
"Video ini seharusnya bisa lebih baik lagi, kurang terstruktur",NEGATIF
"Saya ragu dengan keaslian video ini, mungkin terlalu direkayasa",NEGATIF
"Saya netral mengenai video ini, tidak terlalu terkesan",NETRAL
"Konten video kurang berkualitas, terlalu banyak iklan",NEGATIF
Saya suka dengan gaya editing yang digunakan dalam video ini,POSITIF
Komentar pengguna di video ini sangat meresahkan,NEGATIF
"Sangat kreatif cara penyampaian informasinya, thumbs up!",POSITIF
"Video ini terlalu panjang, saya jadi bosan menontonnya",NEGATIF
"Isi kontennya menarik, tapi sayang kualitas videonya buram",NETRAL
Saya setuju dengan pendapat pembuat video mengenai topik ini,POSITIF
"Terlalu banyak clickbait dalam judul video, mengecewakan",NEGATIF
Suasana yang diciptakan dalam video ini sangat menyenangkan,POSITIF
"Kualitas video-nya jelek banget, susah banget untuk melihat dengan jelas.",NEGATIF
"Bagus banget deh editing video-nya, keren!",POSITIF
Isi konten video kurang menarik dan membosankan.,NEGATIF
Penasaran dengan reaksi orang-orang terhadap video ini.,NETRAL
"Wow, subscriber channel ini semakin bertambah setelah video ini diunggah.",POSITIF
Komentar yang kasar di kolom video sungguh menjengkelkan.,NEGATIF
Tidak suka dengan gaya penyampaian host dalam video ini.,NEGATIF
"Sangat informatif, saya jadi belajar banyak dari video ini.",POSITIF
Saya merasa kecewa karena judul video tidak sesuai dengan isi sebenarnya.,NEGATIF
"Video YouTube ini sangat menginspirasi, terima kasih telah membagikannya!",POSITIF
"Saya merasa kecewa dengan konten video ini, terlalu membosankan.",NEGATIF
"Menurut saya, video ini kurang informatif dan tidak begitu menarik.",NEGATIF
"Saya terharu melihat video ini, ceritanya begitu menyentuh hati.",POSITIF
"Reaksi saya terhadap video ini netral, tidak terlalu suka atau benci.",NETRAL
"Video YouTube ini menghibur saya di tengah hari yang melelahkan, terima kasih!",POSITIF
"Saya sangat senang menemukan video ini, isinya informatif dan menghibur.",POSITIF
"Saya tidak setuju dengan pandangan yang disampaikan dalam video ini, kontroversial.",NEGATIF
"Saya merasa terhibur dan tersenyum sepanjang menonton video ini, keren!",POSITIF
"Video YouTube ini tidak sesuai dengan preferensi saya, kurang menarik.",NEGATIF
"Wow, videonya keren banget! Saya terinspirasi untuk membuat konten serupa.",POSITIF
"Tidak suka deh sama video ini, terlalu membosankan.",NEGATIF
"Video yang bagus, tapi sayangnya terlalu pendek.",NETRAL
"Saya merasa kecewa karena judulnya menipu, isinya tidak sesuai dengan ekspektasi.",NEGATIF
"Menurut saya, video ini memberikan pandangan yang menarik tentang topik tersebut.",POSITIF
Suka dengan editing video yang apik tapi kurang suka dengan narasinya.,NETRAL
Komentar-komentar negatif di kolom video membuat saya jadi ragu untuk menontonnya.,NEGATIF
"Kualitas video-nya jelek banget, ga jelas apa yang ditampilkan",NEGATIF
"Pengaturan lighting di video ini kurang bagus, jadi terlalu gelap",NEGATIF
"Saya terinspirasi dengan konten video ini, sangat positif dan informatif",POSITIF
"Saya merasa bosan dengan video ini, kurang menarik",NEGATIF
"Wow, video ini benar-benar menggugah emosi saya, luar biasa!",POSITIF
"Komentar pengguna di video ini sungguh tidak sopan, saya kecewa",NEGATIF
"Video YouTube favorit saya, selalu menghibur dan memberikan inspirasi",POSITIF
Saya merasa tidak puas dengan durasi video yang terlalu pendek,NEGATIF
"Video ini cukup informatif, tapi kurang menarik bagi saya",NETRAL
Video YouTube ini sangat menginspirasi! Saya jadi termotivasi untuk mencoba hal-hal baru.,POSITIF
"Konten video ini sangat membosankan, saya tidak tahan menontonnya sampai akhir.",NEGATIF
"Saya suka dengan editing video yang kreatif dan menarik, sangat menyenangkan untuk ditonton.",POSITIF
Komentar negatif yang tidak sopan di kolom video membuat saya kehilangan minat untuk menonton lebih lanjut.,NEGATIF
"Video ini memberikan informasi yang sangat bermanfaat, saya merasa teredukasi setelah menontonnya.",POSITIF
"Adegan kontroversial dalam video ini membuat saya merasa tidak nyaman, seharusnya dihindari.",NEGATIF
"Saya merasa biasa-biasa saja dengan video ini, tidak terlalu menarik tapi juga tidak buruk.",NETRAL
"Saya sangat terhibur dengan humor yang disajikan dalam video ini, jempol untuk kreativitas pembuatnya.",POSITIF
"Saya kecewa dengan kualitas video yang rendah, seharusnya lebih diperhatikan untuk menarik penonton.",NEGATIF
"Saya merasa terkesan dengan kejujuran dan autentisitas yang terpancar dari video ini, sangat menyentuh hati.",POSITIF
"Video YouTube ini sangat menghibur, saya jadi senang setelah menontonnya.",POSITIF
"Aku kecewa dengan konten video ini, terlalu banyak iklan.",NEGATIF
"Wow, video ini sangat informatif dan bermanfaat banget!",POSITIF
"Saya merasa bosan dengan video ini, tidak ada yang menarik.",NEGATIF
Suka banget dengan editing video dan musik latar yang dipakai.,POSITIF
Isi video terlalu provokatif dan tidak pantas ditonton.,NEGATIF
Trending! Video ini patut ditonton buat yang lagi gabut.,POSITIF
Penjelasan dalam video ini kurang jelas dan ambigu.,NEGATIF
"Bagus banget konsep video ini, kreatif sekali!",POSITIF
Video YouTube ini sangat informatif dan menginspirasi! Saya suka sekali!,POSITIF
"Aku merasa bosan dengan konten video YouTube ini, tidak menarik sama sekali.",NEGATIF
"Wow, video YouTube ini benar-benar menghibur dan membuat saya tertawa sepanjang hari!",POSITIF
Saya merasa terharu dengan pesan yang disampaikan dalam video YouTube ini. Sangat menyentuh hati.,POSITIF
"Kualitas video YouTube ini buruk, jadi sulit untuk menikmatinya dengan baik.",NEGATIF
"Menurut saya, video YouTube ini biasa saja. Tidak terlalu istimewa.",NETRAL
Saya sangat kesal dengan isi video YouTube ini. Tidak sesuai dengan ekspektasi saya sama sekali.,NEGATIF
Suara yang digunakan dalam video YouTube ini terlalu keras dan mengganggu pendengaran.,NEGATIF
Saya merasa terinspirasi untuk melakukan hal-hal baru setelah menonton video YouTube ini.,POSITIF
Video YouTube ini membosankan dan tidak memberikan informasi yang berguna bagi saya.,NEGATIF
"Konten di video ini tidak sesuai dengan judulnya, mengecewakan.",NEGATIF
"Banyak iklan yang mengganggu dalam video ini, rasanya tidak nyaman.",NEGATIF
"Wow, pendapat yang diungkapkan dalam video ini sangat kontroversial!",POSITIF
"Saya merasa bosan setelah menonton video ini, tidak menarik sama sekali.",NEGATIF
"Sangat menyenangkan bisa menemukan video yang informatif seperti ini, recomended!",POSITIF
"Saya tidak setuju dengan opini yang disampaikan dalam video ini, mengecewakan.",NEGATIF
"Video ini memberikan informasi yang berguna, tapi penyampaiannya kurang menarik.",NETRAL
Video ini sangat menginspirasi dan membuat saya termotivasi untuk belajar lebih banyak!,POSITIF
"Adegan lucu di menit ke-10 membuat saya terpingkal-pingkal, video yang menghibur!",POSITIF
"Sayangnya, kualitas video kurang jelas dan terlalu banyak iklan yang mengganggu.",NEGATIF
"Saya merasa terharu melihat reaksi penonton terhadap konten ini, sangatlah menyentuh.",POSITIF
"Pendapat kontroversial dari pembuat video membuat saya berpikir keras, menarik tapi membingungkan.",NETRAL
"Video ini seharusnya lebih pendek, saya jadi bosan menontonnya setengah jalan.",NEGATIF
"Wow, pengaturan kamera dan editing video sangat profesional, kualitasnya luar biasa!",POSITIF
Saya merasa kecewa dengan isi video yang kurang informatif dan terkesan asal jadi.,NEGATIF
Reaksi negatif yang ditampilkan dalam video ini sebenarnya menggugah untuk berpikir lebih dalam.,NETRAL
"Video ini cukup menghibur, tetapi saya harap ada penjelasan lebih detail di bagian akhir.",NETRAL
"Video YouTube ini sangat menginspirasi, saya terkesan dengan kontennya.",POSITIF
"Saya merasa jenuh dengan video YouTube tersebut, terlalu membosankan.",NEGATIF
"Wow, video ini benar-benar lucu dan menghibur!",POSITIF
Saya tidak sepenuhnya setuju dengan pandangan yang disampaikan dalam video ini.,NETRAL
"Saya sangat menikmati setiap detik dari video tersebut, keren!",POSITIF
"Video ini seharusnya lebih informatif, kurang mendalam menurut saya.",NEGATIF
Saya merasa terharu dengan pesan yang disampaikan dalam video tersebut.,POSITIF
Adegan kontroversial dalam video itu sebaiknya dihindari.,NEGATIF
"Sepertinya video ini sudah terlalu umum, tidak ada yang spesial.",NEGATIF
"Saya merasa biasa-biasa saja tentang video tersebut, tidak terlalu menarik bagi saya.",NETRAL
"Aduh, video ini bikin saya baper banget, terharu!",POSITIF
"Kualitas video kurang jelas, saya kesulitan menontonnya",NEGATIF
"Komentar-komentar yang muncul di video ini sangat lucu, bikin ngakak!",POSITIF
"Saya kecewa dengan konten video ini, terlalu biasa saja",NEGATIF
"Video YouTube paling keren yang pernah saya tonton, apik banget!",POSITIF
"Saya merasa bosan menonton video ini, kurang menarik",NEGATIF
"Isi video sangat informatif, saya jadi banyak belajar dari sini",POSITIF
"Video YouTube ini sangat informatif dan berkualitas, saya suka sekali!",POSITIF
Apa sih gunanya video ini? Saya merasa waktu saya terbuang percuma,NEGATIF
"Kualitas video kurang bagus, susah sekali untuk melihat detailnya",NEGATIF
Video lucu ini berhasil membuat saya tertawa sepanjang malam,POSITIF
Komentar-komentar negatif yang muncul di video ini membuat saya kecewa,NEGATIF
"Sangat informatif dan membantu, terima kasih atas video ini",POSITIF
"Saya merasa bosan saat menonton video ini, tidak ada yang menarik",NEGATIF
"Video ini sangat menarik, saya jadi ingin melihat video-video lainnya",POSITIF
Saya merasa kecewa karena video ini terlalu pendek dan tidak jelas,NEGATIF
Sangat kece! Gak nyesel nonton video ini!,POSITIF
"Kualitas video jelek banget, gak jelas gambarnya.",NEGATIF
"Males banget nonton video ini, terlalu membosankan.",NEGATIF
"Biasa aja sih video ini, gak terlalu istimewa.",NETRAL
"Suka banget sama konten video ini, seru!",POSITIF
Komentar-komentar di video ini bikin senyum-senyum sendiri.,POSITIF
"Kok gak nyambung ya sama judulnya, kecewa deh.",NEGATIF
"Gak ngerti kenapa banyak yang suka, standar aja menurutku.",NETRAL
"Bagus sih video ini, cuma kurang ngejelasin detailnya.",NETRAL
"Video YouTube ini sangat menginspirasi, saya jadi semangat untuk mengejar mimpi!",POSITIF
"Aku kecewa, judulnya menarik tapi isinya biasa saja, seperti clickbait",NEGATIF
Wow! Video ini benar-benar menghibur dan membuat saya tertawa sepanjang durasinya,POSITIF
Saya merasa kecewa dengan kualitas editing video yang kurang rapi,NEGATIF
"Opini di video ini sangat kontroversial, membuat saya berpikir lebih dalam",NETRAL
Saya suka bagaimana host video ini menjelaskan topik secara jelas dan mudah dimengerti,POSITIF
"Komentar yang toxic di kolom video membuat saya muak, seharusnya lebih dikelola",NEGATIF
"Video yang menarik, namun terlalu panjang membuat saya kehilangan fokus di tengah-tengah",NEGATIF
"Saya setuju dengan pendapat yang diutarakan dalam video, sangat relevan dengan situasi saat ini",POSITIF
Kualitas audio yang buruk membuat sulit untuk menikmati isi dari video ini,NEGATIF
"Video YouTube ini sangat menginspirasi, saya jadi semangat untuk berkarya!",POSITIF
"Adegan di video tersebut terlalu klise dan tidak orisinal, membuat saya bosan.",NEGATIF
"Wow, video ini benar-benar menggugah emosi, saya sampai meneteskan air mata.",POSITIF
"Pembawa acara video YouTube terlalu keras dan terkesan memaksa, membuat saya tidak nyaman.",NEGATIF
"Saya merasa video ini biasa saja, tidak terlalu menarik tapi juga tidak buruk.",NETRAL
Komentar-komentar positif di kolom video membuat saya senang dan percaya diri.,POSITIF
"Saya tidak suka dengan editing video yang terlalu berlebihan, membuat saya pusing.",NEGATIF
Video ini berhasil menghibur saya dan membuat waktu luang saya menyenangkan.,POSITIF
Isi konten video terlalu dangkal dan tidak memberikan informasi yang berarti.,NEGATIF
Saya merasa video ini patut diapresiasi karena mengangkat isu yang penting.,POSITIF
Video YouTube ini sangat menginspirasi dan informatif. Saya suka banget!,POSITIF
"Aduh, video ini penuh dengan konten clickbait. Mengecewakan sekali.",NEGATIF
"Setelah menonton video ini, saya jadi semakin paham tentang topik tersebut. Terima kasih!",POSITIF
"Videonya jelek banget, nggak jelas dan bikin bingung. Saya kecewa.",NEGATIF
Saya merasa biasa-biasa saja setelah menonton video ini. Tidak terlalu menarik.,NETRAL
"Wah, video ini kreatif banget! Saya betah nonton sampai habis.",POSITIF
Saya merasa terhibur dan senang setelah menonton video ini. Bagus!,POSITIF
Video ini bertele-tele dan terlalu panjang. Kurang menghibur.,NEGATIF
Saya merasa video ini kurang informatif dan kurang berbobot. Mengecewakan.,NEGATIF
"Video YouTube ini sangat menginspirasi, saya merasa terhibur menontonnya",POSITIF
"Wow, saya terkesan dengan kepiawaian pembuat video dalam menyampaikan informasi",POSITIF
Adegan-adegan lucu dalam video ini membuat saya tertawa terbahak-bahak,POSITIF
"Saya merasa jenuh menonton video ini, terlalu banyak iklan",NEGATIF
"Video ini menggugah emosi saya, saya sangat terharu melihatnya",POSITIF
"Kualitas gambar dan suara video ini kurang bagus, saya tidak suka",NEGATIF
Saya merasa bingung dengan pesan yang ingin disampaikan dalam video ini,NETRAL
"Saya suka bagaimana pembuat video memadukan musik dengan visualnya, sangat keren",POSITIF
"Video ini sangat menginspirasi, saya suka sekali!",POSITIF
"Konten yang menarik, membuat saya tertawa sepanjang video.",POSITIF
"Saya kecewa dengan kualitas video, terlalu buram.",NEGATIF
"Pembicara dalam video terlalu membosankan, sulit untuk difahami.",NEGATIF
Saya merasa biasa-biasa saja dengan isi video ini.,NETRAL
"Video ini mengajarkan hal-hal baru yang menarik, terima kasih!",POSITIF
Saya tidak suka dengan gaya editing yang digunakan dalam video.,NEGATIF
"Penjelasan dalam video terlalu singkat, kurang memuaskan.",NEGATIF
Saya merasa video ini kurang relevan dengan topik yang sedang tren.,NEGATIF
"Saya setuju dengan poin-poin yang dibahas dalam video, sangat informatif.",POSITIF
"Konten yang menarik, tapi sayangnya terlalu banyak iklan",NEGATIF
"Saya suka gaya editing video-nya, keren banget!",POSITIF
"Isi video kurang informatif, kurang memuaskan",NEGATIF
"Banyak komen negatif di video ini, sepertinya kontroversial",NEGATIF
"Wow, video ini benar-benar mengubah pandangan saya!",POSITIF
"Saya merasa bosan saat menonton video ini, tidak menarik",NEGATIF
"Suka banget dengan musik latar yang dipakai, pas banget!",POSITIF
"Kualitas video buruk, tidak jelas dan patah-patah",NEGATIF
"Feedback positif dari banyak pengguna, patut diapresiasi",POSITIF
"Video YouTube ini sangat menginspirasi, saya merasa terhibur dan senang menontonnya.",POSITIF
"Saya kecewa dengan konten video ini, kurang bermutu dan tidak sesuai ekspektasi.",NEGATIF
"Menurut saya, video ini biasa saja, tidak terlalu menarik namun juga tidak buruk.",NETRAL
"Sangat menyukai gaya editing dan pemilihan musik dalam video ini, sangat kreatif!",POSITIF
"Para pembuat video ini harus belajar lebih banyak, kualitasnya masih jauh dari baik.",NEGATIF
"Saya merasa terhibur dan tertawa sepanjang video, sangat menghibur!",POSITIF
Komentar dan tanggapan positif dari penonton lain membuat saya penasaran untuk menonton video ini.,POSITIF
"Video ini terlalu klise dan tidak orisinal, saya harap ada konten yang lebih segar.",NEGATIF
"Saya merasa netral terhadap video ini, tidak terlalu menarik namun tidak juga buruk.",NETRAL
"Kualitas video dan suara sangat buruk, sulit untuk menikmatinya.",NEGATIF
Saya kecewa dengan kualitas video yang buram dan suaranya pecah-pecah.,NEGATIF
"Wow, video ini sangat menginspirasi dan membuat saya termotivasi untuk melakukan hal serupa!",POSITIF
"Tidak suka dengan gaya bercerita pembawa acara di video tersebut, terlalu membosankan.",NEGATIF
"Saya merasa biasa saja tentang konten video ini, tidak terlalu menarik bagi saya.",NETRAL
"Video YouTube ini sangat lucu dan mengocok perut, selalu berhasil membuat saya tertawa.",POSITIF
Saya merasa terganggu dengan banyaknya iklan yang muncul di tengah-tengah video.,NEGATIF
Komentar para penonton di video tersebut penuh dengan positivitas dan dukungan.,POSITIF
Video YouTube ini sangat informatif namun kurang menarik secara visual bagi saya.,NETRAL
"Video YouTube tersebut sangat menginspirasi saya, sangat positif!",POSITIF
"Menurut saya, video ini terlalu membosankan, negatif sekali.",NEGATIF
"Saya merasa video tersebut kurang informatif, netral saja.",NETRAL
"Saya suka banget dengan video ini, keren sekali!",POSITIF
"Adegan kontroversial dalam video tersebut sangat mengganggu, negatif.",NEGATIF
"Video ini berhasil membuat saya tertawa sepanjang durasinya, positif sekali.",POSITIF
"Sayangnya, kualitas video dan audio kurang bagus, negatif.",NEGATIF
"Saya merasa video ini biasa saja, tidak terlalu menarik, netral.",NETRAL
"Pembicara dalam video ini terlalu keras, membuat saya tidak nyaman, negatif.",NEGATIF
"Setelah menonton video ini, saya jadi lebih paham topik tersebut, positif.",POSITIF
"Video YouTube ini sangat menginspirasi, saya jadi semangat untuk mencoba hal serupa!",POSITIF
"Saya merasa kecewa dengan konten video YouTube ini, terlalu bias dan tidak informatif",NEGATIF
"Wow, video ini benar-benar lucu, saya tidak bisa berhenti tertawa",POSITIF
Apa sih yang menarik dari video ini? Saya tidak habis pikir kenapa banyak yang suka,NEGATIF
"Menurut saya, video ini memberikan pandangan yang sangat menarik tentang topiknya",POSITIF
"Saya merasa bosan menonton video ini, tidak ada yang istimewa",NEGATIF
"Sangat menyentuh hati, video ini membuat saya terharu dan berpikir lebih dalam",POSITIF
"Saya tidak suka gaya editing yang dipakai dalam video ini, terlalu berlebihan",NEGATIF
"Video YouTube ini cukup informatif, saya belajar banyak hal baru darinya",POSITIF
"Saya merasa tidak puas dengan durasi video ini, terlalu singkat untuk topik yang dibahas",NEGATIF
Video YouTube ini sangat menghibur dan membuat saya tertawa sepanjang hari!,POSITIF
"Wow, video ini sangat inspiratif dan membuat saya termotivasi untuk melakukan hal-hal yang lebih baik!",POSITIF
"Saya merasa bosan dengan video ini, isinya tidak menarik dan membosankan.",NEGATIF
"Video YouTube ini membantu saya belajar banyak hal baru, sangat bermanfaat!",POSITIF
"Saya tidak suka dengan gaya editing yang digunakan dalam video ini, terlalu berlebihan.",NEGATIF
"Menurut saya, video ini biasa saja, tidak terlalu istimewa atau buruk.",NETRAL
Komentar-komentar negatif di kolom video ini membuat saya merasa sedih.,NEGATIF
"Video ini berhasil membuat saya tertawa dan mengusir stres yang saya rasakan, bagus sekali!",POSITIF
"Aku merasa kecewa dengan konten video ini, kurang informatif dan membosankan.",NEGATIF
"Reaksi warganet di video ini lucu banget, bikin hari jadi lebih cerah!",POSITIF
Ulasan positif yang bagus di kolom komentar membuat saya semakin tertarik menonton video ini.,POSITIF
"Saya merasa tidak setuju dengan pendapat yang disampaikan dalam video ini, terlalu bias!",NEGATIF
"Video ini cukup standar, tidak terlalu istimewa tapi juga tidak buruk.",NETRAL
"Saya sangat terinspirasi dengan cerita di balik video ini, sangat mengharukan!",POSITIF
"Ada banyak adegan yang tidak pantas dalam video ini, sangat mengecewakan.",NEGATIF
Saya merasa video ini terlalu panjang dan terlalu banyak iklan.,NEGATIF
"Video ini berhasil membuat saya tertawa terpingkal-pingkal, keren banget!",POSITIF
"Menurut saya, video ini kurang menarik dan terlalu biasa saja",NEGATIF
Reaksi saya saat menonton video ini adalah terhibur dan senang,POSITIF
Sangat keren melihat bagaimana konten video ini disajikan dengan baik,POSITIF
"Opini saya tentang video ini netral, tidak terlalu menarik namun juga tidak buruk",NETRAL
"Saya jadi lebih paham setelah menonton video ini, sangat bermanfaat",POSITIF
"Sebagai penggemar konten YouTube, saya tidak terlalu suka dengan video ini",NEGATIF
"Reaksi saya campur aduk setelah menonton video ini, ada bagian yang bagus dan ada yang kurang",NETRAL
"Menurut saya, video ini terlalu panjang dan terlalu banyak iklan",NEGATIF
"Saya kecewa dengan konten video ini, terlalu bias dan tidak objektif.",NEGATIF
"Penggunaan musik latar yang pas membuat video ini begitu menarik, keren!",POSITIF
"Adegan lucu dalam video membuat saya tertawa terbahak-bahak, sangat menghibur!",POSITIF
"Kualitas video buruk, terlalu banyak iklan yang mengganggu penonton.",NEGATIF
"Saya setuju dengan pendapat yang disampaikan dalam video ini, sangat informatif.",POSITIF
Tema kontroversial dalam video ini membuat saya tidak nyaman menontonnya.,NEGATIF
Saya berharap video berikutnya lebih fokus dan tidak terlalu berbelit-belit.,NEGATIF
Saya senang melihat kolaborasi antara dua YouTuber favorit saya dalam video ini!,POSITIF
"Saya merasa kecewa dengan konten video YouTube ini, tidak sesuai ekspektasi saya.",NEGATIF
"Reaksi pengguna terhadap video ini sangat positif, banyak yang memberikan pujian.",POSITIF
"Video ini tidak menarik, kurang informatif menurut saya.",NEGATIF
"Opini saya tentang video ini cukup netral, tidak terlalu suka atau benci.",NETRAL
Sangat keren bagaimana video ini memberikan pandangan baru yang menarik!,POSITIF
"Saya tidak suka cara penyampaian informasi dalam video ini, terlalu membosankan.",NEGATIF
Pengguna YouTube ramai membicarakan video ini karena kontennya yang menarik.,POSITIF
"Video ini mengundang kontroversi, ada yang setuju dan tidak setuju dengan isinya.",NETRAL
"Saya sangat terhibur dengan video lucu ini, membuat saya tertawa sepanjang hari.",POSITIF
"Video tersebut sangat menginspirasi, saya jadi semangat untuk berkarya juga!",POSITIF
"Aduh, video yang sangat membosankan. Saya tidak tahan melihatnya sampai selesai.",NEGATIF
"Setelah menonton video itu, saya jadi ingin tahu lebih banyak tentang topik tersebut.",POSITIF
Saya merasa kecewa karena video tersebut tidak sesuai dengan ekspektasi saya.,NEGATIF
"Video tersebut membuat saya tertawa sepanjang durasi, sangat menghibur!",POSITIF
"Reaksi saya setelah menonton video itu campur aduk, ada yang menarik tapi ada yang kurang.",NETRAL
"Wow, video tersebut sangat informatif dan memberikan wawasan baru bagi saya.",POSITIF
"Saya merasa terharu melihat video tersebut, isinya begitu menyentuh hati.",POSITIF
"Sangat disayangkan, video itu penuh dengan konten negatif dan tidak mendidik.",NEGATIF
"Video tersebut tidak menarik sama sekali, saya lebih suka yang lain.",NEGATIF
Video YouTube ini sangat menginspirasi saya untuk belajar hal baru. POSITIF,POSITIF
"Menurut saya, video ini kurang informatif dan membosankan. NEGATIF",NEGATIF
Saya suka banget dengan editing video yang keren ini! POSITIF,POSITIF
Konten video tidak sesuai ekspektasi saya. NEGATIF,NEGATIF
Video ini membuat saya tertawa sepanjang hari. POSITIF,POSITIF
Pembicara dalam video terlalu monoton. NEGATIF,NEGATIF
Saya merasa netral terhadap isi video ini. NETRAL,NETRAL
Terima kasih atas rekomendasi video yang seru ini! POSITIF,POSITIF
Saya merasa kecewa dengan kualitas grafis dalam video tersebut. NEGATIF,NEGATIF
"Video yang menarik, saya jadi semangat membuat konten sendiri. POSITIF",POSITIF
"Video ini sangat informatif dan bermanfaat, saya suka sekali!",POSITIF
"Saya merasa terhibur setelah menonton video ini, bagus sekali!",POSITIF
Isi konten video kurang menarik dan terlalu biasa saja.,NEGATIF
Saya kecewa karena judul video tidak sesuai dengan isi yang sebenarnya.,NEGATIF
"Video ini cukup bagus, namun terlalu panjang membuat saya bosan.",NEGATIF
"Ternyata video ini hanya isapan jempol belaka, sangat mengecewakan.",NEGATIF
Saya agak bingung dengan informasi yang disajikan dalam video ini.,NETRAL
Video ini membantu saya memahami topik yang kompleks dengan sangat baik.,POSITIF
"Setelah menonton video ini, saya jadi lebih penasaran dan ingin mencari tahu lebih banyak.",POSITIF
"Video YouTube ini sangat informatif dan mendidik, saya suka sekali!",POSITIF
Aku merasa bosan dengan konten video YouTube yang monoton seperti ini.,NEGATIF
Saya terinspirasi untuk membuat video YouTube setelah menonton ini.,POSITIF
"Kualitas video sangat buruk, sulit untuk menonton sampai akhir.",NEGATIF
"Penggunaan musik latar yang dipilih sangat pas, membuat video lebih hidup.",POSITIF
Komentar negatif yang tak berkesudahan di kolom video membuat saya frustrasi.,NEGATIF
"Saat menonton video ini, saya merasa terhibur dan senang.",POSITIF
"Kualitas video sangat buruk, tidak nyaman ditonton",NEGATIF
Saya sangat terkesan dengan editing video yang keren!,POSITIF
Komentar-komentar negatif di video ini membuat saya jengkel,NEGATIF
Saya merasa video ini memberikan informasi yang berguna,POSITIF
"Video YouTube ini sangat menginspirasi, saya jadi semangat membuat konten sendiri.",POSITIF
"Apa sih yang bagus dari video ini? Saya bingung, sangat biasa saja.",NEGATIF
Saya suka banget gaya editing dan musik latar yang dipakai dalam video tersebut.,POSITIF
"Komentar negatif yang tidak berbobot selalu muncul di video ini, sangat mengganggu.",NEGATIF
"Video ini bikin saya tertawa terpingkal-pingkal, lucu banget!",POSITIF
"Aku merasa bosan dengan konten yang monoton seperti ini, tidak menarik sama sekali.",NEGATIF
"Menurutku, video ini biasa saja, tidak spesial tapi juga tidak buruk.",NETRAL
Saya merasa terharu dengan cerita yang disampaikan dalam video tersebut.,POSITIF
"Para penggemar fanatik terlalu over the top, membuat komentar yang tidak masuk akal.",NEGATIF
"Video ini memicu diskusi seru di kolom komentar, saya suka sekali membacanya.",POSITIF
"Video YouTube ini sangat menghibur dan lucu, bikin saya senang!",POSITIF
"Saya merasa kecewa dengan kualitas video dan kontennya, tidak sepadan dengan ekspektasi",NEGATIF
"Saya tidak suka gaya penyampaian pembawa acara dalam video ini, terlalu berlebihan",NEGATIF
"Sangat keren cara editing video dan musik latar yang dipilih, jadi semakin seru ditonton",POSITIF
"Saya terkesan dengan interaksi host video dengan penonton, membuat saya ingin ikut berpartisipasi",POSITIF
"Isi video terlalu singkat dan kurang jelas, membuat saya bingung",NEGATIF
Video ini seharusnya lebih berfokus pada topik utama daripada menyimpang ke hal lain,NEGATIF
"Saya merasa video ini tidak memberikan nilai tambah bagi penonton, kurang informatif",NEGATIF
"Aduh, video ini terlalu membosankan, saya tidak tahan nonton sampai akhir.",NEGATIF
"Saya merasa video ini kurang jelas, butuh penjelasan lebih lanjut.",NEGATIF
"Wow, konten video ini sangat menginspirasi dan membuat saya termotivasi!",POSITIF
"Saya merasa terhibur dan senang menonton video ini, sangat menyenangkan.",POSITIF
"Kualitas video kurang bagus, terlalu buram dan suara tidak jelas.",NEGATIF
"Saya merasa biasa saja tentang video ini, tidak terlalu menarik perhatian saya.",NETRAL
Video ini sangat informatif dan membuat saya lebih paham tentang topik yang dibahas.,POSITIF
"Isi dari video ini mengecewakan, tidak sesuai dengan yang diharapkan.",NEGATIF
"Saya sangat terkesan dengan kreativitas dalam video ini, sangat mengagumkan!",POSITIF
Video YouTube ini sangat menginspirasi! Saya jadi termotivasi untuk mengejar mimpi saya. Terima kasih!,POSITIF
"Sangat kecewa dengan konten video YouTube terbaru, sangat membosankan dan tidak berkualitas.",NEGATIF
Reaksi saya saat pertama kali menonton video ini adalah kaget! Isinya sangat menarik dan tidak terduga.,POSITIF
"Opini saya tentang video ini netral. Tidak terlalu menarik, tapi juga tidak buruk.",NETRAL
Saya merasa senang karena video ini memberikan informasi yang bermanfaat. Terima kasih kepada pembuatnya.,POSITIF
Video YouTube ini sangat menyentuh hati. Saya hampir menangis saat menontonnya.,POSITIF
Kualitas video sangat rendah dan isinya tidak sesuai judulnya. Kecewa sekali!,NEGATIF
Saya merasa bosan saat menonton video ini. Tidak ada hal menarik yang ditampilkan.,NEGATIF
"Setelah menonton video ini, saya merasa terhibur dan ceria. Sangat bagus!",POSITIF
Opini saya tentang video ini negatif. Isinya tidak sesuai ekspektasi dan terlalu membosankan.,NEGATIF
"Konten video YouTube ini terlalu bias dan tidak akurat, sangat mengecewakan",NEGATIF
"Saya merasa video ini kurang menarik, tidak begitu menghibur",NEGATIF
"Wow, video ini benar-benar menginspirasi saya untuk melakukan hal-hal baru!",POSITIF
Saya merasa video ini kontroversial dan membingungkan,NEGATIF
"Menurut saya, video ini memberikan pandangan yang berbeda dan menarik",POSITIF
"Kualitas video terlalu rendah, sulit untuk menikmati kontennya",NEGATIF
"Video ini cukup menarik, namun ada beberapa hal yang bisa diperbaiki",NETRAL
"Video YouTube ini sangat menginspirasi, saya suka sekali dengan kontennya!",POSITIF
"Aduh, video YouTube ini bikin saya baper setengah mati. Sedih banget isinya.",NEGATIF
Komentar-komentar positif di video ini membuat hari saya jadi lebih cerah. Terima kasih!,POSITIF
"Saya merasa kecewa dengan kualitas video ini, seharusnya bisa lebih baik lagi.",NEGATIF
"Wow, video ini benar-benar menghibur! Saya suka banget melihatnya.",POSITIF
"Konten video ini terlalu membosankan, saya sampai tertidur saat menontonnya.",NEGATIF
"Saya setuju dengan pendapat pembuat video ini, sangat informatif dan menarik.",POSITIF
"Ada banyak sekali komentar negatif di video ini, membuat saya jadi ragu untuk menontonnya.",NEGATIF
"Video YouTube ini memberikan ide-ide kreatif yang menarik, saya merasa termotivasi untuk berkarya.",POSITIF
Saya merasa kecewa dengan kualitas video yang buram dan suara yang terdistorsi.,NEGATIF
"Wow, video ini sangat informatif dan membantu saya memahami topik tersebut dengan lebih baik.",POSITIF
Sangat menarik melihat reaksi pengguna lain di kolom komentar video ini.,NETRAL
Apa sih yang bagus dari video ini? Saya tidak melihatnya.,NEGATIF
Saya terharu melihat bagaimana video ini menginspirasi banyak orang.,POSITIF
"Video ini terlalu panjang dan membosankan, saya tidak tahan menontonnya sampai selesai.",NEGATIF
"Bagus juga ya, video ini mengajak diskusi yang menarik di komunitas online.",POSITIF
Saya tidak suka dengan gaya penyajian pembawa acara dalam video ini.,NEGATIF
"Wow, video ini kocak banget! Bikin senyum sepanjang hari.",POSITIF
"Saya merasa terhibur ketika menonton video ini, rekomendasi banget!",POSITIF
"Video ini terlalu panjang dan membosankan, saya skip setengahnya.",NEGATIF
Sangat menarik! Saya belajar banyak hal baru dari video ini.,POSITIF
Apa gunanya sih video ini? Saya merasa waktu saya terbuang percuma.,NEGATIF
Cara penyampaian konten dalam video ini sangat menarik dan mudah dipahami.,POSITIF
"Kualitas video jelek, suaranya pecah-pecah dan gambarnya blur.",NEGATIF
"Video ini biasa saja, tidak terlalu istimewa tapi juga tidak buruk.",NETRAL
"Saya kecewa dengan konten video ini, tidak sesuai ekspektasi saya",NEGATIF
"Wow, video ini viral banget! Sangat menghibur dan menarik",POSITIF
"Tidak suka dengan gaya editing yang digunakan dalam video ini, terlalu membingungkan",NEGATIF
Apa sih yang membuat video ini begitu populer? Saya tidak terlalu tertarik,NEGATIF
Video YouTube favorit saya! Selalu memberikan konten bermanfaat dan menghibur,POSITIF
"Komentar negatif yang meresahkan muncul di video ini, sebaiknya dihapus saja",NEGATIF
"Saya merasa terhibur dan terinspirasi setelah menonton video ini, recommended banget!",POSITIF
"Kualitas video terlalu buruk, sulit untuk menikmati kontennya",NEGATIF
Adegan kontroversial di video tersebut membuat saya tidak nyaman menontonnya.,NEGATIF
"Kualitas videonya buruk sekali, saya kecewa.",NEGATIF
"Para komentator di bawah video ini sangat positif dan mendukung, salut!",POSITIF
"Video ini terlalu panjang dan membosankan, tidak suka.",NEGATIF
"Tema yang diangkat dalam video ini sangat relevan, bagus sekali!",POSITIF
"Sayangnya, banyak spoiler di komentar yang merusak kejutan dari video ini.",NEGATIF
"Saya merasa netral terhadap video ini, tidak terlalu suka atau benci.",NETRAL
"Kreativitas dan editing dalam video ini luar biasa, thumbs up!",POSITIF
"Penjelasan di video ini sangat mudah dipahami, terima kasih!",POSITIF
Saya kecewa dengan kualitas editing video yang buruk.,NEGATIF
Video ini membantu saya memecahkan masalah yang selama ini saya hadapi.,POSITIF
Reaksi saya saat menonton video ini: 😱👍,POSITIF
"Kualitas suara dalam video ini sangat mengganggu, sulit untuk fokus.",NEGATIF
"Video ini biasa saja, tidak begitu menarik bagi saya.",NETRAL
"Saya merasa kecewa dengan konten video YouTube kali ini, terlalu bias dan tidak bermutu.",NEGATIF
Sangat keren bagaimana pembuat video ini bisa menyajikan konten yang edukatif sekaligus menghibur. Suka!,POSITIF
"Adegan-adegan dalam video YouTube ini terlalu provokatif dan mengganggu, tidak mendidik sama sekali.",NEGATIF
"Setelah menonton video tersebut, saya merasa semangat dan termotivasi. Bagus sekali!",POSITIF
"Saya tidak tertarik dengan video ini, terlalu biasa dan klise. Kurang inovatif.",NEGATIF
"Menurut saya, video ini memiliki pesan yang kuat dan patut untuk ditonton. Sangat bagus!",POSITIF
"Kualitas produksi video ini buruk, sulit dipahami, sangat mengecewakan.",NEGATIF
"Opini saya tentang video tersebut cenderung netral, tidak terlalu berkesan tapi juga tidak buruk.",NETRAL
Video YouTube ini sangat menghibur dan lucu! Saya suka banget menontonnya,POSITIF
Konten video YouTube ini terlalu provokatif dan menyebabkan polemik di komentar,NEGATIF
"Wow, setiap kali saya menonton video ini, selalu terinspirasi untuk mencoba hal baru",POSITIF
"Sangat kecewa dengan video ini, isinya tidak sesuai dengan judulnya sama sekali",NEGATIF
Video YouTube ini membantu saya memahami topik yang sebelumnya sulit saya pahami,POSITIF
"Menyentuh banget isi video ini, sampai membuat saya menangis",POSITIF
"Video YouTube ini biasa-biasa saja, tidak terlalu menarik perhatian saya",NETRAL
"Saya merasa terhibur dan senang setiap kali menonton video ini, recommended!",POSITIF
"Saya tidak suka dengan gaya editing yang terlalu berlebihan dalam video ini, terlalu membingungkan.",NEGATIF
"Menarik sekali video ini, saya jadi ingin mencoba hal-hal baru setelah menontonnya.",POSITIF
"Isi konten video kurang informatif dan terlalu banyak iklan, membuat saya cepat bosan.",NEGATIF
"Wow, video ini benar-benar menghibur! Terima kasih sudah berbagi konten yang menyenangkan.",POSITIF
"Saya merasa kecewa dengan pembahasan yang dangkal dalam video ini, tidak sesuai dengan ekspektasi saya.",NEGATIF
"Trendy banget sih video ini, suka dengan gaya editing dan penjelasannya yang singkat tapi padat.",POSITIF
"Kualitas audio video kurang bagus, sulit untuk mendengar dengan jelas apa yang diucapkan.",NEGATIF
"Saya tidak begitu tertarik dengan topik yang dibahas dalam video ini, jadi merasa agak bosan.",NETRAL
"Saya kecewa dengan kualitas video YouTube tersebut, terlalu buram.",NEGATIF
"Reaksi warganet terhadap video ini lucu banget, bikin ngakak!",POSITIF
"Opini saya tentang video ini netral, tidak terlalu menarik bagi saya.",NETRAL
"Saya merasa terinspirasi setelah menonton video YouTube tersebut, keren!",POSITIF
Mengapa video ini viral? Saya tidak melihat keistimewaannya.,NEGATIF
"Wah, penjelasan dalam video ini sangat mudah dipahami, sangat membantu!",POSITIF
Saya merasa jengkel dengan gaya penyampaian host dalam video tersebut.,NEGATIF
"Opini saya tentang video ini positif, sangat menarik dan menginspirasi.",POSITIF
"Video ini kurang menarik, saya harap ada konten yang lebih bermanfaat.",NEGATIF
Konten video kurang menarik dan tidak memberikan informasi yang berguna,NEGATIF
"Reaksi penonton pada video ini sungguh lucu, saya terhibur melihatnya",POSITIF
Saya kecewa dengan kualitas video yang buruk dan tidak jelas,NEGATIF
"Pendapat saya tentang video ini netral, tidak terlalu menarik namun juga tidak buruk",NETRAL
"Saya merasa video ini sangat memberikan inspirasi dan motivasi, sangat bagus!",POSITIF
"Ada banyak komentar negatif di video ini, sepertinya kontroversial",NEGATIF
Saya setuju dengan opini mayoritas penonton bahwa video ini menguras emosi,NEGATIF
"Saya senang melihat video ini, membuat saya tertawa sepanjang hari",POSITIF
Penggunaan musik pada video ini tidak pas dan mengganggu konsentrasi,NEGATIF
"Wow, video YouTube ini sangat menginspirasi! Saya jadi semangat untuk mengejar mimpi saya.",POSITIF
"Aduh, video ini bikin merinding setiap kali nonton. Serem banget!",NEGATIF
Video ini sangat informatif dan mudah dipahami. Terima kasih uploader!,POSITIF
Konten YouTube yang kurang bermutu. Saya kecewa setelah menontonnya.,NEGATIF
Suka banget sama editing video dan musik latar yang dipakai. Keren!,POSITIF
Komentar-komentar negatif yang merugikan. Sayang sekali.,NEGATIF
"Netral saja sih, video ini standar dan tidak terlalu istimewa.",NETRAL
Terharu melihat interaksi positif antara kreator dan penonton di video ini.,POSITIF
Terlalu banyak iklan di tengah-tengah video. Bikin jengkel.,NEGATIF
Video ini menghibur dan membuat saya tertawa sepanjang durasi.,POSITIF
"Video tersebut sangat menginspirasi saya, terima kasih atas kontennya!",POSITIF
"Reaksi penonton di video ini sangat lucu, saya suka sekali",POSITIF
"Kualitas video terlalu buruk, sulit untuk dinikmati",NEGATIF
"Saya merasa biasa-biasa saja dengan video tersebut, tidak terlalu istimewa",NETRAL
"Wow, video ini benar-benar mengubah pandangan saya tentang suatu hal",POSITIF
"Saya kecewa dengan isi video ini, terlalu banyak hal yang tidak sesuai ekspektasi",NEGATIF
Saya merasa terhibur melihat reaksi penonton lain terhadap video ini,POSITIF
"Sangat membosankan, saya tidak merekomendasikan video ini kepada siapa pun",NEGATIF
"Saya netral terhadap video ini, tidak terlalu suka namun juga tidak terlalu benci",NETRAL
"Video YouTube ini sangat menginspirasi, membuat saya termotivasi untuk mengejar impian!",POSITIF
"Saya sangat kecewa dengan konten video ini, terlalu banyak clickbait dan kurang berkualitas.",NEGATIF
"Menurut saya, video ini biasa saja, tidak terlalu menarik tetapi juga tidak buruk.",NETRAL
"Wow, video ini benar-benar menghibur! Saya suka dengan tingkat kreativitasnya.",POSITIF
"Sangat disayangkan video ini tidak mengikuti pedoman komunitas YouTube, saya menyarankan untuk diperbaiki.",NEGATIF
"Saya merasa video ini agak membosankan, tidak ada yang istimewa.",NEGATIF
"Suka banget sama video ini, isinya informatif dan menghibur sekaligus.",POSITIF
"Opini saya tentang video ini netral, tidak terlalu menonjol namun juga tidak buruk.",NETRAL
"Video ini sungguh menarik perhatian saya, saya jadi penasaran untuk menonton video lainnya.",POSITIF
"Kualitas video serta editing-nya sangat buruk, saya skippun sebelum selesai.",NEGATIF
"Video YouTube ini sangat bagus, sangat menghibur dan informatif!",POSITIF
Aku sangat kecewa dengan konten video YouTube yang mengecewakan ini.,NEGATIF
Sangat keren! Saya suka banget dengan cara penyampaiannya.,POSITIF
"Video ini tidak sesuai harapan, kurang menarik untuk ditonton.",NEGATIF
"Netral saja, tidak terlalu suka atau benci dengan video ini.",NETRAL
"Video ini memberikan wawasan baru bagi saya, sangat bermanfaat.",POSITIF
"Sangat mengecewakan, saya merasa waktu saya terbuang percuma menonton video ini.",NEGATIF
"Bagus tapi terlalu banyak iklan, jadi kurang nyaman menontonnya.",NEGATIF
"Konten video kurang menarik, saya kecewa dengan isi nya.",NEGATIF
"Saya terharu melihat video ini, sangat menyentuh hati.",POSITIF
Ternyata video ini lebih seru dari yang saya kira!,POSITIF
"Kualitas video kurang bagus, susah untuk dinikmati.",NEGATIF
Terima kasih atas video yang menginspirasi ini!,POSITIF
"Komentar-komentar negatif yang tidak masuk akal, sebaiknya diabaikan.",NEGATIF
"Saya merasa puas setelah menonton video ini, keren!",POSITIF
Video YouTube ini sangat menghibur dan membuat saya tertawa terbahak-bahak. Terima kasih atas kontennya!,POSITIF
Saya merasa kecewa dengan video ini karena terlalu banyak iklan yang mengganggu. Tidak nyaman menontonnya.,NEGATIF
"Wow, video ini sangat informatif dan membantu saya memahami topik yang kompleks dengan mudah. Terima kasih kepada pembuatnya!",POSITIF
"Sayang sekali video ini terlalu singkat, saya ingin lebih banyak konten dari pembuatnya. Semoga ada kelanjutannya.",NETRAL
Saya sangat terkesan dengan kreativitas dalam video ini. Sangat menginspirasi saya untuk membuat konten sendiri. Luar biasa!,POSITIF
Isi video terlalu biasa dan klise. Saya harap ada inovasi yang lebih menarik di video berikutnya.,NEGATIF
Saya merasa video ini kurang relevan dengan judulnya. Sedikit mengecewakan karena ekspektasi saya tinggi.,NEGATIF
Menonton video ini membuat saya merasa terhibur dan senang. Saya suka gaya editingnya yang kreatif.,POSITIF
Kualitas visual dalam video ini sangat rendah. Sulit untuk menikmati konten ketika gambarnya buram dan gelap.,NEGATIF
Video ini berhasil membuat saya tertarik dari awal hingga akhir. Saya sangat menikmati setiap momennya.,POSITIF
"Isi video kurang menarik dan terlalu banyak iklan, kurang puas menontonnya.",NEGATIF
"Komentar pengguna di bawah video ini sangat lucu, membuat saya tertawa terbahak-bahak.",POSITIF
"Thumbnail video menipu, isinya tidak sebagus yang diharapkan, membuat saya kecewa.",NEGATIF
"Suka dengan gaya editing video yang kreatif dan unik, sangat menginspirasi!",POSITIF
"Video ini tidak sesuai ekspektasi, terlalu banyak clickbait, tidak suka.",NEGATIF
"Pengaturan pencahayaan dalam video terlalu gelap, sulit untuk melihat detailnya.",NEGATIF
"Tema video sangat informatif dan edukatif, sangat membantu penonton untuk belajar hal baru.",POSITIF
Musik latar yang dipilih sangat mengganggu dan tidak sesuai dengan suasana video.,NEGATIF
"Durasi video terlalu panjang, membuat saya bosan sebelum mencapai akhirnya.",NEGATIF
"Video YouTube ini sangat menginspirasi, saya sangat suka melihatnya!",POSITIF
Apa sih yang menarik dari video ini? Saya tidak tertarik sama sekali.,NEGATIF
"Saya terharu melihat video ini, pesan yang disampaikan sangat dalam.",POSITIF
"Kualitas video sangat buruk, sulit untuk menontonnya sampai selesai.",NEGATIF
"Saya merasa biasa saja dengan video ini, tidak terlalu mengesankan.",NETRAL
Video ini membuat saya senang dan ingin menontonnya lagi!,POSITIF
"Saya kecewa dengan konten video ini, tidak sesuai ekspektasi saya.",NEGATIF
"Tingkat editing video yang ditampilkan sangat profesional, saya kagum!",POSITIF
"Komentar pengguna di video ini sangat negatif, membuat saya tidak nyaman.",NEGATIF
"Saya merasa video ini cukup informatif, namun kurang menarik untuk saya.",NETRAL
Trending di YouTube tapi sebenarnya tidak sebagus yang dibicarakan.,NEGATIF
Akhirnya bisa menemukan konten yang bermanfaat di YouTube!,POSITIF
Saya merasa terhibur dan terinspirasi setelah menonton video ini.,POSITIF
Komentar negatif yang selalu muncul di video ini membuat saya jengkel.,NEGATIF
"Saya tidak habis pikir kenapa video ini bisa viral, sangat membosankan.",NEGATIF
"Keren banget video ini, patut diacungi jempol!",POSITIF
"Saya merasa netral terhadap video ini, tidak begitu menarik bagi saya.",NETRAL
"Setelah menonton video ini, saya jadi lebih paham tentang topik tersebut.",POSITIF
Video YouTube ini sangat informatif dan menginspirasi. Saya suka sekali!,POSITIF
"Saya merasa kecewa dengan konten video tersebut, terlalu dangkal dan tidak berkualitas.",NEGATIF
"Wah, video ini benar-benar lucu! Selalu berhasil bikin saya ketawa.",POSITIF
Saya merasa kesal karena banyak iklan yang mengganggu saat menonton video tersebut.,NEGATIF
Video ini membantu saya memahami topik yang sebelumnya sulit saya pahami. Terima kasih!,POSITIF
Apa sih kegunaan video ini? Saya merasa tidak mendapatkan informasi yang berarti.,NEGATIF
Video yang bagus! Saya suka bagaimana pembuatnya mengemas informasi dengan menarik.,POSITIF
Isi video terlalu sensasional dan tidak akurat. Sangat mengecewakan.,NEGATIF
"Saya tidak terlalu peduli dengan video ini, tapi setidaknya tidak menyebalkan.",NETRAL
"Konten yang ditampilkan sangat menarik, saya jadi ingin subscribe!",POSITIF
Apa sih ini? Isinya tidak jelas dan membosankan.,NEGATIF
"Saya merasa terhibur setelah menonton video ini, bagus!",POSITIF
"Video ini terlalu panjang dan kurang menarik, saya kecewa.",NEGATIF
"Pembawaannya kurang greget, kurang menarik perhatian.",NEGATIF
Suka dengan aspek kreativitas yang ditampilkan dalam video ini.,POSITIF
"Kualitas videonya jelek banget, susah banget buat nonton.",NEGATIF
Saya setuju dengan pendapat yang disampaikan dalam video ini.,POSITIF
"Video ini sangat menginspirasi, saya jadi termotivasi untuk mengejar mimpi saya!",POSITIF
"Konten yang dipamerkan terlalu kontroversial, sebaiknya tidak ditayangkan di platform ini.",NEGATIF
"Saya suka banget gaya editing video-nya, sangat kreatif dan eye-catching!",POSITIF
Isi video terlalu dangkal dan tidak informatif sama sekali.,NEGATIF
"Meskipun agak panjang, video ini memberikan wawasan yang berharga. Saya suka!",POSITIF
"Saya kecewa karena video yang dijanjikan mengecewakan, terlalu banyak clickbait.",NEGATIF
"Komentar di video ini penuh dengan kebencian, sangat tidak pantas!",NEGATIF
"Saya terhibur dan tertawa terus ketika menonton video ini, keren!",POSITIF
"Pembuat video seharusnya menghindari konten yang sensitif seperti ini, sangat merugikan.",NEGATIF
"Video YouTube ini sangat menginspirasi, saya jadi semangat belajar! Terima kasih uploader!",POSITIF
"Saya kecewa dengan konten video ini, terlalu banyak iklan dan isinya tidak sesuai judul.",NEGATIF
"Reaksi saya saat menonton video ini campur aduk, ada bagian yang lucu tapi ada yang kurang menarik.",NETRAL
"Wow, video ini sangat informatif! Sangat membantu saya untuk memahami topik tersebut dengan mudah.",POSITIF
"Saya merasa terhibur melihat video ini, sangat kreatif dan menghibur!",POSITIF
"Kualitas video buruk, sulit untuk menikmati konten dengan baik.",NEGATIF
"Saya setuju dengan pendapat yang disampaikan di video ini, sangat relevan dengan situasi saat ini.",POSITIF
"Isi video sangat bias dan tidak objektif, seharusnya memberikan informasi yang lebih seimbang.",NEGATIF
"Reaksi saya langsung tertawa melihat video ini, lucu banget!",POSITIF
Isi video YouTube ini sangat kontroversial dan menimbulkan perdebatan di kolom komentar.,NEGATIF
Banyak sekali iklan yang mengganggu dalam video YouTube tersebut.,NEGATIF
"Video ini memberikan informasi yang bermanfaat, terima kasih uploader!",POSITIF
"Saya kecewa dengan kualitas video dan editingnya, kurang profesional.",NEGATIF
"Menarik sekali, saya tidak bisa berhenti menonton video ini!",POSITIF
"Video ini biasa saja, tidak membuat saya terkesan.",NETRAL
"Saya suka cara penyampaiannya, sangat kreatif dan informatif.",POSITIF
"Konten video kurang berkualitas, saya kecewa setelah menontonnya",NEGATIF
"Aduh, video ini terlalu membosankan, saya langsung skip",NEGATIF
Saya merasa bingung dengan pesan yang disampaikan dalam video tersebut,NETRAL
"Menarik sekali, saya jadi ingin menonton video-video serupa",POSITIF
"Video ini penuh dengan kontroversi, saya tidak setuju dengan isinya",NEGATIF
"Tidak terlalu menarik, tapi juga tidak buruk sih",NETRAL
"Saya merasa terhibur dan tersenyum sepanjang video, bagus sekali",POSITIF
"Terlalu banyak iklan di video ini, mengganggu sekali",NEGATIF
Saya kecewa dengan konten video yang kurang berkualitas ini.,NEGATIF
Reaksi pengguna lainnya terhadap video ini membuat saya tertawa.,POSITIF
"Video ini terlalu panjang dan membosankan, saya tidak suka.",NEGATIF
Saya merasa terinspirasi setelah menonton video ini.,POSITIF
"Banyak komentar negatif di bawah video, rasanya tidak nyaman.",NEGATIF
"Banyak informasi menarik dalam video ini, saya puas menontonnya.",POSITIF
"Kualitas visualnya buruk, saya menyesal sudah menonton video ini.",NEGATIF
"Video ini biasa saja, tidak terlalu mengesankan.",NETRAL
Saya suka bagaimana host video ini menjelaskan topik dengan jelas.,POSITIF
"Konten videonya kurang menarik, saya merasa bosan menontonnya",NEGATIF
"Reaksi penonton di video ini sangat lucu, saya terhibur",POSITIF
Saya kecewa karena terlalu banyak iklan di video ini,NEGATIF
"Opini pembuat video sangat cerdas, saya suka dengan analisisnya",POSITIF
"Banyak komentar positif mengenai video ini, patut ditonton!",POSITIF
Adegan kontroversial di video ini membuat saya tidak nyaman,NEGATIF
"Saya merasa netral terhadap video ini, tidak begitu menarik bagi saya",NETRAL
"Video ini menginspirasi saya untuk mencoba hal baru, sangat bagus!",POSITIF
"Saya merasa kecewa dengan isi video ini, kurang bermutu.",NEGATIF
"Wow, video ini benar-benar menginspirasi saya. Terima kasih uploader!",POSITIF
"Adegan kontroversial di video ini seharusnya dihindari, menurut saya tidak etis.",NEGATIF
Saya merasa tidak tertarik dengan topik yang diangkat dalam video ini.,NEGATIF
"Bagus sekali video ini, sangat informatif dan membuat saya tertarik terus menonton.",POSITIF
"Pendapat saya tentang video ini positif, sangat menghibur dan menginspirasi.",POSITIF
"Saya setuju dengan pendapat yang disampaikan dalam video ini, sangat relevan.",POSITIF
Video ini terlalu bias dan tidak memberikan sudut pandang yang beragam.,NEGATIF
"Video YouTube ini keren banget, sangat menghibur!",POSITIF
"Saya sangat kecewa dengan isi video ini, terlalu membosankan.",NEGATIF
"Penggunaan musik dalam video ini sangat pas, jadi tambah seru nontonnya.",POSITIF
"Aku merasa video ini kurang informatif, tidak sesuai ekspektasi.",NEGATIF
"Wow, saya terharu melihat video ini, sangat menginspirasi!",POSITIF
"Aneh, video ini menuai banyak dislikes, mungkin kurang menarik.",NEGATIF
"Saya netral saja dengan video ini, tidak terlalu menarik tapi juga tidak buruk.",NETRAL
"Video ini bikin saya senyum-senyum sendiri, lucu banget!",POSITIF
"Sangat mengecewakan, video ini hanya isinya sampah belaka.",NEGATIF
"Setelah menonton video ini, saya merasa terhibur dan puas.",POSITIF
"Video YouTube ini sangat menghibur, saya suka!",POSITIF
"Wow, video ini memberikan inspirasi baru bagi saya.",POSITIF
"Komentar negatif terlalu banyak di video ini, tidak berkualitas.",NEGATIF
Saya merasa biasa saja dengan konten video ini.,NETRAL
"Subhanallah, video ini begitu mengharukan.",POSITIF
"Saya tidak habis pikir kenapa video ini viral, tidak masuk akal.",NEGATIF
"Aduh, penggunaan musik pada video ini terlalu keras.",NEGATIF
"Video ini bikin saya senyum-senyum sendiri, lucu banget.",POSITIF
Saya merasa tidak terkoneksi dengan konten video ini sama sekali.,NEGATIF
Konten di video ini kurang menarik dan membosankan menurut saya.,NEGATIF
Reaksi pengguna lain terhadap video ini cukup bervariasi.,NETRAL
"Saya terkesan dengan kualitas produksi video ini, sangat bagus!",POSITIF
Saya kecewa karena video ini hanya mengulang hal-hal yang sudah sering dilihat.,NEGATIF
Video ini banyak mendapat pujian dari para penontonnya.,POSITIF
Saya merasa video ini tidak memberikan informasi yang relevan.,NEGATIF
Pengguna lain sepertinya sangat terhibur dengan video ini.,POSITIF
Saya merasa video ini terlalu panjang dan kurang fokus.,NEGATIF
Ternyata video ini menuai kontroversi di kalangan penontonnya.,NETRAL
Video YouTube ini sangat menginspirasi saya untuk belajar lebih banyak!,POSITIF
"Reaksi para penonton di video ini lucu sekali, saya sampai terpingkal-pingkal!",POSITIF
Saya kecewa karena video yang dijanjikan mengecewakan. Tidak sesuai ekspektasi saya sama sekali.,NEGATIF
"Menurut saya, video ini terlalu bias dan tidak memberikan sudut pandang objektif.",NEGATIF
Saya suka bagaimana kreator video ini menyampaikan informasi secara jelas dan menarik.,POSITIF
Opini yang bertentangan di kolom komentar membuat saya bingung. Tidak bisa memutuskan siapa yang benar.,NETRAL
Reaksi positif penonton terhadap video ini membuat saya senang dan terhibur.,POSITIF
Konten video ini sangat informatif dan memberikan wawasan baru bagi saya. Sangat direkomendasikan!,POSITIF
"Aduh, video ini kok terlalu membosankan ya, kurang menarik",NEGATIF
"Menurut saya video ini biasa saja, tidak terlalu istimewa",NETRAL
"Wow, video ini benar-benar menginspirasi saya, terima kasih!",POSITIF
"Saya merasa kecewa dengan konten video ini, tidak sesuai harapan",NEGATIF
"Saya tidak begitu suka dengan gaya editing video ini, terlalu berlebihan",NEGATIF
"Saya merasa bosan melihat video ini, tidak asyik",NEGATIF
"Pendapat saya tentang video ini lumayan bagus, cukup informatif",NETRAL
"Saya senang melihat reaksi positif orang-orang terhadap video ini, semoga makin viral",POSITIF
Adegan-adegan lucu dalam video ini membuat saya tertawa terbahak-bahak.,POSITIF
Saya kecewa dengan kualitas video yang buram dan suara yang tidak jelas.,NEGATIF
"Saya merasa video ini terlalu panjang dan membosankan, tidak ada poin menariknya.",NEGATIF
"Video ini tidak sepenuhnya relevan dengan judulnya, mengecewakan.",NEGATIF
"Meskipun simpel, video ini memberikan informasi yang berguna dan mudah dipahami.",POSITIF
"Saya merasa terinspirasi setelah menonton video ini, sangat memotivasi!",POSITIF
"Saya netral terhadap video ini, tidak begitu menarik tetapi juga tidak buruk.",NETRAL
Penjelasan di video ini terlalu rumit dan sulit dipahami bagi pemula.,NEGATIF
Saya menyukai gaya penyajian dan editing video yang kreatif.,POSITIF
"Video ini sangat informatif dan menarik, saya suka sekali!",POSITIF
"Kualitas video buruk, sulit untuk menonton dengan jelas.",NEGATIF
"Banyak komentar negatif di bagian bawah video, kontroversial.",NEGATIF
"Tidak ada yang istimewa dari video ini, biasa saja.",NETRAL
Saya jadi lebih paham tentang topik ini setelah menonton video tersebut.,POSITIF
"Adegan pada menit ke-10 sangat menarik, membuat saya terkesan.",POSITIF
Saya merasa kecewa karena video berhenti tiba-tiba tanpa penjelasan.,NEGATIF
Aku merasa kecewa dengan konten video yang kurang bermutu ini.,NEGATIF
"Keren banget video ini, saya suka dengan konsepnya!",POSITIF
"Saya merasa bosan dengan video ini, terlalu klise.",NEGATIF
"Video ini berhasil membuat saya tertawa sepanjang hari, lucu banget!",POSITIF
Komentar negatif yang tidak sopan di video ini membuat saya kecewa.,NEGATIF
"Biasa saja video ini, tidak terlalu menarik perhatian saya.",NETRAL
"Sangat terharu melihat video ini, membuat saya menitikkan air mata.",POSITIF
"Video ini penuh dengan kontroversi yang tidak perlu, tidak suka.",NEGATIF
"Saya merasa video ini memberikan informasi yang berguna, terima kasih!",POSITIF
"Kualitas konten video YouTube ini sangat buruk, tidak direkomendasikan.",NEGATIF
Banyak sekali iklan yang mengganggu dalam video ini.,NEGATIF
"Sangat menarik dan informatif, saya jadi lebih paham setelah menontonnya.",POSITIF
Saya tidak suka gaya editing yang terlalu berlebihan dalam video ini.,NEGATIF
"Menarik, tapi terlalu banyak konten sponsor.",NEGATIF
Saya merasa biasa-biasa saja setelah menonton video ini.,NETRAL
"Kualitas video-nya buruk banget, susah banget untuk ditonton.",NEGATIF
"Banyak iklan yang mengganggu saat menonton video, sangat mengganggu.",NEGATIF
"Ternyata video ini viral di media sosial, keren banget!",POSITIF
Saya merasa bingung dengan pesan yang disampaikan dalam video ini.,NETRAL
"Saya jadi tertawa terpingkal-pingkal saat menonton video ini, lucu banget!",POSITIF
"Youtuber ini terlalu banyak sekali mengumbar konten clickbait, tidak suka.",NEGATIF
"Video ini sangat menginspirasi, membuat saya termotivasi untuk berkarya lebih baik.",POSITIF
"Video YouTube ini sangat menginspirasi, saya jadi lebih semangat!",POSITIF
"Wow, video ini benar-benar menghibur! Terima kasih sudah membuatnya",POSITIF
Apa sih yang menarik dari video ini? Saya bingung kenapa banyak yang suka,NEGATIF
"Setelah menonton video ini, saya jadi ingin mencoba hal baru. Sangat menginspirasi",POSITIF
"Saya merasa bosan dengan video ini, terlalu klise dan tidak orisinal",NEGATIF
"Saya netral tentang video ini, tidak terlalu suka namun juga tidak benci",NETRAL
"Kualitas video buruk, tidak jelas, saya sarankan untuk perbaiki",NEGATIF
"Wow! Video ini keren banget, saya jadi senang setelah menontonnya",POSITIF
"Saya merasa terhibur dengan video ini, bagus sekali!",POSITIF
Apa sih yang menarik dari video ini? Saya kurang paham,NEGATIF
"Video ini memberikan wawasan baru bagi saya, sangat informatif",POSITIF
Tidak terlalu suka dengan gaya penyampaian dari pembuat video ini,NEGATIF
"Video menarik, tapi sayangnya terlalu pendek",NETRAL
"Video ini sangat menginspirasi, saya terharu melihatnya",POSITIF
Saya merasa bosan dengan konten video yang monoton seperti ini,NEGATIF
Wow! Saya tidak bisa berhenti tertawa melihat video lucu ini,POSITIF
"Saya merasa kecewa dengan ending video, sangat membingungkan",NEGATIF
"Video ini memberikan informasi yang sangat bermanfaat, terima kasih",POSITIF
Saya tidak suka gaya editing yang dipakai dalam video ini,NEGATIF
Saya sangat terkesan dengan kreativitas pembuat video ini,POSITIF
"Video ini sangat mengganggu, saya tidak bisa fokus saat menontonnya",NEGATIF
"Video YouTube ini sangat informatif dan menarik, saya suka dengan kontennya.",POSITIF
"Aduh, video ini terlalu panjang dan membosankan, saya kesulitan untuk menonton sampai akhir.",NEGATIF
"Saya merasa terhibur dan senang setelah menonton video ini, keren!",POSITIF
"Kualitas video kurang bagus, sulit untuk melihat detailnya dengan jelas.",NEGATIF
"Menurut saya, video ini biasa saja, tidak begitu spesial.",NETRAL
"Saya sangat terinspirasi dengan isi video ini, semangat untuk berkarya!",POSITIF
Saya kecewa dengan konten video yang kurang berkualitas dan tidak sesuai ekspektasi.,NEGATIF
"Video ini cukup menghibur, namun saya harap ada improvement untuk konten selanjutnya.",NETRAL
Saya merasa terkesan dengan kepiawaian pembuat video dalam menyampaikan informasi.,POSITIF
"Sangat menarik melihat reaksi netizen pada video ini, kontroversial tapi mengundang diskusi.",NETRAL
"Video YouTube ini sangat menginspirasi saya, saya merasa terharu saat menontonnya.",POSITIF
"Saya tidak suka dengan video ini, terlalu membosankan dan tidak informatif.",NEGATIF
"Menurut saya, video ini memberikan informasi yang berguna dan menarik.",POSITIF
"Sangat kecewa dengan konten video ini, tidak sesuai dengan ekspektasi saya.",NEGATIF
"Video YouTube ini biasa saja, tidak terlalu menarik tetapi juga tidak buruk.",NETRAL
"Saya suka cara penyampaiannya, video ini membuat saya tertawa sepanjang durasi.",POSITIF
"Tidak bisa berhenti menonton video ini, sangat keren dan informatif!",POSITIF
Saya merasa kesal karena banyak iklan yang mengganggu dalam video ini.,NEGATIF
"Video YouTube ini membuat saya terinspirasi untuk mencoba hal baru, sangat bagus!",POSITIF
"Kualitas video buruk, terlalu banyak noise dan kurang jelas.",NEGATIF
Saya merasa kecewa dengan kualitas video dan konten yang disajikan. Kurang menarik.,NEGATIF
Reaksi pengguna lain terhadap video ini membuat saya tertawa terpingkal-pingkal. Lucu sekali!,POSITIF
Komentar-komentar negatif di bawah video membuat saya merasa sedih. Tidak semua orang bisa menghargai karya orang lain.,NEGATIF
Saya merasa biasa-biasa saja dengan video ini. Tidak terlalu menarik tapi juga tidak buruk.,NETRAL
Banyak informasi berguna yang saya dapatkan dari video ini. Terima kasih kepada pembuatnya!,POSITIF
Saya bingung dengan reaksi positif yang begitu berlebihan terhadap video ini. Saya tidak melihat keistimewaannya.,NEGATIF
Video ini cukup menghibur meskipun terlalu panjang. Seharusnya lebih disesuaikan durasinya.,NETRAL
Saya sangat terinspirasi setelah menonton video ini. Semangat untuk terus berkarya!,POSITIF
Saya merasa kesal karena ada banyak iklan yang mengganggu saat menonton video ini. Kurang nyaman.,NEGATIF
"Video YouTube ini sangat informatif dan bermanfaat bagi saya, saya suka sekali!",POSITIF
Mengapa video ini viral? Saya tidak melihat hal istimewa dari kontennya.,NEGATIF
"Saya merasa terhibur dan senang setelah menonton video ini, sangat bagus!",POSITIF
"Isi video terlalu bertele-tele dan tidak fokus, membuat saya cepat bosan.",NEGATIF
Menarik sekali! Saya jadi ingin mencoba hal-hal baru setelah menonton video ini.,POSITIF
Saya kecewa karena judul video menjanjikan sesuatu yang tidak sesuai dengan isi sebenarnya.,NEGATIF
"Video ini biasa saja, tidak terlalu menginspirasi atau menarik perhatian saya.",NETRAL
"Saya sangat terkesan dengan kreativitas pembuat video ini, sangat menghibur!",POSITIF
"Saya merasa tersentuh dengan cerita yang disampaikan dalam video ini, sangat menginspirasi.",POSITIF
"Sayang sekali video ini terlalu panjang, membuat saya tidak sabar untuk menonton sampai akhir.",NEGATIF
"Isi video kurang menarik, saya merasa bosan menontonnya",NEGATIF
"Saya kagum dengan keahlian editing di video ini, sangat profesional",POSITIF
Komentar-komentar negatif di kolom video membuat saya kehilangan semangat,NEGATIF
"Video ini memberikan pandangan baru yang menarik, saya suka dengan ide-idenya",POSITIF
Apa sih yang bagus dari video ini? Saya tidak melihat nilai tambahnya,NEGATIF
Pengguna lain terlalu banyak yang membanding-bandingkan video ini dengan karya lain,NEGATIF
"Video ini kurang memberikan informasi yang jelas, saya bingung dengan maksudnya",NEGATIF
"Menurut saya, video ini biasa saja, tidak ada yang istimewa",NETRAL
"Video YouTube ini sangat menginspirasi, saya merasa antusias untuk menonton video berikutnya.",POSITIF
"Saya kecewa dengan konten video ini, menurut saya kurang bermutu dan tidak informatif.",NEGATIF
Reaksi positif dari pengguna lain membuat saya tertarik untuk menonton video tersebut.,POSITIF
"Kualitas video sangat buruk, sulit untuk menikmati konten yang disajikan.",NEGATIF
Saya senang melihat respon positif yang diberikan oleh pengguna lain terhadap video ini.,POSITIF
Saya merasa kecewa karena video tersebut terlalu banyak iklan yang mengganggu.,NEGATIF
"Video ini berhasil membuat saya tertawa terbahak-bahak, sangat lucu!",POSITIF
"Pendapat saya tentang video ini cukup biasa, tidak terlalu istimewa.",NETRAL
"Saya sangat terinspirasi oleh pesan yang disampaikan dalam video ini, sangat positif!",POSITIF
"Saya kecewa dengan konten video ini, terlalu banyak clickbait!",NEGATIF
"Wow, video ini sungguh kreatif dan menghibur. Saya suka sekali!",POSITIF
"Isi video kurang informatif, saya harap ada penjelasan yang lebih detail.",NEGATIF
"Video ini berhasil membuat saya tertawa terbahak-bahak, terima kasih!",POSITIF
Saya merasa terharu setelah menonton video ini. Sangat menyentuh hati.,POSITIF
"Kualitas video buruk, sulit untuk menikmatinya dengan baik.",NEGATIF
"Saya merasa bosan saat menonton video ini, tidak menarik sama sekali.",NEGATIF
"Video YouTube ini membantu saya belajar hal baru, sangat bermanfaat!",POSITIF
"Video YouTube ini sangat menghibur dan lucu, saya terhibur sekali menontonnya!",POSITIF
"Merasa kecewa karena judul video menipu, isinya tidak sesuai dengan ekspektasi",NEGATIF
"Wow, video ini memberikan wawasan baru bagi saya, sangat informatif!",POSITIF
Saya merasa terganggu dengan iklan yang terlalu sering muncul di tengah video,NEGATIF
"Sangat menyentuh hati, video ini mengajarkan banyak hal tentang kehidupan",POSITIF
"Kualitas video jelek, gambarnya buram dan suaranya tidak jelas",NEGATIF
"Saya setuju dengan pendapat yang disampaikan di video ini, sangat relevan dengan kondisi saat ini",POSITIF
Komentar-komentar negatif di bawah video membuat saya kehilangan minat menonton,NEGATIF
"Video ini bikin saya baper, ceritanya sangat menyentuh",POSITIF
"Video YouTube ini sangat menginspirasi, saya merasa terhibur setelah menontonnya",POSITIF
"Saya kecewa dengan konten video ini, terlalu banyak clickbait dan kurang berkualitas",NEGATIF
"Reaksi penonton terhadap video ini luar biasa positif, banyak yang memberikan pujian",POSITIF
"Saya merasa netral terhadap video ini, tidak terlalu menarik namun juga tidak buruk",NETRAL
"Opini saya tentang video ini negatif, terlalu banyak iklan yang mengganggu",NEGATIF
"Video YouTube ini kontroversial, memicu berbagai pandangan dari penonton",NETRAL
"Saya sangat senang dengan isi video ini, sangat informatif dan menghibur",POSITIF
"Opini saya tentang video ini positif, membuat saya terinspirasi untuk membuat konten sendiri",POSITIF
"Banyak komentar negatif terhadap video ini, kontroversi muncul di media sosial",NEGATIF
"Saya merasa tidak puas dengan durasi video ini, terlalu singkat dan kurang lengkap",NEGATIF
"Aku merasa kecewa dengan isi video YouTube ini, tidak sesuai ekspektasi",NEGATIF
"Menurutku video YouTube ini biasa saja, tidak terlalu menarik",NETRAL
"Saya terinspirasi dengan pesan yang disampaikan dalam video ini, sangat bagus!",POSITIF
"Ulasan video ini sangat kontroversial, saya bingung harus percaya siapa",NETRAL
"Video YouTube ini penuh dengan clickbait, sangat mengecewakan",NEGATIF
"Saya jadi penasaran ingin mencoba hal yang ditunjukkan dalam video ini, seru!",POSITIF
Saya merasa terhibur dan senang setelah menonton video YouTube ini,POSITIF
Video ini sangat informatif dan membantu saya memahami topik tersebut dengan lebih baik,POSITIF
"Tidak bisa dipungkiri bahwa video ini kontennya menarik, saya suka",POSITIF
"Saya kecewa dengan konten video ini, terlalu banyak iklan yang mengganggu",NEGATIF
"Reaksi penonton di video ini lucu banget, bikin ngakak!",POSITIF
Isi video kurang bermanfaat dan terlalu bertele-tele,NEGATIF
"Aku merasa terinspirasi setelah menonton video ini, keren banget!",POSITIF
"Video ini penuh dengan kontroversi, saya jadi bingung sebenarnya bagaimana",NEGATIF
"Opini penonton sangat beragam, ada yang setuju dan ada yang tidak",NETRAL
"Video ini sangat informatif, saya jadi tahu hal baru setelah menontonnya",POSITIF
Kualitas video yang rendah membuat saya malas menonton sampai selesai,NEGATIF
"Saya tidak terlalu peduli dengan konten jenis ini, cukup biasa saja",NETRAL
"Video YouTube ini sangat menginspirasi, saya jadi semangat untuk berkarya lebih banyak lagi.",POSITIF
Reaksi saya ketika menonton video ini: 😂👍,POSITIF
"Isi video cukup informatif, saya jadi tahu banyak hal baru setelah menontonnya.",POSITIF
"Kualitas video buruk, terlalu gelap dan suaranya tidak jelas.",NEGATIF
Merasa tertipu karena judul video tidak sesuai dengan isi sebenarnya.,NEGATIF
"Video ini membosankan, saya tidak bisa menontonnya sampai selesai.",NEGATIF
Saya setuju dengan pendapat yang disampaikan dalam video tersebut.,POSITIF
"Reaksi saya campur aduk setelah menonton video ini, ada bagian yang lucu tapi ada juga yang mengganggu.",NETRAL
"Saya merasa bosan dengan konten video YouTube itu, tidak menarik",NEGATIF
"Wow, video YouTube ini lucu banget, bikin senyum sepanjang hari!",POSITIF
"Saya kecewa dengan isi video YouTube tersebut, tidak sesuai ekspektasi",NEGATIF
"Menurut saya, video YouTube ini informatif dan bermanfaat",POSITIF
"Saya tidak suka gaya editing video YouTube itu, terlalu berlebihan",NEGATIF
"Netizen sangat antusias dengan video YouTube ini, banyak yang share",POSITIF
"Saya tidak setuju dengan pendapat dalam video tersebut, kontroversial",NEGATIF
Cara penyampaian informasi dalam video YouTube ini terstruktur dengan baik,POSITIF
"Saya merasa video YouTube tersebut kurang menarik, membosankan",NEGATIF
Video YouTube ini sangat menginspirasi! Saya suka sekali dengan kontennya.,POSITIF
"Saya kecewa dengan video ini, isinya tidak sesuai dengan yang dijanjikan di judul.",NEGATIF
Komentar-komentar negatif di video ini membuat saya sedih.,NEGATIF
"Wow, video YouTube ini benar-benar menghibur. Terima kasih telah membuatnya.",POSITIF
"Saya merasa video ini biasa saja, tidak terlalu menarik perhatian.",NETRAL
"Saya senang melihat video ini, sangat informatif dan mengedukasi.",POSITIF
"Pengaturan kamera dalam video ini membuat saya pusing, tolong diperbaiki.",NEGATIF
"Saya setuju dengan pendapat pembuat video, ide-ide mereka luar biasa.",POSITIF
"Sangat mengecewakan, video ini hanya berisi iklan dan tidak ada konten yang bermanfaat.",NEGATIF
Bagus sekali! Saya tidak bisa berhenti menonton video ini.,POSITIF
"Adegan kontroversial dalam video tersebut sangat tidak pantas, saya merasa terganggu",NEGATIF
"Wow, jumlah view video ini sudah mencapai 1 juta dalam satu hari, luar biasa!",POSITIF
Saya merasa kecewa karena isi video tidak sesuai dengan judulnya yang menarik,NEGATIF
"Tema video ini sangat relevan dengan kebutuhan penonton, sangat bagus",POSITIF
Saya tidak suka gaya editing yang terlalu berlebihan dalam video tersebut,NEGATIF
Komentar positif dari banyak penonton membuktikan video ini keren banget!,POSITIF
"Saya merasa terharu melihat ending dari video tersebut, sangat menyentuh",POSITIF
"Video YouTube ini terlalu panjang dan membuat saya bosan, kurang bagus",NEGATIF
"Video ini sangat menghibur dan kreatif, saya suka sekali!",POSITIF
"Konten video kurang menarik, terlalu biasa saja menurut saya.",NEGATIF
"Saya terharu melihat video ini, isinya sangat menyentuh hati.",POSITIF
"Video ini penuh dengan kontroversi, saya merasa tidak nyaman menontonnya.",NEGATIF
"Komentar positif banyak sekali di video ini, patut diacungi jempol!",POSITIF
"Adegan lucu di video membuat saya terpingkal-pingkal, keren banget!",POSITIF
Kritik pedas dari penonton membuat video ini semakin menarik perhatian.,POSITIF
Saya merasa bosan dengan isi video yang monoton dan tidak inovatif.,NEGATIF
"Reaksi netizen terhadap video ini beragam, ada yang suka dan ada yang tidak.",NETRAL
"Konten di video tersebut tidak sesuai ekspektasi saya, mengecewakan",NEGATIF
Reaksi pengguna di komentar video ini sangat positif dan mendukung,POSITIF
"Saya merasa bosan dengan video tersebut, tidak menarik",NEGATIF
Tanggapan penonton terhadap video ini terbagi antara suka dan tidak suka,NETRAL
"Video ini menarik perhatian saya sejak menit pertama, keren!",POSITIF
Saya merasa terhibur dan senang setelah menonton video tersebut,POSITIF
"Isi video terlalu dangkal dan tidak informatif, kecewa",NEGATIF
Banyak orang sepertinya tidak puas dengan konten video ini,NEGATIF
"Reaksi netizen terhadap video tersebut cukup beragam, menarik untuk dilihat",NETRAL
Video YouTube ini sangat menginspirasi saya untuk belajar hal baru.,POSITIF
"Saya sangat kecewa dengan isi video YouTube ini, tidak sesuai dengan judulnya.",NEGATIF
"Wow, video YouTube ini benar-benar menghibur dan membuat saya tertawa sepanjang hari.",POSITIF
Isi video YouTube kurang informatif dan terlalu banyak iklan.,NEGATIF
Saya merasa terharu dengan pesan yang disampaikan dalam video ini.,POSITIF
"Video YouTube ini terlalu panjang dan membosankan, sulit untuk saya habiskan.",NEGATIF
Saya merasa jengkel dengan komentar negatif yang ada di video ini.,NEGATIF
Video YouTube ini memberikan wawasan baru dan memperluas pandangan saya.,POSITIF
"Reaksi warganet terhadap video ini ramai sekali, banyak yang memberikan komentar positif",POSITIF
"Kualitas video terlalu rendah, sulit untuk menonton dengan jelas",NEGATIF
"Saya netral terhadap video ini, tidak terlalu tertarik namun juga tidak merasa jengah",NETRAL
"Semua orang seharusnya menonton video ini, sangat menghibur dan memberi pengetahuan baru",POSITIF
"Video ini kurang memiliki substansi, terlalu banyak hal yang tidak perlu ditampilkan",NEGATIF
"Setelah menonton video ini, saya merasa lebih termotivasi untuk melakukan hal-hal baru",POSITIF
Komentar-komentar negatif di kolom video membuat suasana menjadi tidak menyenangkan,NEGATIF
"Saya tidak begitu paham dengan konten video ini, terlalu rumit untuk dipahami",NETRAL
"Saya kecewa dengan konten video YouTube ini, tidak sesuai ekspektasi",NEGATIF
"Wow, video YouTube ini benar-benar lucu dan menghibur! Terima kasih sudah mengupload",POSITIF
"Sangat menyedihkan melihat komentar negatif di bawah video ini, semoga pembuatnya tidak terpengaruh",NEGATIF
"Menantang untuk menyaksikan video YouTube yang penuh misteri ini, membuat penasaran terus",POSITIF
"Kualitas video buruk, mohon perbaiki agar lebih nyaman ditonton",NEGATIF
"Saya setuju dengan pendapat dalam video ini, sangat informatif dan relevan",POSITIF
"Konten video yang membosankan, tidak ada hal menarik yang ditampilkan",NEGATIF
"Saya merasa biasa-biasa saja dengan video ini, tidak terlalu menarik tapi juga tidak buruk",NETRAL
"Video YouTube ini sungguh menggetarkan hati, setiap detiknya penuh emosi",POSITIF
"Konten video kurang menarik, terlalu banyak iklan di tengah-tengah",NEGATIF
"Saya suka banget dengan gaya editing videonya, keren!",POSITIF
"Para pembuat video ini sangat kreatif, thumbs up!",POSITIF
"Saya merasa bosan dengan isi video yang monoton, perlu variasi lebih",NEGATIF
"Aku merinding melihat adegan menegangkan dalam video ini, seru banget!",POSITIF
"Komentar pengguna di kolom komentar banyak yang tidak sopan, membuat saya jengkel",NEGATIF
"Aku sampai menangis melihat momen haru di video tersebut, sangat menyentuh",POSITIF
"Video ini terlalu panjang, sulit untuk dipahami ceritanya",NEGATIF
Saya setuju dengan pendapat pembuat video tentang topik yang dibahas,POSITIF
Adegan lucu di video ini membuat saya tertawa terbahak-bahak,POSITIF
Saya merasa kecewa dengan konten video yang kurang bermutu ini,NEGATIF
"Sudah banyak yang menonton video ini, tapi ternyata tidak sesuai ekspektasi saya",NEGATIF
"Menarik juga isi video ini, saya jadi semakin penasaran dengan channel ini",POSITIF
Komentar-komentar negatif di video ini membuat saya jadi ragu untuk menontonnya,NEGATIF
"Saya setuju dengan pendapat host video ini, sangat informatif dan menginspirasi",POSITIF
"Suasana di video ini terlalu serius, kurang ada unsur humor",NEGATIF
"Sangat menyentuh hati, terima kasih untuk konten yang luar biasa ini",POSITIF
"Kualitas video kurang bagus, terlalu banyak noise dan kurang jelas",NEGATIF
"Adegan kontroversial dalam video ini sangat tidak pantas, seharusnya dihapus.",NEGATIF
"Saya merasa biasa-biasa saja dengan video tersebut, tidak terlalu istimewa.",NETRAL
"Suasana lucu dalam video membuat saya tertawa terpingkal-pingkal, hebat!",POSITIF
"Saya kecewa dengan kualitas editing video, terlalu buruk dan mengganggu.",NEGATIF
Penggunaan musik latar yang pas membuat video ini terasa lebih hidup dan menarik.,POSITIF
Saya merasa terganggu dengan iklan yang terlalu sering muncul di video tersebut.,NEGATIF
Pendapat dari narator video sangat informatif dan membantu memahami konten dengan baik.,POSITIF
Saya merasa jenuh karena video tersebut terlalu panjang dan membosankan.,NEGATIF
"Saya merasa video ini cukup menarik, namun kurang memberikan kesan yang mendalam.",NETRAL
"Video YouTube ini sangat menginspirasi, saya senang menontonnya!",POSITIF
"Wow, video YouTube ini keren banget! Saya jadi termotivasi untuk membuat konten sendiri.",POSITIF
"Isi video kurang informatif, saya merasa bosan menontonnya.",NEGATIF
"Menarik juga video YouTube ini, saya suka dengan gaya editingnya.",POSITIF
"Komentar negatif di video ini tidak masuk akal, saya tidak setuju.",NEGATIF
"Video ini biasa saja, tidak terlalu istimewa menurut saya.",NETRAL
Luar biasa! Saya sangat terhibur dengan video YouTube ini.,POSITIF
Saya merasa kecewa karena banyak iklan di tengah-tengah video.,NEGATIF
"Sangat informatif, saya belajar banyak hal baru dari video tersebut.",POSITIF
Apa sih yang bagus dari video ini? Saya nggak ngerti kenapa banyak yang suka.,NEGATIF
"Saya merasa terhibur dengan konten video YouTube ini, senang bisa menghabiskan waktu di sini.",POSITIF
Video ini berpotensi menyesatkan pemirsa dengan informasi yang tidak akurat.,NEGATIF
"Menarik juga video ini, saya jadi ingin mencoba hal-hal baru setelah menontonnya.",POSITIF
"Tidak ada yang istimewa dari video ini, biasa saja menurut saya.",NETRAL
"Komentar yang ada di video ini sangat positif dan mendukung, membuat saya semakin menyukainya.",POSITIF
"Saya tidak suka gaya editing yang digunakan dalam video ini, terlalu mencolok dan mengganggu.",NEGATIF
"Video ini tidak begitu menarik bagi saya, kurang bervariasi dan membosankan.",NEGATIF
"Gak suka sama konten di video ini, terlalu membosankan.",NEGATIF
"Wow, video ini benar-benar menghibur dan lucu banget!",POSITIF
"Menarik banget deh, saya suka dengan semua yang ditampilkan.",POSITIF
"Komentar negatif yang tidak berdasar, video ini keren!",POSITIF
"Saya merasa kecewa dengan isi video, tidak sesuai ekspektasi.",NEGATIF
"Video ini biasa-biasa saja, tidak terlalu menarik perhatian.",NETRAL
"Konten video kurang informatif, butuh improvement.",NEGATIF
Konten pada video tersebut sangat informatif dan berkualitas,POSITIF
"Saya merasa jenuh dengan video ini, terlalu membosankan",NEGATIF
Banyak iklan yang mengganggu saat menonton video tersebut,NEGATIF
Saya merasa biasa-biasa saja dengan konten yang disajikan pada video,NETRAL
Video ini penuh dengan kontroversi yang membuat saya tidak suka,NEGATIF
Saya sangat senang karena video tersebut menghibur saya di saat yang tepat,POSITIF
"Ternyata video ini sangat mengecewakan, tidak sesuai ekspektasi saya",NEGATIF
Saya merasa terhibur dan tertawa terbahak-bahak saat menonton video tersebut,POSITIF
"Isi video terlalu dangkal, tidak memberikan banyak informasi yang berguna",NEGATIF
"Video YouTube ini sangat menginspirasi, saya merasa terharu setelah menontonnya.",POSITIF
"Saya sangat kecewa dengan konten video ini, tidak sesuai dengan ekspektasi saya.",NEGATIF
"Komentar yang disajikan dalam video ini sangat informatif, saya jadi lebih paham tentang topiknya.",POSITIF
Saya merasa frustasi karena kualitas video yang buruk dan informasinya tidak akurat.,NEGATIF
"Video ini menghibur saya di saat sedang bosan, terima kasih uploader!",POSITIF
"Saya merasa video ini terlalu panjang dan membosankan, sulit untuk dipahami.",NEGATIF
"Wow, video ini benar-benar mengubah pandangan saya tentang topik tersebut, sangat menarik!",POSITIF
"Kualitas editing video sangat baik, tapi sayangnya isinya kurang menarik bagi saya.",NETRAL
Saya merasa video ini terlalu promosi dan kurang memberikan informasi yang berguna.,NEGATIF
Video YouTube ini sangat menghibur dan informatif!,POSITIF
"Saya merasa kecewa dengan konten di video ini, terlalu bias dan tidak objektif.",NEGATIF
"Menurut saya, video ini kurang berkualitas dan membosankan.",NEGATIF
"Wow, video YouTube ini luar biasa bagus! Saya merasa terinspirasi.",POSITIF
"Pendapat saya tentang video ini netral, standar saja.",NETRAL
Saya sangat terkesan dengan editing dan cinematography di video ini.,POSITIF
Komentar-komentar negatif di video ini cukup mengganggu.,NEGATIF
"Saya setuju dengan poin-poin yang dijelaskan dalam video, sangat informatif.",POSITIF
Video ini sangat memicu diskusi hebat di kolom komentar.,POSITIF
"Saya tidak suka gaya penyajian host dalam video ini, terlalu sok tahu.",NEGATIF
"Aku bosan dengan konten di video ini, tidak ada hal menarik sama sekali.",NEGATIF
"Wow, sangat kreatif cara penyampaian informasinya. Saya suka!",POSITIF
Sangat kecewa dengan clickbait yang dilakukan di video ini. Tidak sesuai dengan judulnya.,NEGATIF
Video ini membantu saya memahami topik yang sebelumnya sulit dimengerti. Terima kasih banyak!,POSITIF
Saya merasa terhibur dan senang menonton video ini. Menghibur sekali!,POSITIF
"Kualitas video kurang bagus, sulit untuk menonton dengan jelas.",NEGATIF
"Aku netral saja dengan konten di video ini, tidak terlalu menarik bagi saya.",NETRAL
Video ini sangat informatif dan memberikan pandangan yang berbeda. Sangat direkomendasikan!,POSITIF
"Saya merasa kecewa karena video ini terlalu singkat, ingin lebih banyak informasi.",NEGATIF
"Konten video kurang menarik, saya bosan menontonnya",NEGATIF
"Reaksi penonton di video ini lucu banget, saya sampai ketawa ngakak",POSITIF
"Saya kecewa dengan kualitas video dan editingnya, jauh dari ekspektasi",NEGATIF
Aku terharu melihat respon positif semua orang terhadap video ini,POSITIF
Komentar kasar di kolom video membuat suasana jadi tidak nyaman,NEGATIF
Penggunaan musik latar yang pas membuat video ini jadi lebih menarik,POSITIF
Saya merasa kecewa karena isu sensitif diangkat dengan tidak bijak di video ini,NEGATIF
"Opini pengguna terhadap video ini sangat bervariasi, menarik untuk disimak",NETRAL
Kritik yang disampaikan secara konstruktif di komentar video patut diapresiasi,POSITIF
"Saya merasa bosan dengan konten video YouTube ini, tidak ada yang menarik.",NEGATIF
"Reaksi saya ketika menonton video ini adalah terharu, sangat menyentuh hati.",POSITIF
"Opini saya tentang video ini netral, tidak terlalu menarik namun juga tidak jelek.",NETRAL
"Saya sangat kecewa dengan isi video ini, tidak sesuai dengan ekspektasi saya.",NEGATIF
"Video YouTube ini lucu banget, bikin saya ketawa terbahak-bahak!",POSITIF
"Opini saya tentang video ini positif, memberikan wawasan yang berharga.",POSITIF
"Saya merasa terhibur dan senang setelah menonton video ini, bagus!",POSITIF
"Reaksi saya netral terhadap video ini, tidak terlalu berkesan bagi saya.",NETRAL
"Video ini membuat saya frustasi, terlalu banyak iklan dan informasi yang tidak berguna.",NEGATIF
"Video YouTube ini sangat menghibur, saya sangat senang menontonnya!",POSITIF
"Membosankan, saya tidak suka isi video YouTube ini",NEGATIF
"Saya terkejut dengan konten video YouTube ini, sangat unik!",POSITIF
Video YouTube ini menginspirasi saya untuk mencoba hal baru,POSITIF
"Kualitas video YouTube sangat buruk, sulit untuk dinikmati",NEGATIF
"Isi video YouTube ini biasa saja, tidak terlalu menarik",NETRAL
Komentar yang muncul di video YouTube ini sangat negatif,NEGATIF
Saya merasa janggal dengan adegan dalam video YouTube tersebut,NEGATIF
"Tidak terlalu suka, tapi juga tidak benci dengan video ini",NETRAL
Video YouTube ini sangat menginspirasi dan memberikan motivasi yang besar bagi saya. Saya merasa terpacu untuk melakukan hal-hal positif setelah menontonnya.,POSITIF
Saya merasa kecewa dengan kualitas video ini. Terlalu banyak iklan yang mengganggu dan isinya tidak sesuai dengan judulnya.,NEGATIF
"Menurut saya, video YouTube ini biasa saja. Tidak terlalu menarik namun juga tidak buruk. Cukup untuk mengisi waktu luang.",NETRAL
Sangat menyenangkan melihat reaksi positif dari penonton terhadap video ini. Semakin percaya diri untuk terus berkarya!,POSITIF
Adegan kontroversial dalam video ini sangat tidak pantas ditampilkan. Saya merasa tidak nyaman menontonnya.,NEGATIF
Video YouTube ini berhasil membuat saya tertawa sepanjang durasi. Hiburan yang pas untuk melepas penat.,POSITIF
Saya tidak sepenuhnya setuju dengan pendapat pembuat video ini. Ada beberapa informasi yang keliru dan menyesatkan.,NEGATIF
Menarik juga melihat beragam komentar positif dan negatif dari pengguna lain mengenai video ini. Semua punya sudut pandang masing-masing.,NETRAL
Video tutorial yang diunggah sangat membantu saya memahami topik tersebut dengan lebih baik. Terima kasih kepada pembuatnya!,POSITIF
Saya merasa kecewa dengan durasi video yang terlalu pendek. Seharusnya pembuatnya lebih mengembangkan isi konten.,NEGATIF
"Video YouTube ini sangat menginspirasi, saya terinspirasi untuk melakukan hal serupa!",POSITIF
"Saya merasa bosan dengan konten yang dihadirkan dalam video ini, tidak menarik sama sekali.",NEGATIF
"Komentar-komentar negatif yang ada di video ini membuat saya sedih, seharusnya lebih menghargai kreatornya.",NEGATIF
"Video ini berhasil membuat saya tertawa sepanjang durasi, kreatornya sangat kreatif!",POSITIF
"Saya merasa video ini terlalu panjang dan membosankan, kurang efektif dalam menyampaikan pesan.",NEGATIF
"Komentar positif yang banjir di video ini sungguh memotivasi, semoga kreatornya semakin bersemangat!",POSITIF
"Saya merasa video ini biasa saja, tidak terlalu menarik namun juga tidak buruk.",NETRAL
Suara yang tidak jelas dan terdengar cempreng dalam video ini membuat saya tidak betah.,NEGATIF
"Saya sangat terkesan dengan editing yang apik dalam video ini, sungguh profesional!",POSITIF
"Konten video yang dipaparkan cukup informatif, saya jadi tahu hal-hal baru setelah menontonnya.",POSITIF
"Konten di video tersebut kurang menarik, bosan menontonnya.",NEGATIF
"Saya merasa kecewa dengan isi video tersebut, tidak sesuai ekspektasi.",NEGATIF
"Bagus banget video ini, jadi pengen nonton terus!",POSITIF
Komentar negatif di video tersebut membuat saya sedih.,NEGATIF
"Saya tidak terlalu tertarik dengan video ini, biasa saja.",NETRAL
"Setiap video yang diunggah selalu keren, saya suka banget!",POSITIF
"Sejujurnya, saya merasa video ini biasa saja, tidak istimewa.",NETRAL
"Wow, video ini benar-benar lucu, bikin hari-hari jadi lebih cerah",POSITIF
Apa sih yang menarik dari video ini? Saya bingung,NEGATIF
"Terima kasih sudah membagikan video ini, sangat bermanfaat!",POSITIF
"Video ini bikin saya kesal, isinya tidak informatif sama sekali",NEGATIF
"Bagus banget video ini, saya suka dengan penyampaian informasinya",POSITIF
"Saya merasa video ini kurang menarik, tidak seperti yang saya harapkan",NEGATIF
"Saya netral terhadap video ini, tidak terlalu punya pendapat kuat",NETRAL
Apa sih bagusnya video ini? Saya kecewa karena isinya biasa saja,NEGATIF
"Suka banget sama editing video di sini, keren!",POSITIF
Komentar-komentar negatif di video ini bikin suasana jadi buruk,NEGATIF
"Membosankan, tidak ada yang spesial dari video ini",NEGATIF
"Video yang bagus, informatif, dan menghibur sekaligus",POSITIF
"Pertunjukan yang menarik, saya suka konsepnya",POSITIF
"Kualitas video jelek, sulit dinikmati",NEGATIF
"Netral aja, video ini biasa saja, tidak ada yang istimewa",NETRAL
Saya tidak suka dengan gaya penyampaian naratornya.,NEGATIF
Banyak informasi berguna yang saya dapat dari video ini.,POSITIF
"Terlalu banyak iklan di tengah-tengah video, mengganggu.",NEGATIF
Menarik! Saya jadi ingin mencoba hal-hal baru setelah menonton video ini.,POSITIF
"Isi video terlalu dangkal, tidak memberikan nilai tambah.",NEGATIF
Cara penyampaian informasinya sangat jelas dan mudah dipahami.,POSITIF
"Saya kecewa karena durasi video terlalu singkat, ingin tahu lebih banyak.",NEGATIF
"Aku tidak suka dengan gaya editing video yang terlalu berlebihan, terlalu membingungkan",NEGATIF
"Komentar negatif di video ini membuatku sedih, seharusnya kita saling mendukung",NEGATIF
"Video ini berhasil membuatku tertawa sepanjang durasi, kocak banget!",POSITIF
"Saya merasa bosan dengan konten yang monoton seperti ini, butuh sesuatu yang segar",NEGATIF
"Aku terkejut melihat begitu banyak like dan komentar positif, video ini memang layak diapresiasi",POSITIF
"Kualitas video sangat buruk, susah sekali untuk menonton tanpa buffering terus-menerus",NEGATIF
"Saya merasa netral terhadap konten video ini, tidak terlalu menarik tapi juga tidak buruk",NETRAL
"Komentar pedas di bawah video membuat suasana jadi tidak nyaman, seharusnya ada moderasi",NEGATIF
"Saya merasa tersentuh dengan pesan yang disampaikan melalui video ini, sangat menyentuh hati",POSITIF
"Konten di video tersebut tidak sesuai dengan ekspektasi saya, kecewa.",NEGATIF
Reaksi positif dari pengguna lain membuat saya penasaran untuk menonton video tersebut.,POSITIF
"Saya merasa bosan dengan isi video tersebut, tidak ada hal menarik.",NEGATIF
Opini yang beragam dari pengguna membuat diskusi di kolom komentar menjadi seru.,POSITIF
"Saya tidak setuju dengan pendapat yang disampaikan di video tersebut, kontroversial.",NEGATIF
"Video YouTube ini biasa saja, tidak terlalu istimewa.",NETRAL
"Saya terhibur dengan humor yang disajikan di video tersebut, lucu banget!",POSITIF
"Saya merasa terharu dengan cerita yang dibagikan di video ini, sangat menyentuh hati.",POSITIF
"Isi video tersebut kurang informatif dan membosankan, tidak direkomendasikan.",NEGATIF
"Wow, banyak informasi menarik yang saya dapat dari video ini!",POSITIF
Adegan kontroversial dalam video ini seharusnya dihindari.,NEGATIF
"Kualitas video terlalu buruk, sulit untuk menikmatinya.",NEGATIF
"Tidak terlalu menarik bagi saya, kurang bervariasi kontennya.",NETRAL
"Video ini menggugah emosi, sangat menyentuh hati saya.",POSITIF
Aplikasi iklan yang terlalu banyak dalam video membuat saya tidak nyaman.,NEGATIF
Saya suka gaya editing video yang kreatif dan unik.,POSITIF
"Video ini sangat menginspirasi, saya merasa terharu melihatnya",POSITIF
"Kualitas video sangat buruk, susah sekali untuk melihat detailnya",NEGATIF
"Saya suka cara penyampaiannya, sangat menarik",POSITIF
"Isi kontennya tidak sesuai dengan judul, mengecewakan",NEGATIF
Banyak informasi bermanfaat yang saya dapat dari video ini,POSITIF
Adegan-adegan lucu membuat saya tertawa sepanjang video,POSITIF
"Sudut kamera yang digunakan kurang pas, membuat saya pusing",NEGATIF
Komentar-komentar negatif di kolom video membuat saya jengkel,NEGATIF
"Tidak ada yang istimewa dari video ini, biasa saja",NETRAL
"Sangat menyentuh hati, saya merekomendasikan video ini pada teman-teman",POSITIF
Aku merasa kecewa dengan konten video YouTube terbaru dari channel favoritku. Biasanya lebih baik.,NEGATIF
Saya sangat terinspirasi dengan pesan yang disampaikan dalam video ini. Sangat memotivasi!,POSITIF
Tidak suka dengan gaya editing yang terlalu berlebihan dalam video ini. Terlalu membingungkan.,NEGATIF
Video ini membantu saya memahami topik yang sebelumnya sulit. Sangat informatif!,POSITIF
Aku merasa bosan dengan konten video ini. Tidak ada yang baru atau menarik.,NEGATIF
Menarik sekali bagaimana video ini berhasil membuat saya terkesan dan terhibur sekaligus.,POSITIF
Komentar negatif yang tidak perlu di video ini membuat saya kehilangan minat untuk menonton lebih lanjut.,NEGATIF
"Saya netral terhadap video ini, tidak terlalu menarik tapi juga tidak buruk.",NETRAL
Video YouTube favoritku sepanjang masa! Selalu memberikan konten berkualitas dan menghibur.,POSITIF
Saya merasa jenuh dengan konten YouTube yang kurang bermutu seperti ini.,NEGATIF
"Wow, video ini benar-benar menghibur! Terima kasih kepada pembuatnya.",POSITIF
"Opini saya tentang video ini netral, tidak terlalu istimewa namun juga tidak buruk.",NETRAL
"Saya sangat kecewa dengan isi video ini, sangat mengecewakan.",NEGATIF
Merasa terharu melihat reaksi positif penonton terhadap video ini.,POSITIF
"Video ini tidak memberikan informasi yang berguna, saya merasa sia-sia menontonnya.",NEGATIF
"Saya suka betul konsep video ini, sangat kreatif dan menarik!",POSITIF
Komentar-komentar negatif di bawah video ini benar-benar tidak masuk akal.,NEGATIF
Video ini sangat menginspirasi dan memberikan motivasi yang tinggi!,POSITIF
Sangat menyedihkan melihat komentar negatif yang merugikan di video tersebut.,NEGATIF
Video ini membosankan dan tidak memberikan informasi yang berguna.,NEGATIF
Saya terkejut melihat begitu banyak like dan komentar positif di video ini.,POSITIF
"Kualitas video dan editing sangat memukau, saya suka sekali!",POSITIF
Para pengguna seharusnya lebih menghargai usaha orang di balik video ini.,POSITIF
"Saya merasa netral terhadap video ini, tidak terlalu terkesan.",NETRAL
"Saya merasa bosan dengan video YouTube ini, tidak ada hal menarik di dalamnya.",NEGATIF
"Wow, video YouTube ini benar-benar menghibur! Saya suka sekali!",POSITIF
"Sangat kecewa dengan kualitas video YouTube ini, buram dan tidak jelas.",NEGATIF
"Menurut saya, video YouTube ini biasa saja, tidak terlalu menarik.",NETRAL
"Aku merasa terhibur dan tertawa sepanjang video ini, keren banget!",POSITIF
Komentar-komentar negatif di video ini membuat suasana jadi tidak enak.,NEGATIF
"Saya setuju dengan pendapat pembuat video, kontennya sangat informatif!",POSITIF
"Saya tidak paham kenapa video ini begitu populer, menurut saya kurang menarik.",NEGATIF
"Suka dengan gaya editing video YouTube ini, sangat kreatif dan menarik perhatian.",POSITIF
"Video YouTube ini sangat informatif dan menarik, saya suka sekali melihatnya!",POSITIF
"Saya kecewa dengan video YouTube ini, isinya tidak sesuai dengan judulnya.",NEGATIF
"Wow, video YouTube ini benar-benar menginspirasi saya. Terima kasih uploader!",POSITIF
"Saya merasa bosan dengan konten video YouTube ini, terlalu biasa saja.",NEGATIF
"Menurut saya, video YouTube ini cukup menarik meskipun tidak begitu informatif.",NETRAL
"Video YouTube ini sangat lucu, saya terhibur ketika menontonnya.",POSITIF
Sangat kecewa dengan kualitas video dan suara yang buruk. Tidak rekomen!,NEGATIF
"Saya merasa terinspirasi setelah menonton video YouTube ini, keren banget!",POSITIF
"Konten video ini sebenarnya bagus, sayangnya terlalu panjang dan membosankan.",NEGATIF
"Tidak terlalu suka dengan gaya penyampaian dalam video YouTube ini, terasa kaku.",NEGATIF
"Saya merasa kecewa dengan isi konten video ini, tidak sesuai ekspektasi.",NEGATIF
"Reaksi pengguna di video ini lucu banget, bikin ngakak!",POSITIF
"Isi video kurang menarik, tidak bisa menarik perhatian saya sama sekali.",NEGATIF
"Opini saya terhadap video ini cukup netral, tidak terlalu istimewa.",NETRAL
"Saya tidak setuju dengan pandangan yang disampaikan di video ini, kontroversial sekali.",NEGATIF
"Video ini menginspirasi saya untuk melakukan hal-hal baru, terima kasih!",POSITIF
"Saya merasa bosan dengan video ini, tidak ada hal menarik yang ditampilkan.",NEGATIF
Reaksi positif dari pengguna lain membuat saya tertarik untuk menonton video ini.,POSITIF
"Saya merasa video ini biasa saja, tidak terlalu spesial bagiku.",NETRAL
"Sangat kecewa dengan konten video ini, tidak ada makna sama sekali.",NEGATIF
"Aduh, video lucu banget! Bikin ngakak terus.",POSITIF
"Saya merasa jengkel melihat video ini, terlalu banyak iklan.",NEGATIF
"Suka banget sama video ini, sangat informatif dan berguna!",POSITIF
"Kurang puas dengan kualitas video, terlalu buram gambarnya.",NEGATIF
"Netizen ramai membicarakan video ini, sepertinya kontroversial.",NETRAL
Keren banget videonya! Sangat kreatif dan menghibur.,POSITIF
"Membosankan, video ini tidak sepadan dengan waktu yang dihabiskan.",NEGATIF
"Konten video-nya menarik, tapi sayang terlalu pendek.",NETRAL
"Adegan di video itu kontroversial, sebaiknya dihindari.",NEGATIF
Saya tidak suka gaya editing yang digunakan dalam video tersebut.,NEGATIF
"Video ini membuat saya tertawa sepanjang hari, keren!",POSITIF
Pendapat dari narator dalam video sangat informatif.,POSITIF
Saya merasa bosan karena terlalu banyak video serupa di platform ini.,NEGATIF
Saya ikut senang dengan kesuksesan channel YouTube ini.,POSITIF
"Video YouTube ini sangat menghibur dan lucu, saya suka sekali menontonnya!",POSITIF
"Pengambilan gambar dalam video sangat indah dan menakjubkan, saya terkesan!",POSITIF
"Saya merasa kecewa dengan konten video ini, terlalu biasa dan membosankan.",NEGATIF
"Wow, video ini benar-benar menginspirasi saya untuk melakukan hal serupa!",POSITIF
"Saya tidak suka dengan gaya editing yang dipakai dalam video, terlalu berantakan.",NEGATIF
Suara yang jelas dan pengunggahan video berkualitas tinggi membuat saya senang.,POSITIF
"Konten video ini tidak informatif sama sekali, saya merasa sia-sia menontonnya.",NEGATIF
"Video ini berhasil membuat saya tertawa terbahak-bahak, terima kasih atas hiburannya!",POSITIF
"Saya merasa kecewa dengan konten video ini, tidak sesuai harapan saya",NEGATIF
"Menurut saya, video ini memberikan informasi yang sangat berguna",POSITIF
"Tidak bisa berhenti tertawa saat menonton video ini, keren!",POSITIF
Saya merasa terganggu dengan iklan yang terlalu sering muncul di video ini,NEGATIF
Sangat menarik melihat tanggapan positif dari banyak orang terhadap video ini,POSITIF
Saya tidak suka dengan gaya penyampaian pembawa acara dalam video tersebut,NEGATIF
Video ini membuat saya merasa terinspirasi untuk mencoba hal baru,POSITIF
Isi video terlalu dangkal dan tidak memberikan informasi yang berarti,NEGATIF
"Saya netral terhadap video ini, tidak begitu tertarik namun juga tidak membencinya",NETRAL
"Video YouTube itu sangat menghibur dan lucu, saya suka sekali!",POSITIF
"Sayang sekali video ini tidak sesuai dengan ekspektasi saya, kurang menarik",NEGATIF
"Reaksi pengguna di video tersebut sangat menggemaskan, membuat saya senang",POSITIF
"Saya merasa kecewa dengan konten yang diunggah, kurang informatif",NEGATIF
"Opini saya tentang video ini netral, tidak terlalu suka tapi tidak juga benci",NETRAL
"Video tersebut sangat inspiratif, saya terkesan dengan pesan yang disampaikan",POSITIF
"Reaksi negatif pengguna membuat suasana jadi tegang, tidak menyenangkan",NEGATIF
"Saya tertarik dengan gaya editing video, sangat kreatif dan unik",POSITIF
"Opini mayoritas pengguna terhadap video ini positif, sangat disukai banyak orang",POSITIF
Komentar pengguna yang tidak sopan membuat saya merasa tidak nyaman menontonnya,NEGATIF
"Video YouTube ini sangat menghibur dan menginspirasi, saya suka sekali!",POSITIF
"Isi video-nya tidak sesuai dengan judul, mengecewakan.",NEGATIF
"Wow, banyak informasi bermanfaat dalam video ini, terima kasih uploader!",POSITIF
"Kualitas video buruk, jadi tidak enak ditonton.",NEGATIF
"Saya merasa netral tentang video ini, tidak terlalu menarik atau membosankan.",NETRAL
"Video ini bikin saya senang, terutama bagian akhirnya yang lucu!",POSITIF
"Ulasan yang diberikan dalam video tidak berimbang, tidak objektif.",NEGATIF
"Saya merasa terinspirasi setelah menonton video ini, bagus sekali.",POSITIF
"Cara penyampaian informasi dalam video terlalu membosankan, kurang interaktif.",NEGATIF
"Video ini sangat menginspirasi, saya jadi semangat untuk mencoba hal baru!",POSITIF
Saya sangat kecewa dengan konten video yang kurang bermutu seperti ini.,NEGATIF
"Menarik sekali video ini, saya belajar banyak hal darinya.",POSITIF
Saya merasa tidak nyaman dengan komentar-komentar negatif di video ini.,NEGATIF
"Video ini lucu banget, selalu bikin saya ketawa tiap nonton.",POSITIF
Saya merasa video ini terlalu mainstream dan tidak orisinal.,NEGATIF
"Netral saja tentang video ini, tidak terlalu mempengaruhi saya secara emosional.",NETRAL
"Saya sangat terkesan dengan kualitas produksi video ini, sangat professional.",POSITIF
"Konten video yang membosankan dan tidak informatif, sangat mengecewakan.",NEGATIF
"Saya setuju dengan pesan yang disampaikan dalam video ini, sangat relevan.",POSITIF
Apa sih yang menarik dari video ini? Saya merasa bosan dan tidak mendapatkan apa-apa.,NEGATIF
Sangat keren! Saya jadi semangat untuk membuat video sendiri setelah menonton ini.,POSITIF
Isi video tidak sesuai dengan judulnya. Menyesatkan!,NEGATIF
Video ini membantu saya memahami topik yang kompleks dengan cara yang sederhana. Terima kasih!,POSITIF
Saya merasa kecewa karena ada banyak iklan yang mengganggu dalam video tersebut.,NEGATIF
Luar biasa bagusnya video ini membuat saya terkagum-kagum!,POSITIF
"Kualitas video jelek, suaranya pecah-pecah. Tidak bisa menonton sampai selesai.",NEGATIF
"Netral saja, tidak terlalu suka atau benci pada video ini.",NETRAL
Video ini menarik perhatian saya sejak menit pertama. Sangat bagus!,POSITIF
"Saya sangat senang dengan video ini, sangat menghibur!",POSITIF
"Video ini tidak sesuai dengan ekspektasi saya, kurang menarik",NEGATIF
"Menurut saya, video ini sangat informatif dan menginspirasi",POSITIF
Adegan kontroversial dalam video ini membuat saya tidak nyaman,NEGATIF
"Reaksi saya setelah menonton video ini netral, tidak terlalu terkesan",NETRAL
"Sangat mengecewakan, video ini hanya isinya promosi produk",NEGATIF
"Tidak menyangka video ini bisa sebagus itu, sangat keren!",POSITIF
Saya merasa terhibur dan tertawa terus saat menonton video ini,POSITIF
"Kualitas video kurang bagus, sulit untuk dinikmati",NEGATIF
"Setelah menonton video ini, saya merasa kecewa karena isinya tidak sesuai dengan judulnya.",NEGATIF
Reaksi netizen terhadap video ini positif banget! Banyak yang terinspirasi.,POSITIF
"Opini saya tentang video ini cukup netral, tidak terlalu mengesankan.",NETRAL
"Video ini kontroversial, banyak yang setuju dan banyak yang menentangnya.",NETRAL
"Saya merasa terhibur dan tertawa terus saat menonton video ini, bagus sekali!",POSITIF
"Reaksi pengguna yang menonton video ini sangat beragam, ada yang suka dan ada yang benci.",NETRAL
"Video ini menarik perhatian saya sejak menit pertama, keren banget!",POSITIF
"Setelah menonton video ini, saya merasa janggal dan tidak puas dengan kontennya.",NEGATIF
"Saya merasa terharu dan terinspirasi setelah menonton video ini, sangat bagus!",POSITIF
Video ini sangat menginspirasi! Saya terkesan dengan kontennya.,POSITIF
"Sangat kecewa dengan video ini, isinya sangat membosankan.",NEGATIF
"Menurut saya, video ini biasa saja. Tidak ada yang istimewa.",NETRAL
"Wow, video ini membuat saya tertawa terbahak-bahak! Lucu banget!",POSITIF
Saya merasa terhibur setelah menonton video ini. Bagus!,POSITIF
"Kualitas video jelek, gak jelas sama sekali. Kecewa.",NEGATIF
"Saya suka bagian di menit ke-5, sangat menggugah hati.",POSITIF
"Video ini terlalu panjang, bikin bosan. Tidak rekomen.",NEGATIF
Komentar pengguna di video ini penuh dengan toksik! Jijik.,NEGATIF
"Saya setuju dengan pendapat host video, sangat informatif.",POSITIF
"Aneh banget video ini, tidak jelas isinya dan tidak membawa manfaat",NEGATIF
"Sangat kreatif dan lucu, saya suka banget!",POSITIF
"Video ini terlalu panjang dan membosankan, tidak sanggup menonton sampai akhir",NEGATIF
"Menarik sekali konten video ini, saya belajar banyak hal baru",POSITIF
"Isi video kurang informatif, tidak sesuai ekspektasi saya",NEGATIF
"Cara penyampaiannya menarik, tapi sayangnya terlalu banyak iklan",NEGATIF
"Video ini mengundang perasaan haru, saya jadi terinspirasi untuk berbuat kebaikan",POSITIF
"Kualitas video jelek, gambarnya pecah dan suaranya tidak jelas",NEGATIF
Keren banget! Saya ingin menonton video ini berulang kali,POSITIF
"Wow, video ini keren banget! Saya jadi ingin menontonnya lagi",POSITIF
"Isi video terlalu membosankan, saya tidak tertarik sama sekali",NEGATIF
"Saya merasa video ini biasa saja, tidak terlalu menarik perhatian saya",NETRAL
"Setelah menonton video ini, saya jadi ingin mengikuti channel penguploadnya",POSITIF
Komentar-komentar negatif di video ini membuat saya jadi tidak suka,NEGATIF
"Video ini memberikan perspektif baru yang menarik, saya suka dengan kontennya",POSITIF
"Kualitas video sangat buruk, saya kesal telah menyia-nyiakan waktu menontonnya",NEGATIF
"Saya merasa netral terhadap video ini, tidak ada yang istimewa menurut saya",NETRAL
"Aku suka banget gaya editingnya, keren!",POSITIF
Komentar-komentar negatif di video ini bikin sedih,NEGATIF
"Video ini membuat saya tertawa sepanjang malam, lucu banget",POSITIF
"Isi kontennya membosankan, tidak memberikan informasi yang berguna",NEGATIF
"Aku netral saja tentang video ini, biasa-biasa saja",NETRAL
"Saya merasa terharu setelah menonton video ini, sangat menginspirasi",POSITIF
"Aneh, banyak yang suka padahal menurutku tidak istimewa",NEGATIF
Saya setuju dengan pendapat yang disampaikan dalam video tersebut,POSITIF
"Konten video kurang menarik dan terlalu biasa saja, kurang kreatif.",NEGATIF
Saya terkesan dengan kualitas editing video yang sangat profesional.,POSITIF
Apa sih yang menarik dari video ini? Saya jadi penasaran kenapa banyak yang suka.,NEGATIF
Video ini menginspirasi saya untuk membuat konten yang lebih baik di channel saya.,POSITIF
"Bagian awal video terlalu panjang dan membuang waktu, seharusnya langsung ke inti cerita.",NEGATIF
"Tema video sangat relevan dengan tren saat ini, sangat bagus!",POSITIF
"Kualitas audio dalam video buruk, sulit untuk mendengarkan dengan jelas.",NEGATIF
"Komentar pengguna di video ini sangat negatif, membuat saya jadi ragu untuk menontonnya.",NEGATIF
"Aku tidak suka video ini, terlalu membosankan dan tidak informatif sama sekali.",NEGATIF
Saya merasa kagum dengan editing video yang apik dan kreatif dalam konten ini.,POSITIF
"Menurutku, video ini kurang mendalam dan kurang memberikan pemahaman yang jelas.",NEGATIF
"Video YouTube ini biasa saja, tidak ada yang istimewa menurutku.",NETRAL
Sangat menyenangkan melihat reaksi lucu penonton di komentar video ini.,POSITIF
Aku merasa kecewa dengan klikbaits yang digunakan dalam judul video ini.,NEGATIF
"Video ini sangat informatif, saya jadi belajar banyak hal baru setelah menontonnya.",POSITIF
"Kualitas audio video ini sangat buruk, sulit untuk mendengarkan dengan jelas.",NEGATIF
"Saya merasa bosan dengan konten video YouTube ini, kurang menarik",NEGATIF
"Wow, video YouTube ini luar biasa lucu, saya sampai tertawa terpingkal-pingkal",POSITIF
"Saya kecewa dengan isi video YouTube ini, tidak sesuai ekspektasi saya",NEGATIF
"Tidak terlalu suka dengan gaya editing video YouTube ini, terlalu berlebihan",NEGATIF
"Video YouTube ini memberikan informasi yang sangat berguna, saya puas menontonnya",POSITIF
"Saya merasa netral terhadap video YouTube ini, tidak terlalu terkesan",NETRAL
"Keren banget videonya, saya jadi semangat untuk membuat konten sendiri",POSITIF
"Saya merasa terhibur dan senang menonton video YouTube ini, top markotop!",POSITIF
"Kualitas video YouTube ini buruk, saya kesal karena membuang waktu untuk menontonnya",NEGATIF
Saya tidak suka dengan gaya editing yang terlalu berlebihan dalam video ini,NEGATIF
"Komentar pengguna di video ini sangat lucu, saya terhibur membacanya",POSITIF
"Isi konten video tidak sesuai dengan judulnya, mengecewakan",NEGATIF
"Wow, penjelasan yang diberikan dalam video sangat mudah dipahami",POSITIF
"Saya merasa tidak tertarik dengan video ini, kurang menarik",NEGATIF
Saya senang melihat begitu banyak interaksi positif dari penonton terhadap video ini,POSITIF
"Sangat kecewa dengan video ini, tidak sesuai ekspektasi yang diharapkan",NEGATIF
"Menurut saya, video ini biasa saja, tidak begitu menarik perhatian",NETRAL
"Keren banget sih video ini, jadi pengen nonton terus",POSITIF
"Komentar negatif yang tidak perlu muncul di video ini, membuat suasana jadi buruk",NEGATIF
Suka dengan gaya editing dan musik yang dipakai dalam video ini,POSITIF
"Kurang paham dengan maksud dari video ini, agak membingungkan",NEGATIF
"Menarik untuk ditonton sekali-sekali, tapi tidak terlalu istimewa",NETRAL
"Saya jadi terhibur setelah menonton video ini, bagus!",POSITIF
"Kualitas video kurang bagus, sulit untuk fokus menontonnya",NEGATIF
"Saya sangat kecewa dengan video ini, isinya tidak sesuai harapan",NEGATIF
Video YouTube tersebut menarik perhatian saya dari awal hingga akhir,POSITIF
"Komentar negatif di video ini sangat mengganggu, sebaiknya dihapus saja",NEGATIF
"Saya merasa biasa-biasa saja dengan video tersebut, tidak terlalu menarik",NETRAL
"Saya terharu melihat video ini, sangat menyentuh hati",POSITIF
"Video ini penuh dengan kontroversi, saya bingung harus dukung siapa",NETRAL
"Video tersebut mengundang tawa saya, sangat lucu!",POSITIF
Saya merasa terganggu dengan kualitas editing video yang buruk,NEGATIF
Para penggemar akan sangat senang dengan konten video ini,POSITIF
"Saya tidak suka dengan konten video ini, terlalu membosankan",NEGATIF
"Wow, video yang luar biasa! Saya terhibur sepanjang menontonnya",POSITIF
"Saya merasa video ini biasa saja, tidak terlalu menarik",NETRAL
"Banyak informasi bermanfaat dalam video ini, saya suka",POSITIF
Saya merasa video ini kurang informatif dan membosankan,NEGATIF
"Tidak suka dengan gaya penyampaian host video, terlalu berlebihan",NEGATIF
"Saya merasa video ini terlalu dipaksakan, kurang alami",NEGATIF
"Konten yang dibagikan sangat informatif dan berkualitas, saya suka",POSITIF
"Isi video kurang jelas dan terlalu banyak iklan, kurang menyenangkan",NEGATIF
"Wow, video ini membuat saya terharu dan ingin menonton berulang kali",POSITIF
"Saya merasa video ini tidak sesuai ekspektasi saya, sedikit kecewa",NEGATIF
Bagian kedua dari video ini lebih menarik daripada bagian pertama,POSITIF
Menyenangkan melihat respons positif dari komunitas terhadap video tersebut,POSITIF
"Video ini tidak memberikan informasi yang relevan bagi saya, kecewa",NEGATIF
Saya suka gaya editing yang kreatif dalam video ini.,POSITIF
"Konten yang ditampilkan terlalu membosankan, saya skip saat pertengahan video.",NEGATIF
Tontonan yang bagus untuk mengisi waktu luang.,POSITIF
"Kualitas video buruk, tidak jelas apa yang ditampilkan.",NEGATIF
Youtuber ini pandai menyampaikan informasi dengan menarik.,POSITIF
Komentar negatif yang tidak berbobot merusak suasana diskusi di video ini.,NEGATIF
Subjek video menarik tetapi sayangnya kualitasnya rendah.,NEGATIF
"Wow, video ini benar-benar menghibur dan membuat saya senang!",POSITIF
"Kualitas video buruk, saya kesal karena waktu saya terbuang percuma",NEGATIF
"Saya setuju bahwa video ini memberikan perspektif yang berbeda, sangat bagus!",POSITIF
"Saya tidak suka dengan gaya editingnya, terlalu berlebihan",NEGATIF
"Video YouTube ini mengajarkan banyak hal baru, saya puas menontonnya",POSITIF
"Komentar-komentar negatif di video ini sangat mengganggu, saya tidak nyaman",NEGATIF
"Saya netral mengenai video ini, tidak terlalu menarik tapi juga tidak buruk",NETRAL
Video YouTube ini sangat bagus dan menginspirasi! Saya suka banget!,POSITIF
"Konten di video ini kurang menarik, tidak sebanding dengan jumlah penontonnya",NEGATIF
Isi video kurang informatif dan terlalu banyak iklan,NEGATIF
Menariknya video ini membuat saya tak bisa berhenti menonton!,POSITIF
"Banyak komentar negatif di video ini, membuat suasana jadi kurang menyenangkan",NEGATIF
"Saya merasa biasa saja setelah menonton video ini, tidak terlalu berkesan",NETRAL
"Video ini sangat lucu, saya sampai tertawa terbahak-bahak!",POSITIF
Saya kecewa karena video ini terlalu pendek dan tidak sesuai ekspektasi,NEGATIF
"Pendapat saya tentang video ini cukup positif, meskipun ada beberapa kekurangan",NETRAL
Apa sih bagusnya video ini? Saya kecewa!,NEGATIF
Video ini kurang informatif menurut saya,NEGATIF
Saya suka gaya editing yang digunakan dalam video ini,POSITIF
"Video ini bikin saya baper, terharu banget!",POSITIF
Sebel banget sama iklan yang muncul di tengah video,NEGATIF
"Isi kontennya biasa aja, gak ada yang spesial",NETRAL
"Terima kasih atas rekomendasi video ini, sangat menarik!",POSITIF
"Gak ngerti kenapa banyak yang suka video ini, buat saya biasa saja",NETRAL
"Pengen nonton video ini lagi dan lagi, keren banget!",POSITIF
Video YouTube ini sangat menghibur dan membuat saya senang!,POSITIF
"Wow, video ini sangat menginspirasi saya untuk mencoba hal baru!",POSITIF
"Video ini memberikan informasi yang sangat bermanfaat, terima kasih banyak!",POSITIF
Komentar yang tidak sopan di kolom video membuat saya tidak nyaman.,NEGATIF
Saya merasa terinspirasi untuk membuat konten video sendiri setelah menonton ini.,POSITIF
Konten di video tersebut sangat informatif dan bermanfaat bagi saya.,POSITIF
Adegan kontroversial di video itu tidak etis dan seharusnya dihindari.,NEGATIF
"Saya merasa bosan dengan isi video tersebut, kurang menarik.",NEGATIF
"Pembawaan host dalam video kurang menyenangkan, membuat saya tidak betah menonton.",NEGATIF
"Video YouTube ini biasa saja, tidak terlalu menarik namun juga tidak buruk.",NETRAL
Terlalu banyak iklan dalam video membuat saya jengkel.,NEGATIF
Saya senang melihat kolaborasi antara dua YouTuber favorit saya dalam video ini.,POSITIF
Saya tidak sepakat dengan opini yang diutarakan dalam video tersebut.,NEGATIF
"Menurut saya, video ini kurang menarik dan tidak informatif sama sekali.",NEGATIF
Reaksi pengguna di kolom komentar video ini sangat positif dan mendukung.,POSITIF
"Video ini berhasil membuat saya tertawa sepanjang durasi, suka sekali!",POSITIF
"Banyak pengguna yang merasa kecewa dengan video ini, tidak sesuai dengan judulnya.",NEGATIF
"Saya netral terhadap video ini, tidak terlalu terkesan tapi juga tidak buruk.",NETRAL
Reaksi positif pengguna terhadap video ini membuat saya senang dan ingin menonton lebih banyak.,POSITIF
"Saya merasa video ini biasa saja, tidak spesial tapi juga tidak buruk.",NETRAL
Konten video yang unik dan menarik membuat saya termotivasi untuk membuat video sendiri.,POSITIF
Video ini sangat informatif! Saya suka dengan kontennya.,POSITIF
Menantu saya merekomendasikan video ini kepada saya. Bagus sekali!,POSITIF
Sangat kecewa dengan kualitas video. Tidak sesuai ekspektasi saya.,NEGATIF
Komentar yang muncul di video ini sangat tidak pantas. Sangat mengecewakan.,NEGATIF
Saya suka gaya editing video ini. Sangat kreatif dan menarik.,POSITIF
Penjelasan di video ini sangat mudah dipahami. Sangat membantu!,POSITIF
Terlalu banyak iklan di video ini. Mengganggu pengalaman menonton.,NEGATIF
"Video ini cukup informatif, tapi terlalu panjang untuk ditonton sepenuhnya.",NETRAL
"Video YouTube ini sangat menginspirasi, saya merasa terharu ketika menontonnya.",POSITIF
"Wow, video YouTube ini lucu banget! Saya tertawa terbahak-bahak.",POSITIF
Apa sih yang bagus dari video ini? Saya merasa bosan dan tidak terhibur sama sekali.,NEGATIF
"Menurut saya, video ini cukup informatif dan memberikan pandangan yang menarik.",POSITIF
Saya merasa video ini terlalu berlebihan dan mencari sensasi semata.,NEGATIF
Saya suka bagaimana pembuat video ini menyampaikan pesan dengan jelas dan menarik.,POSITIF
"Kualitas video buruk, sulit untuk menontonnya dengan jelas.",NEGATIF
Saya merasa video ini tidak relevan dengan topik yang sedang trend saat ini.,NEGATIF
Reaksi positif dari penonton terhadap video ini sangat menginspirasi,POSITIF
"Saya merasa bosan dengan video YouTube ini, tidak ada hal menarik di dalamnya",NEGATIF
Video ini berhasil memicu emosi saya dan membuat saya terharu,POSITIF
"Opini saya netral terhadap video ini, tidak terlalu menarik atau membosankan",NETRAL
"Para penonton sepertinya sangat senang dengan isi video ini, banyak yang memberikan pujian",POSITIF
"Kualitas produksi video ini sangat buruk, saya tidak merekomendasikan untuk ditonton",NEGATIF
Saya merasa terhibur dan terinspirasi setelah menonton video ini,POSITIF
"Video ini sangat informatif dan berkualitas tinggi, saya suka sekali!",POSITIF
"Aku merasa kecewa dengan konten video ini, terlalu membosankan.",NEGATIF
"Reaksi saya terhadap video ini netral, tidak terlalu menarik tapi juga tidak buruk.",NETRAL
"Sangat menghibur, saya tertawa sepanjang video!",POSITIF
"Video ini penuh kontroversi, saya tidak setuju dengan isinya sama sekali.",NEGATIF
"Saya suka bagaimana pembawaannya, sangat menyenangkan untuk ditonton.",POSITIF
"Menarik tapi terlalu pendek, saya ingin lebih banyak konten.",NETRAL
Video ini kurang informatif dan tidak sesuai ekspektasi saya.,NEGATIF
"Saya merasa terinspirasi setelah menonton video ini, luar biasa!",POSITIF
"Kurang kreatif, terlalu banyak klise dalam video ini.",NEGATIF
Adegan kontroversial dalam video tersebut membuat saya merasa tidak nyaman,NEGATIF
"Wow, videonya keren banget! Saya terhibur sepanjang menonton",POSITIF
"Saya merasa kecewa dengan isi video ini, tidak sesuai ekspektasi",NEGATIF
"Pendapat saya tentang video ini netral, tidak terlalu menarik tapi juga tidak buruk",NETRAL
"Aku sangat terinspirasi setelah menonton video ini, semangat banget!",POSITIF
Saya tidak suka dengan gaya editing yang digunakan dalam video tersebut,NEGATIF
"Meskipun videonya biasa saja, namun pesan yang disampaikan sangat positif",NETRAL
Video YouTube ini sangat menginspirasi! Saya terkesan dengan kontennya.,POSITIF
"Wow, video ini berhasil membuat saya tertawa sepanjang hari. Sangat lucu!",POSITIF
Saya merasa kecewa dengan kualitas video ini. Sangat buruk.,NEGATIF
Video ini memberikan wawasan baru bagi saya. Sangat bermanfaat!,POSITIF
Saya merasa terganggu dengan iklan yang terlalu sering muncul di video ini.,NEGATIF
Saya netral tentang video ini. Isinya standar dan tidak terlalu menarik.,NETRAL
Saya jadi ingin mencoba hal baru setelah menonton video ini. Sangat menginspirasi!,POSITIF
Hanya butuh beberapa detik untuk saya bosan dengan video ini. Tidak menarik sama sekali.,NEGATIF
"Video ini tidak begitu menarik bagi saya, tapi sepertinya banyak yang suka.",NETRAL
"Video YouTube ini sangat informatif dan memberikan wawasan baru, sangat membantu!",POSITIF
"Reaksi saya terhadap video ini campur aduk, ada bagian yang bagus tapi ada yang kurang",NETRAL
"Video ini luar biasa, saya terinspirasi untuk mencoba hal baru setelah menontonnya",POSITIF
"Pengguna lain bisa jadi suka dengan video ini, tapi saya kurang tertarik",NEGATIF
"Reaksi saya positif terhadap video ini, sangat menghibur dan menarik",POSITIF
"Komentar pengguna di video ini penuh dengan kontroversi, membuat saya bingung",NETRAL
"Saya tidak suka gaya editing yang digunakan dalam video ini, terlalu berlebihan",NEGATIF
"Video ini memberikan pandangan baru yang menarik, saya senang menontonnya",POSITIF
Video ini sangat menginspirasi! Saya terharu melihatnya.,POSITIF
Isi kontennya kurang bermanfaat menurut saya.,NEGATIF
Komentar pengguna di bawah video tidak sopan.,NEGATIF
"Saya merasa video ini biasa saja, tidak istimewa.",NETRAL
Banyak informasi menarik yang saya dapat dari video ini.,POSITIF
Saya sependapat dengan pendapat yang diungkapkan dalam video.,POSITIF
Efek suara yang digunakan membuat video ini jadi lebih menarik.,POSITIF
"Saya merasa bosan menonton video ini, tidak sesuai ekspektasi.",NEGATIF
"Video YouTube tersebut sangat menginspirasi, saya jadi semangat!",POSITIF
"Saya tidak suka dengan konten video ini, terlalu membosankan.",NEGATIF
"Opini saya terhadap video tersebut netral, tidak terlalu menarik tapi juga tidak buruk.",NETRAL
"Wow, video ini sangat lucu dan menghibur, terima kasih sudah membuatnya!",POSITIF
"Saya merasa puas setelah menonton video tersebut, sangat informatif.",POSITIF
"Video ini terlalu bertele-tele, saya merasa bosan sepanjang menonton.",NEGATIF
"Saya netral terhadap video ini, tidak terlalu suka tapi juga tidak benci.",NETRAL
Keren banget! Video ini memberi ide bagus untuk proyek saya selanjutnya.,POSITIF
"Saya merasa kesal karena video ini terlalu promosi, kurang informatif.",NEGATIF
Saya kecewa dengan konten video yang kurang bermutu,NEGATIF
"Wow, video ini benar-benar menghibur dan lucu",POSITIF
"Saya merasa bosan dengan video ini, tidak ada hal menarik",NEGATIF
Saya setuju dengan poin-poin yang disampaikan dalam video tersebut,POSITIF
"Komentar negatif di video ini terlalu banyak, membuat saya jadi tidak nyaman",NEGATIF
Video ini terlalu bias dan tidak objektif dalam memberikan informasi,NEGATIF
Saya tidak terlalu terkesan dengan kualitas produksi video ini,NEGATIF
"Menarik sekali, saya belajar banyak dari video ini",POSITIF
"Saya netral terhadap video ini, tidak terlalu berkesan tapi juga tidak buruk",NETRAL
"Aku kecewa dengan isi video ini, tidak sesuai ekspektasi",NEGATIF
"Wow, video ini sangat lucu, bikin saya ketawa terpingkal-pingkal",POSITIF
"Menarik juga konten video ini, saya suka dengan presentasi yang diberikan",POSITIF
Saya merasa kecewa dengan kualitas video yang buram dan suara yang kurang jelas,NEGATIF
"Video ini biasa saja, tidak terlalu menarik dan tidak buruk juga",NETRAL
"Saya terhibur dengan video ini, sangat menghibur di hari yang melelahkan",POSITIF
Apa sih yang menarik dari video ini? Saya tidak merasakan keistimewaannya. NEGATIF,NEGATIF
Kualitas video kurang bagus dan kurang enak ditonton. NEGATIF,NEGATIF
"Video ini tidak begitu menarik, tapi juga tidak buruk. NETRAL",NETRAL
Saya suka bagaimana pembuat video ini menyampaikan informasi dengan jelas. POSITIF,POSITIF
"Terlalu banyak iklan di video ini, mengganggu sekali. NEGATIF",NEGATIF
Saya merasa terharu dengan cerita di balik video ini. POSITIF,POSITIF
"Setelah menonton video ini, saya merasa kecewa dengan isinya. NEGATIF",NEGATIF
Video YouTube ini tidak sesuai dengan ekspektasi saya. NEGATIF,NEGATIF
Video YouTube ini sangat informatif dan bermanfaat bagi saya,POSITIF
Video ini penuh dengan konten clickbait dan tidak sesuai dengan judulnya,NEGATIF
"Isi video sangat membosankan, saya merasa waktu saya terbuang percuma",NEGATIF
Saya setuju dengan pendapat yang disampaikan dalam video ini,POSITIF
Video ini membuat saya merasa sedih dan kecewa,NEGATIF
Menonton video ini membuat saya tertawa terbahak-bahak,POSITIF
Kualitas video buruk sehingga sulit untuk dipahami,NEGATIF
Saya merasa netral terhadap konten yang disajikan dalam video ini,NETRAL
Video YouTube ini memberikan perspektif baru yang menarik bagi saya,POSITIF
"Video ini sangat bagus, saya suka sekali dengan kontennya!",POSITIF
"Saya merasa bosan dengan video ini, tidak menarik sama sekali.",NEGATIF
"Reaksi penonton di video ini lucu sekali, membuat saya tertawa terbahak-bahak.",POSITIF
"Banyak yang komentar negatif di video ini, sepertinya kontroversial.",NEGATIF
"Saya merasa biasa saja dengan video ini, tidak terlalu menarik perhatian saya.",NETRAL
"Wow, video ini sangat menginspirasi! Saya jadi termotivasi setelah menontonnya.",POSITIF
Saya merasa kecewa karena harapanku terlalu tinggi pada video ini.,NEGATIF
Reaksi pengguna yang positif terhadap video ini membuat saya senang.,POSITIF
"Tidak terlalu suka dengan gaya editing video ini, terlalu berlebihan.",NEGATIF
"Saya netral terhadap konten video ini, tidak begitu tertarik namun juga tidak membencinya.",NETRAL
"Saya kecewa dengan konten video ini, terlalu banyak iklan yang mengganggu.",NEGATIF
"Wow, video ini benar-benar lucu! Saya sampai tertawa terbahak-bahak.",POSITIF
"Saya merasa video ini kurang informatif, tidak sesuai dengan ekspektasi saya.",NEGATIF
"Menarik juga konten video ini, saya jadi ingin mencoba hal-hal baru setelah menontonnya.",POSITIF
"Saya merasa video ini biasa saja, tidak terlalu menarik bagi saya.",NETRAL
"Video ini sangat menarik, saya suka cara penyampaiannya yang kreatif.",POSITIF
"Saya merasa video ini terlalu panjang dan membosankan, tidak sepadan dengan isinya.",NEGATIF
"Ternyata video ini kontroversial ya, memicu perdebatan di kolom komentar.",NETRAL
"Saya sangat terkesan dengan kualitas produksi video ini, sungguh profesional.",POSITIF
"Konten video kurang menarik, saya merasa bosan ketika menontonnya.",NEGATIF
"Menarik sekali video ini, saya jadi semangat untuk belajar lebih banyak.",POSITIF
"Banyak iklan yang mengganggu dalam video ini, membuat saya tidak nyaman.",NEGATIF
"Video YouTube paling keren yang pernah saya tonton, rekomendasi!",POSITIF
Komentar-komentar negatif di video ini membuat saya kecewa.,NEGATIF
"Sangat bagus kontennya, saya belajar banyak hal baru dari video ini.",POSITIF
"Video ini lumayan informatif, namun kurang menarik secara visual.",NETRAL
Video YouTube ini sangat menghibur dan kreatif! Saya suka sekali kontennya.,POSITIF
Sangat kecewa dengan kualitas video YouTube yang buram dan tidak jelas.,NEGATIF
"Opini saya tentang video ini netral, tidak terlalu menarik tapi juga tidak jelek.",NETRAL
Video YouTube ini menginspirasi saya untuk mencoba hal-hal baru. Sangat bagus!,POSITIF
Komentar yang kasar dan tidak sopan di kolom video semakin membuat suasana jadi buruk.,NEGATIF
Saya merasa terhibur dan senang setelah menonton video ini. Terima kasih uploader!,POSITIF
Kualitas audio yang buruk membuat saya sulit untuk menikmati konten video ini.,NEGATIF
Opini saya tentang video YouTube ini positif karena isinya mengedukasi dan menarik.,POSITIF
"Saya merasa biasa saja dengan video tersebut, tidak ada yang istimewa menurut saya.",NETRAL
"Setelah menonton video ini, saya merasa terkesan dengan editing yang apik dan cerita yang menarik.",POSITIF
Konten di video ini terlalu membosankan dan tidak memberikan nilai tambah,NEGATIF
"Saya merasa terhibur dan senang menonton video ini, rekomendasi!",POSITIF
"Saya merasa netral terhadap video ini, tidak terlalu menarik perhatian saya",NETRAL
"Video ini membuat saya tertawa terbahak-bahak, keren!",POSITIF
Saya kecewa dengan kualitas video dan editing yang buruk,NEGATIF
Pendapat dan analisis yang disampaikan dalam video sangat informatif,POSITIF
"Adegan kontroversial di video ini membuat saya tidak nyaman, saya tidak suka",NEGATIF
"Video YouTube tersebut sangat menginspirasi saya, saya jadi memiliki semangat baru!",POSITIF
"Aduh, video YouTube ini membuat saya sedih karena ceritanya sangat menyentuh hati.",NEGATIF
"Menurut saya, video ini kurang menarik dan tidak memberikan informasi yang berguna.",NEGATIF
"Video YouTube ini berhasil membuat saya tertawa terbahak-bahak, sangat lucu!",POSITIF
"Saya merasa terhibur dan senang setelah menonton video tersebut, sangat menghibur.",POSITIF
"Sangat kecewa dengan kualitas video ini, terlalu banyak iklan yang mengganggu.",NEGATIF
"Menurut saya, video ini sangat informatif dan saya belajar banyak hal darinya.",POSITIF
"Saya tidak suka dengan gaya penyajian video ini, terlalu membosankan.",NEGATIF
"Video YouTube favorit saya, selalu memberikan konten berkualitas dan menghibur.",POSITIF
"Saya merasa kecewa dengan isi video ini, terlalu banyak clickbait.",NEGATIF
"Opini pengguna tentang video ini bermacam-macam, setiap orang punya selera berbeda.",NETRAL
Komentar positif yang membanjiri video ini membuat saya semangat untuk membuat konten baru.,POSITIF
Respon negatif dari sebagian pengguna membuat saya merenung untuk memperbaiki kualitas konten.,NEGATIF
"Ternyata mayoritas penonton senang dengan video ini, saya senang bisa menghibur banyak orang.",POSITIF
Kritik pedas dari seorang pengguna membuat saya berpikir keras untuk mengembangkan channel ini ke arah yang lebih baik.,NEGATIF
"Pengguna merespon positif dengan berbagi video ini ke teman-teman mereka, terima kasih atas dukungannya!",POSITIF
"Saya tidak terlalu tertarik dengan konten video ini, agak biasa saja menurut saya.",NETRAL
"Video ini menuai kontroversi besar di media sosial, banyak yang setuju dan banyak yang menentang.",NETRAL
Apa sih bagusnya video ini? Saya merasa bosan saat menontonnya,NEGATIF
Saya suka dengan editing yang rapi dan kreatif dalam video ini,POSITIF
"Konten yang dipresentasikan terlalu dangkal, saya kecewa",NEGATIF
"Wow, jumlah view dan like-nya luar biasa, patut diacungi jempol",POSITIF
"Saya merasa video ini tidak informatif sama sekali, mengecewakan",NEGATIF
Ada banyak komentar positif yang menginspirasi di bawah video ini,POSITIF
"Saya tidak habis pikir kenapa video ini bisa viral, kurang menarik",NEGATIF
"Saya setuju dengan pendapat pembuat video, sangat informatif dan menarik",POSITIF
Saya kecewa dengan kualitas video dan audio yang buruk,NEGATIF
"Konten di video tersebut kurang menarik, saya kecewa",NEGATIF
Reaksi positif dari pengguna lain membuat saya penasaran untuk menonton video itu,POSITIF
Saya merasa tidak nyaman dengan komentar negatif yang muncul di video tersebut,NEGATIF
"Video YouTube ini memberikan informasi yang sangat bermanfaat, saya senang menontonnya",POSITIF
Opini pengguna yang mencela video itu terlalu keras menurut saya,NEGATIF
"Saya merasa biasa saja terhadap video tersebut, tidak terlalu bagus namun juga tidak buruk",NETRAL
"Saya tersentuh dengan pesan yang disampaikan di video itu, sangat memotivasi",POSITIF
Banyak iklan di video tersebut membuat saya tidak betah menontonnya,NEGATIF
Respon positif dari penonton membuat saya semakin percaya dengan kualitas video tersebut,POSITIF
"Sangat kecewa dengan konten video ini, tidak sesuai dengan ekspektasi saya",NEGATIF
"Menurut saya, video ini biasa saja, tidak terlalu menarik tapi juga tidak buruk",NETRAL
"Wow, video ini keren banget, saya suka banget dengan editingnya!",POSITIF
"Reaksi saya setelah menonton video ini campur aduk, ada bagian yang bagus tapi ada juga yang kurang",NETRAL
"Saya terharu melihat video ini, ceritanya sangat menyentuh hati",POSITIF
"Kualitas video ini jelek sekali, saya merasa rugi telah menyaksikannya",NEGATIF
"Saya tidak begitu suka dengan gaya pembawaan pembuat video ini, terlalu terkesan berlebihan",NEGATIF
"Video ini lumayan bagus, saya mendapatkan informasi yang berguna darinya",POSITIF
"Video ini sangat menginspirasi, terima kasih telah membagikannya!",POSITIF
"Saya merasa bosan dengan konten video ini, terlalu monoton.",NEGATIF
"Wow, video ini sangat lucu! Saya terhibur sekali.",POSITIF
"Sangat informatif, saya jadi tahu banyak hal setelah menonton video ini.",POSITIF
"Saya merasa netral tentang video ini, tidak terlalu menarik tapi juga tidak buruk.",NETRAL
"Video ini penuh dengan kontroversi, saya tidak setuju dengan banyak hal di dalamnya.",NEGATIF
Suka banget dengan gaya editing video yang keren ini!,POSITIF
"Sepertinya video ini sudah terlalu mainstream, tidak ada yang istimewa.",NEGATIF
"Video YouTube ini sangat informatif dan menarik, saya jadi lebih paham tentang topiknya.",POSITIF
"Sangat kecewa dengan kualitas video, terlalu buram dan suaranya pecah-pecah.",NEGATIF
"Saya suka gaya editing yang digunakan dalam video ini, sangat kreatif!",POSITIF
"Konten video terlalu bias dan tidak berimbang, tidak merepresentasikan fakta dengan baik.",NEGATIF
"Video ini membantu saya menyelesaikan masalah yang selama ini saya alami, terima kasih banyak!",POSITIF
"Isi video terlalu dangkal dan tidak memberikan informasi yang berarti, kecewa.",NEGATIF
"Menarik melihat interaksi positif antara pembuat video dan penonton, memberikan vibe yang positif.",POSITIF
"Sangat disayangkan video ini terlalu panjang dan membosankan, saya tidak bisa menonton sampai akhir.",NEGATIF
"Saya merasa video ini bias dan tidak adil dalam memberikan perspektif, sangat kecewa.",NEGATIF
"Tidak terlalu tertarik dengan konten video ini, rasa-rasanya terlalu umum dan klise.",NETRAL
"Video YouTube ini sangat informatif dan menarik, saya senang menontonnya!",POSITIF
"Aku merasa kecewa dengan konten video ini, tidak sesuai dengan harapanku",NEGATIF
"Seperti biasa, video dari channel ini selalu menghibur. Terima kasih!",POSITIF
"Saya merasa tidak tertarik dengan isi video ini, kurang menarik",NEGATIF
"Video ini berhasil membuat saya tertawa sepanjang durasi tayangannya, keren!",POSITIF
"Isi video sangat membosankan, saya malah bosan saat menontonnya",NEGATIF
"Saya merasa netral terhadap konten video ini, tidak terlalu menarik namun juga tidak buruk",NETRAL
"Video ini sangat menginspirasi saya, saya mendapatkan banyak pengetahuan baru",POSITIF
"Video ini menyentuh hati saya, terima kasih telah berbagi cerita yang menginspirasi",POSITIF
"Video YouTube ini sangat menghibur dan kocak, saya suka sekali!",POSITIF
"Saya kecewa dengan kualitas video YouTube ini, terlalu buram dan tidak jelas.",NEGATIF
"Wow, video YouTube ini memberikan inspirasi baru bagi saya, sangat bagus!",POSITIF
"Isi dari video YouTube ini sangat kontroversial, membuat saya bingung",NETRAL
"Video YouTube ini terlalu panjang dan membosankan, saya tidak suka",NEGATIF
"Menurut saya, video YouTube ini sangat informatif dan mendidik, patut untuk ditonton",POSITIF
"Adegan di video ini terlalu vulgar dan tidak pantas ditampilkan, sangat mengecewakan",NEGATIF
"Video YouTube ini sungguh memukau, saya terpesona dengan visualnya",POSITIF
"Aduh, video ini bikin kesel deh, isinya nggak jelas!",NEGATIF
"Wow, video ini kocak banget, bikin ngakak terus!",POSITIF
"Saya merasa bosan menonton video ini, kurang menarik.",NEGATIF
"Penjelasan dalam video sangat mudah dipahami, terima kasih!",POSITIF
"Saya kecewa dengan konten video ini, tidak sesuai ekspektasi.",NEGATIF
"Luar biasa, video ini memberikan wawasan baru yang menarik!",POSITIF
"Kualitas video buruk, suaranya pecah-pecah dan gambarnya buram.",NEGATIF
"Saya suka bagaimana video ini memberikan solusi yang berguna, sangat membantu!",POSITIF
"Wow, video YouTube ini berhasil membuat saya tertawa sepanjang hari",POSITIF
"Saya kecewa dengan isi video YouTube ini, tidak sesuai ekspektasi",NEGATIF
"Video YouTube ini memberikan pandangan baru yang menarik, saya suka",POSITIF
"Kualitas video YouTube ini jelek, sulit dipahami",NEGATIF
"Tidak ada yang istimewa dari video YouTube ini, biasa saja",NETRAL
"Saya terkesan dengan editing video YouTube ini, sangat profesional",POSITIF
Saya tidak suka dengan gaya penyampaian pembawa acara di video YouTube ini,NEGATIF
"Video YouTube ini tidak menarik perhatian saya, kurang menghibur",NEGATIF
"Video YouTube tersebut sangat menginspirasi saya, saya merasa termotivasi setelah menontonnya.",POSITIF
"Saya merasa kecewa dengan isi video YouTube ini, sangat tidak sesuai dengan ekspektasi saya.",NEGATIF
"Opini saya tentang video YouTube ini netral, tidak terlalu menarik namun juga tidak buruk.",NETRAL
"Menurut saya, video YouTube tersebut sangat informatif dan memberikan wawasan baru bagi saya.",POSITIF
"Saya tidak suka dengan gaya editing dalam video YouTube ini, terlalu banyak efek yang mengganggu.",NEGATIF
"Saya merasa terhibur dan senang setelah menonton video YouTube tersebut, sangat menghibur.",POSITIF
"Video YouTube ini kurang menarik bagi saya, tidak begitu relevan dengan minat saya.",NEGATIF
"Opini saya tentang video ini cukup netral, tidak terlalu istimewa namun juga tidak jelek.",NETRAL
"Saya sangat terkesan dengan kualitas produksi video ini, sangat profesional dan menarik.",POSITIF
"Saya merasa bosan dan kecewa setelah menyaksikan video YouTube tersebut, tidak sesuai dengan harapan.",NEGATIF
"Video YouTube ini sangat menginspirasi, saya jadi termotivasi untuk mengejar mimpi saya!",POSITIF
"Saya sangat kecewa dengan konten video ini, terlalu membosankan dan tidak informatif sama sekali.",NEGATIF
"Ternyata banyak yang suka dengan video ini, saya pun jadi penasaran untuk menontonnya.",POSITIF
"Aku merasa video ini sangat bias dan tidak objektif, membuat saya tidak percaya dengan informasi yang disajikan.",NEGATIF
"Video ini lucu banget, selalu berhasil membuatku tersenyum setiap kali menontonnya.",POSITIF
"Saya merasa video ini kurang sesuai dengan ekspektasi saya, tidak sebagus yang dibayangkan.",NEGATIF
"Poin-poin yang disampaikan dalam video ini sangat informatif, saya jadi mendapatkan banyak pengetahuan baru.",POSITIF
"Sangat disayangkan, komentar negatif yang tidak sopan mendominasi dalam video ini.",NEGATIF
"Video ini menimbulkan perdebatan sengit di kolom komentar, membuat saya penasaran dengan pendapat orang lain.",NETRAL
"Aku suka bagian akhir video ini, sangat menyentuh hati dan memberikan pesan positif.",POSITIF
"Video YouTube ini sangat menginspirasi, saya merasa terkesan dengan kontennya",POSITIF
"Saya sangat kecewa dengan video ini, tidak sesuai dengan ekspektasi saya",NEGATIF
Reaksi saya setelah menonton video ini campuran antara senang dan sedih,NETRAL
Komentar positif dari pengguna lain membuat saya lebih antusias untuk menonton video tersebut,POSITIF
Saya merasa tidak suka dengan gaya penyajian yang terlalu berlebihan dalam video tersebut,NEGATIF
"Video ini berhasil membuat saya tertawa sepanjang durasinya, sangat menghibur",POSITIF
"Pengguna lain mungkin menyukai video ini, tapi saya merasa kurang tertarik",NEGATIF
"Setelah menonton video ini, saya merasa netral tanpa perasaan yang berlebihan",NETRAL
Reaksi positif dari teman-teman saya membuat saya penasaran untuk menonton video tersebut,POSITIF
"Tidak ada yang istimewa dari video ini, saya merasa biasa saja setelah menontonnya",NETRAL
Video YouTube ini sangat informatif dan menginspirasi! Saya suka sekali,POSITIF
"Setelah menonton video ini, saya jadi lebih paham tentang topik yang dibahas. Terima kasih!",POSITIF
"Saya kecewa dengan konten video ini, terlalu bias dan kurang informatif",NEGATIF
Video ini terlalu panjang dan membosankan. Saya kesulitan menonton sampai akhir,NEGATIF
"Wow, video keren! Saya terkesan dengan kualitas produksinya",POSITIF
Isi video kurang mendalam dan tidak memberikan informasi yang baru bagi saya,NEGATIF
Menarik sekali! Saya tertawa terbahak-bahak saat menonton video ini,POSITIF
Video ini seharusnya lebih disunting dengan baik. Terlalu banyak adegan yang tidak penting,NEGATIF
Saya merasa video ini bias dan tidak objektif dalam memberikan informasi,NEGATIF
Video YouTube ini menarik perhatian saya sejak menit pertama. Sangat bagus,POSITIF
"Aku sangat kecewa dengan video ini, isinya tidak sesuai dengan judulnya!",NEGATIF
"Menurutku video ini biasa saja, tidak begitu menarik perhatianku",NETRAL
Saya suka bagaimana kreator video ini menyampaikan ide-idenya dengan jelas!,POSITIF
Komentar negatif yang tidak sopan di video ini membuat saya merasa tidak nyaman,NEGATIF
"Video ini berhasil membuatku tersenyum sepanjang durasinya, menyenangkan!",POSITIF
"Setelah menonton video ini, saya jadi lebih paham dengan topik yang dibahas",POSITIF
Saya merasa kecewa karena terlalu banyak iklan yang muncul di tengah-tengah video,NEGATIF
Isi video ini sepertinya kurang relevan dengan apa yang sedang tren saat ini,NEGATIF
"Video ini cukup menarik, meski terkadang ada beberapa bagian yang kurang jelas",NETRAL
"Saya merasa terinspirasi setelah menonton video ini, sangat positif!",POSITIF
"Isi video terlalu bias dan cenderung membingungkan, tidak begitu menarik.",NEGATIF
"Video YouTube ini memberikan pandangan yang berbeda, cukup menarik untuk ditonton.",NETRAL
"Komunitas dalam kolom komentar video ini sangat ramah dan mendukung, membuat saya senang.",POSITIF
"Video ini memicu perdebatan sengit di antara pengguna, terlalu kontroversial.",NEGATIF
Saya tidak begitu terkesan dengan gaya editing yang digunakan dalam video tersebut.,NEGATIF
"Video YouTube ini berhasil membuat saya tertawa sepanjang durasi, sangat menghibur!",POSITIF
"Video YouTube ini sangat menarik, saya suka sekali kontennya!",POSITIF
Saya kecewa karena video YouTube ini isinya tidak sesuai dengan judulnya,NEGATIF
"Wow, saya terinspirasi setelah menonton video YouTube ini",POSITIF
"Video YouTube ini penuh dengan kontroversi, saya merasa tidak nyaman menontonnya",NEGATIF
"Menurut saya, video YouTube ini biasa saja, tidak terlalu istimewa",NETRAL
"Apa yang dibagikan dalam video YouTube ini sangat informatif, saya senang menontonnya",POSITIF
"Saya sudah menunggu-nunggu video YouTube dari akun ini, akhirnya rilis juga!",POSITIF
"Sebenarnya saya tidak begitu suka dengan gaya editing video YouTube ini, terlalu berlebihan menurut saya",NEGATIF
Saya merasa kecewa karena video YouTube ini terlalu banyak iklan yang mengganggu,NEGATIF
Video YouTube ini sangat menginspirasi saya untuk belajar lebih banyak tentang topik ini. POSITIF,POSITIF
"Saya merasa kecewa dengan konten video ini, tidak sesuai dengan ekspektasi saya. NEGATIF",NEGATIF
"Reaksi banyak pengguna terhadap video ini positif, mereka memberikan banyak pujian. POSITIF",POSITIF
"Opini saya tentang video ini cukup netral, tidak terlalu terkesan. NETRAL",NETRAL
"Video ini membuat saya tertawa sepanjang durasi, sangat menghibur! POSITIF",POSITIF
Saya merasa terharu dengan pesan yang disampaikan dalam video ini. POSITIF,POSITIF
"Banyak komentar negatif terhadap video ini, banyak yang tidak setuju dengan isinya. NEGATIF",NEGATIF
"Saya merasa bosan ketika menonton video ini, tidak ada yang menarik. NEGATIF",NEGATIF
Sebagian besar pengguna YouTube memberikan feedback positif terhadap video ini. POSITIF,POSITIF
Reaksi saya terhadap video ini campuran antara senang dan kecewa. NETRAL,NETRAL
"Video YouTube ini sangat informatif dan mudah dipahami, saya suka sekali!",POSITIF
"Aku merasa terhibur setelah menonton video ini, terima kasih kepada pembuatnya.",POSITIF
"Saya kecewa dengan konten video ini, terlalu banyak iklan dan informasinya kurang lengkap.",NEGATIF
"Video ini tidak sesuai dengan ekspektasi saya, kurang menarik dan membosankan.",NEGATIF
"Menurut saya, video ini biasa-biasa saja, tidak ada yang istimewa.",NETRAL
Sangat keren! Saya jadi semangat setelah menonton video motivasi ini.,POSITIF
"Video ini kontroversial, bagian dari penonton suka dan tidak suka.",NETRAL
"Saya sangat senang menemukan video ini, isinya sangat berguna bagi saya.",POSITIF
Saya merasa video ini terlalu panjang dan tidak terlalu menarik.,NEGATIF
Video YouTube ini sangat informatif dan bermanfaat bagi saya. Terima kasih atas kontennya!,POSITIF
Saya merasa kecewa dengan video YouTube ini karena isinya tidak sesuai dengan judulnya.,NEGATIF
"Saya merasa terharu melihat video YouTube ini, sangat menyentuh hati saya.",POSITIF
"Video YouTube ini terlalu panjang dan membosankan, saya kesulitan untuk menonton sampai akhir.",NEGATIF
"Saya merasa video YouTube ini biasa saja, tidak terlalu menarik perhatian saya.",NETRAL
"Kualitas produksi video YouTube ini sangat buruk, sulit untuk menikmatinya.",NEGATIF
Saya suka bagaimana konten video YouTube ini disajikan dengan kreativitas yang tinggi.,POSITIF
"Saya tidak setuju dengan pendapat yang disampaikan dalam video YouTube ini, kontroversial sekali.",NEGATIF
"Video YouTube ini memberikan pandangan baru yang menarik bagi saya, sangat memperkaya pengetahuan.",POSITIF
"Video YouTube ini sangat menghibur, senang sekali menontonnya!",POSITIF
"Isi video YouTube-nya kurang menarik, bosan menontonnya.",NEGATIF
"Wow, video ini sangat menginspirasi, terima kasih sudah membagikannya.",POSITIF
Saya merasa kecewa dengan kualitas video dan kontennya.,NEGATIF
"Tidak begitu tertarik dengan video ini, biasa saja.",NETRAL
"Bagus banget video ini, bermanfaat sekali!",POSITIF
Sangat kecewa dengan judul clickbait dari video ini.,NEGATIF
"Kualitas video dan audio sangat buruk, menonton jadi tidak nyaman.",NEGATIF
"Saya merasa netral terhadap video ini, tidak terlalu menarik.",NETRAL
"Saya sangat kecewa dengan konten video YouTube ini, tidak sesuai ekspektasi saya",NEGATIF
"Video YouTube ini lucu banget, bikin saya ketawa terbahak-bahak",POSITIF
"Kualitas video kurang bagus, terlalu buram",NEGATIF
"Ternyata video YouTube ini kontroversial ya, banyak pro dan kontra",NETRAL
"Saya suka banget dengan gaya editing video di sini, keren!",POSITIF
Pembicaraan di video ini terlalu serius dan membosankan menurut saya,NEGATIF
"Penjelasan di video ini sangat informatif, saya jadi lebih paham tentang topiknya",POSITIF
"Adegan di video ini terlalu provokatif, kurang pantas ditampilkan di YouTube",NEGATIF
Saya merasa kecewa karena video ini tidak memberikan konten yang sesuai dengan judulnya.,NEGATIF
"Wow, video ini menginspirasi saya untuk belajar lebih banyak tentang topik tersebut. Terima kasih!",POSITIF
Adegan di video ini terlalu provokatif dan tidak pantas ditampilkan di platform ini.,NEGATIF
"Saya merasa netral terhadap video ini, kontennya standar dan tidak terlalu menarik bagi saya.",NETRAL
"Saya sangat terharu melihat video ini, membawa banyak kenangan indah kembali.",POSITIF
Saya merasa jengkel karena terlalu banyak iklan yang mengganggu di tengah-tengah video ini.,NEGATIF
Saya senang video ini memberikan pandangan baru dan membuka wawasan saya.,POSITIF
"Penjelasan di video ini sangat rumit dan sulit dipahami, membuat saya frustasi.",NEGATIF
"Video ini cukup informatif, namun ada beberapa informasi yang kurang akurat.",NETRAL
"Adegan di menit ke-10 terlalu membingungkan, saya jadi kehilangan minat menontonnya",NEGATIF
Reaksi lucu para pembawa acara membuat saya tertawa terbahak-bahak,POSITIF
Sangat kecewa dengan kualitas video yang buram dan suara yang tidak jelas,NEGATIF
Tanggapan negatif dari penonton di kolom komentar membuat saya ragu untuk menonton video ini,NEGATIF
Video ini berhasil membuat saya terinspirasi dan ingin melakukan hal serupa,POSITIF
"Tidak ada yang istimewa dari video ini, biasa saja menurut saya",NETRAL
Reaksi spontan dari pembawa acara membuat video ini terasa lebih hidup,POSITIF
Saya merasa terganggu dengan iklan yang terlalu sering muncul di tengah-tengah video,NEGATIF
Cara penyampaian informasi dalam video terasa membosankan dan monoton,NEGATIF
"Konten video kurang menarik, kurang ada hal yang baru ditampilkan.",NEGATIF
"Wow, saya suka banget dengan editing video yang keren dan musik latar yang dipilih!",POSITIF
"Video ini mengajarkan hal-hal baru yang bermanfaat, saya suka sekali!",POSITIF
"Isi video terlalu banyak iklan, jadi kurang nyaman untuk ditonton.",NEGATIF
"Saya merasa biasa saja dengan video ini, tidak begitu menarik perhatian.",NETRAL
"Aduh, penjelasan di video ini kurang jelas banget, susah dimengerti.",NEGATIF
"Saya sangat terhibur dengan video ini, lucu banget!",POSITIF
"Video ini terlalu pendek, saya harap ada lebih banyak konten yang disajikan.",NEGATIF
"Video YouTube ini sangat menginspirasi, saya suka melihatnya berulang kali.",POSITIF
"Saya kecewa dengan konten video ini, terlalu membosankan dan tidak informatif.",NEGATIF
"Sangat senang melihat video ini, membuat hari saya lebih cerah.",POSITIF
"Opini saya tentang video ini negatif, tidak ada hal menarik yang bisa diambil dari kontennya.",NEGATIF
"Video ini menarik perhatian saya, saya jadi ingin mencari video serupa.",POSITIF
"Sangat terhibur dengan video ini, terima kasih kepada pembuatnya.",POSITIF
"Saya tidak menyukai gaya penyajian dalam video ini, terlalu terburu-buru.",NEGATIF
"Saya merasa kecewa dengan konten video ini, terlalu banyak iklan dan kurang informatif.",NEGATIF
Apa sih yang menarik dari video ini? Saya tidak begitu tertarik dengan kontennya.,NEGATIF
"Wow, video ini keren banget! Sangat informatif dan menghibur.",POSITIF
"Saya setuju dengan pendapat yang disampaikan dalam video ini, sangat berguna.",POSITIF
"Video ini membuat saya tertawa sepanjang hari, terima kasih sudah berbagi konten lucu!",POSITIF
"Saya menemukan video ini sangat membosankan, tidak ada hal menarik yang disampaikan.",NEGATIF
"Komentar negatif yang tidak perlu tersebar di video ini, seharusnya lebih menghargai karya orang lain.",NEGATIF
Sangat menyedihkan melihat komentar negatif yang tidak berdasar di kolom video ini.,NEGATIF
Reaksi positif dari penonton terhadap video ini membuktikan bahwa kontennya sangat berkualitas.,POSITIF
Saya merasa kecewa karena video ini tidak sesuai dengan judulnya,NEGATIF
Saya merasa terhibur dan senang menonton video ini,POSITIF
Opini pembuat video tidak relevan dan membuat saya frustasi,NEGATIF
"Video ini biasa saja, tidak ada yang istimewa menurut saya",NETRAL
Saya merasa terkesan dengan kualitas produksi video ini,POSITIF
Saya merasa tidak suka dengan gaya penyampaian pembawa acara di video ini,NEGATIF
Penggunaan musik latar yang dipilih sangat pas dan menambah nilai video ini,POSITIF
Saya merasa janggal dengan komentar-komentar yang muncul di video ini,NEGATIF
"Video YouTube ini sangat informatif dan menarik, saya jadi lebih paham tentang topiknya. Bagus!",POSITIF
"Konten video ini kurang menarik, terlalu biasa dan membosankan. Saya kecewa.",NEGATIF
Aku suka banget dengan editing video yang keren dan musik latar yang pas. Keren!,POSITIF
Ulasan di video ini sangat kontroversial dan memicu perdebatan sengit di kolom komentar. Menyebalkan!,NEGATIF
"Video ini berhasil membuat saya tertawa sepanjang durasinya, kocak banget! Terima kasih!",POSITIF
"Sayangnya, video ini terlalu panjang dan bertele-tele. Saya jadi cepat bosan.",NEGATIF
"Saya merasa video ini biasa saja, tidak ada yang istimewa. Netral saja pendapat saya.",NETRAL
"Menarik sekali melihat reaksi positif penonton terhadap video ini, semoga semakin banyak yang terinspirasi!",POSITIF
Video ini sangat mengganggu dengan iklan yang terlalu sering muncul di tengah-tengah. Menyebalkan sekali!,NEGATIF
Saya senang melihat kreator video ini rajin berinteraksi dengan penonton dan merespon komentar. Keren!,POSITIF
"Video ini sangat menginspirasi, membuat saya semangat! Terima kasih uploader!",POSITIF
"Adegan di menit ke-5 sangat menyentuh hati, saya sampai menangis.",POSITIF
"Konten video kurang menarik, terlalu banyak iklan.",NEGATIF
"Saya kecewa dengan kualitas audio yang buruk, sulit untuk mendengar.",NEGATIF
"Pengeditan video sangat kreatif, saya suka gaya editingnya.",POSITIF
Komentar-komentar negatif di bawah video membuat saya jengkel.,NEGATIF
"Isi video terlalu bertele-tele, seharusnya lebih singkat.",NEGATIF
Saya tidak sepenuhnya setuju dengan opini yang disampaikan dalam video ini.,NETRAL
Saya tidak terlalu suka dengan gaya editing yang digunakan dalam video ini.,NEGATIF
"Saya merasa bosan saat menonton video ini, tidak ada yang istimewa.",NEGATIF
Video YouTube ini berhasil membuat saya tertawa sepanjang durasi!,POSITIF
"Kualitas video dan audio sangat buruk, sulit untuk dinikmati.",NEGATIF
"Saya merasa netral terhadap video ini, tidak terlalu tertarik namun juga tidak terlalu membosankan.",NETRAL
Penggunaan musik latar yang pas membuat video ini terasa lebih hidup dan menarik perhatian.,POSITIF
Saya sangat kecewa karena video ini tidak memberikan informasi yang berguna sama sekali.,NEGATIF
"Video YouTube ini sangat menghibur dan informatif, saya senang menontonnya!",POSITIF
"Saya merasa kecewa dengan kualitas konten video ini, tidak sesuai ekspektasi saya.",NEGATIF
"Wow, video ini sangat menginspirasi dan membuat saya terharu. Sangat bagus!",POSITIF
"Saya tidak suka dengan gaya penyampaian pembawa acara dalam video tersebut, terlalu berlebihan.",NEGATIF
"Opini saya terhadap video ini positif, saya belajar banyak hal baru dari kontennya.",POSITIF
"Saya merasa bosan menonton video ini, tidak ada yang istimewa menurut saya.",NEGATIF
Video ini membuat saya penasaran untuk menonton lebih banyak konten dari pembuatnya.,POSITIF
"Saya sangat terkesan dengan kualitas produksi video ini, sangat professional!",POSITIF
"Video YouTube ini sangat menghibur, saya terhibur setiap kali menontonnya!",POSITIF
"Video YouTube ini sangat informatif, saya belajar banyak hal darinya",POSITIF
"Saya merasa bosan dengan video ini, tidak ada hal menarik di dalamnya",NEGATIF
"Menurut saya, video ini biasa saja, tidak terlalu bagus namun juga tidak buruk",NETRAL
"Saya sangat suka dengan gaya editing di video ini, sangat kreatif!",POSITIF
"Pendapat saya tentang video ini lumayan positif, cukup menghibur",POSITIF
"Video ini membuat saya merasa terinspirasi, saya jadi ingin mencoba hal-hal baru",POSITIF
"Saya tidak suka dengan gaya penyajian host di video ini, terlalu membosankan",NEGATIF
"Video YouTube ini sangat informatif dan keren, saya jadi lebih paham tentang topiknya",POSITIF
Saya kecewa dengan kualitas video yang buram dan suaranya tidak jelas,NEGATIF
"Wow, video ini benar-benar menginspirasi saya untuk mencoba hal baru!",POSITIF
Saya merasa bosan dengan konten yang monoton di video ini,NEGATIF
"Ternyata video ini viral karena isinya kocak banget, lucu!",POSITIF
"Sangat disayangkan, video ini penuh dengan kontroversi dan tidak mendidik",NEGATIF
"Video YouTube favorit saya, selalu memberikan konten yang bermanfaat",POSITIF
Saya merasa terganggu dengan banyaknya iklan yang muncul di video ini,NEGATIF
"Menarik juga video ini, membuka wawasan baru tentang topik yang jarang dibahas",POSITIF
"Kualitas editing video ini sangat jelek, membuat sulit untuk menikmatinya",NEGATIF
"Saya kecewa dengan kualitas video YouTube ini, terlalu buram dan suaranya tidak jelas.",NEGATIF
Komentar-komentar positif di bawah video ini membuat saya senang membacanya.,POSITIF
"Aku merasa bosan dengan konten video YouTube semacam ini, terlalu biasa dan klise.",NEGATIF
"Menariknya video ini tidak hanya menghibur tetapi juga memberikan wawasan baru, keren!",POSITIF
Saya merasa risih dengan komentar negatif dan provokatif di bawah video ini.,NEGATIF
"Video ini memberikan pandangan yang netral tanpa memihak pada suatu pihak, sangat informatif.",NETRAL
"Saya merasa terinspirasi setelah menonton video motivasi ini, semangat!",POSITIF
"Konten yang diunggah kurang berkualitas, membuat saya merasa jenuh melihatnya.",NEGATIF
"Saya tidak begitu tertarik dengan topik yang dibahas dalam video ini, biasa saja.",NETRAL
"Video YouTube ini sangat inspiratif, saya terkesan dengan kontennya",POSITIF
"Aku suka banget sama video ini, selalu bikin moodku bagus",POSITIF
"Gak suka sama editing video-nya, terlalu banyak efek yang bikin pusing",NEGATIF
"Isi konten video kurang menarik, jadi cepat bosan saat nonton",NEGATIF
"Wow, video ini bener-bener keren, saya jadi pengen nonton berulang kali",POSITIF
"Komentar-komentar negatif di video ini ngeselin banget, seharusnya dihindari",NEGATIF
"Saya setuju dengan pendapat pembuat video, kontennya informatif banget",POSITIF
"Video ini seharusnya lebih singkat, terlalu panjang dan membosankan",NEGATIF
"Kualitas video kurang bagus, terutama audionya yang kurang jelas",NEGATIF
Suasana positif di video ini bikin saya senang dan terhibur,POSITIF
"Video YouTube ini sangat informatif dan menginspirasi, saya senang menontonnya",POSITIF
Saya merasa kecewa dengan kualitas video yang buram dan suara yang tidak jelas,NEGATIF
"Wow, video ini benar-benar lucu dan menghibur, saya suka sekali",POSITIF
"Aku merasa terharu melihat video ini, sangat menyentuh hati",POSITIF
"Video ini terlalu panjang dan membosankan, saya merasa malas menontonnya sampai selesai",NEGATIF
"Ulasan yang bagus, saya jadi lebih mengerti topik yang dibahas dalam video",POSITIF
Mengapa video ini bisa viral? Saya tidak melihat daya tariknya,NEGATIF
"Video ini penuh dengan kontroversi, saya tidak setuju dengan pendapat yang disampaikan",NEGATIF
Saya sangat terkesan dengan editing video yang kreatif dan menarik perhatian,POSITIF
Video ini sangat menghibur! Saya suka banget adegan lucunya.,POSITIF
"Mbak, tolong jangan joget-joget di video. Ngeri nontonnya.",NEGATIF
"Sejujurnya, video ini kurang menarik menurutku.",NEGATIF
Komentar positif yang ada di video ini membuatku senang.,POSITIF
"Aku bingung, kenapa video ini viral banget?",NETRAL
"Suka deh sama kualitas editing video ini, apalagi bagian efek suaranya!",POSITIF
"Wajib nonton video ini, seru banget!",POSITIF
Apakah cuma aku yang merasa video ini membosankan?,NEGATIF
"Astagfirullah, kenapa yang komen jadi ribut di video ini?",NEGATIF
Tingkat kreativitas pembuat video ini luar biasa!,POSITIF
"Isinya tidak sesuai ekspektasi, kecewa!",NEGATIF
"Wow, video ini memberikan wawasan baru yang menarik",POSITIF
"Terlalu banyak iklan di video, mengganggu",NEGATIF
"Saya merasa video ini biasa saja, tidak istimewa",NETRAL
"Komentar positif yang masuk banyak sekali, patut diacungi jempol",POSITIF
Saya tidak suka gaya editing yang digunakan dalam video ini,NEGATIF
"Video ini cukup informatif, saya puas dengan kontennya",POSITIF
"Video YouTube ini sangat menginspirasi, saya jadi terpacu untuk berkarya lebih banyak lagi.",POSITIF
"Konten video tersebut kurang menarik dan terlalu biasa saja, tidak ada hal istimewa yang ditawarkan.",NEGATIF
"Saya suka cara penyampaiannya, jelas dan informatif. Sangat membantu untuk memahami topik yang dibahas.",POSITIF
Komentar-komentar negatif yang tidak berbobot hanya mengganggu suasana positif di video tersebut.,NEGATIF
"Video YouTube ini cukup menarik, namun terlalu panjang sehingga terasa membosankan di beberapa bagian.",NETRAL
"Saya tidak sepakat dengan pendapat pembuat video ini, terlalu banyak informasi yang disampaikan tanpa struktur yang jelas.",NEGATIF
"Video ini membuat saya tertawa terbahak-bahak, sangat menghibur.",POSITIF
"Tata editing video kurang rapi dan kurang menarik, seharusnya bisa lebih diperhatikan agar penonton betah.",NEGATIF
Penggunaan musik latar yang pas benar-benar memperkuat emosi yang ingin disampaikan dalam video tersebut.,POSITIF
Komentar-komentar positif yang membangun dari para penonton membuat saya semakin yakin bahwa video tersebut luar biasa.,POSITIF
"Aku merasa kecewa dengan isi video ini, sangat tidak sesuai ekspektasi",NEGATIF
"Setelah menonton video ini, saya jadi lebih paham tentang topik yang dibahas",POSITIF
"Video ini terlalu panjang dan membosankan, saya kesulitan untuk menonton sampai akhir",NEGATIF
"Reaksi netizen terhadap video ini sangat positif, banyak yang memberikan komentar mendukung",POSITIF
"Saya merasa video ini tidak terlalu berkualitas, editingnya kurang rapi",NEGATIF
"Pengguna YouTube lain sepertinya juga senang dengan konten video ini, banyak yang memberikan like",POSITIF
"Video ini tidak mendidik dan hanya menghibur semata, saya harap konten lebih bermanfaat ke depannya",NEGATIF
"Opini saya tentang video ini cukup netral, tidak terlalu terkesan tapi juga tidak buruk",NETRAL
"Setelah menonton video ini, saya merasa terinspirasi dan ingin berbagi ke teman-teman",POSITIF
"Aduh, video YouTube itu bikin saya sedih banget",NEGATIF
Saya merasa netral tentang konten di video YouTube tersebut,NETRAL
"Keren banget videonya, saya suka dengan ide kreatifnya",POSITIF
Komentar negatif di video YouTube itu bikin suasana jadi kurang enak,NEGATIF
Saya senang melihat respon positif dari banyak orang terhadap video tersebut,POSITIF
Kualitas visual dalam video itu sangat mengecewakan,NEGATIF
Saya tidak begitu tertarik dengan konten video itu,NETRAL
Saya merasa terhibur saat menonton video lucu di YouTube,POSITIF
Kritik yang membangun dalam komentar video sangat membantu,POSITIF
"Video YouTube tersebut sangat menginspirasi, saya jadi semangat untuk mengejar mimpi saya.",POSITIF
Apa sih yang istimewa dari video ini? Saya kurang merasakan dampak positifnya.,NEGATIF
"Reaksi saya ketika melihat video ini adalah terharu, sangat menyentuh hati.",POSITIF
"Sejujurnya, saya merasa bosan dengan konten yang monoton seperti ini.",NEGATIF
"Video YouTube ini bikin saya ketawa terus, lucu banget!",POSITIF
Saya kecewa dengan kualitas video dan editing yang kurang baik.,NEGATIF
Saya sangat terkesan dengan kreativitas pembuat video ini.,POSITIF
Konten video yang tidak mendidik dan hanya buang-buang waktu.,NEGATIF
Video ini berhasil menyampaikan pesan moral dengan sangat baik.,POSITIF
"Video YouTube ini sangat menginspirasi saya, terima kasih telah membuat konten yang luar biasa!",POSITIF
"Saya merasa kecewa dengan video ini, isinya kurang berkualitas dan membosankan.",NEGATIF
Reaksi saya ketika menonton video ini adalah senang karena isinya lucu dan menghibur.,POSITIF
"Opini saya terhadap video ini netral, tidak terlalu menarik tapi juga tidak buruk.",NETRAL
"Video ini menimbulkan kontroversi di komentar, banyak yang setuju dan banyak yang protes.",NETRAL
"Reaksi saya negatif terhadap video ini, terlalu banyak iklan yang mengganggu.",NEGATIF
Ulasan positif dari banyak pengguna membuat saya penasaran untuk menonton video ini.,POSITIF
"Saya merasa video ini tidak bermutu dan sekedar mengikuti tren, tidak orisinal.",NEGATIF
Opini saya netral terhadap video ini meskipun tidak begitu menarik bagi saya secara pribadi.,NETRAL
"Konten di video ini sangat menarik, saya tidak bisa berhenti menontonnya",POSITIF
"Saya kecewa dengan isi video ini, sangat tidak sesuai ekspektasi",NEGATIF
"Viewer lain mungkin suka, tapi saya merasa video ini membosankan",NEGATIF
"Saya netral terhadap video ini, tidak terlalu terkesan tapi juga tidak buruk",NETRAL
"Video YouTube ini sangat informatif, saya jadi banyak belajar hal baru",POSITIF
"Kualitas video jelek, susah banget nyari tahu isi sebenarnya",NEGATIF
Saya senang video ini tidak hanya menghibur tapi juga memberikan pesan moral,POSITIF
"Komentar-komentar di video ini membuat saya risih, terlalu banyak konten negatif",NEGATIF
"Saya merasa biasa saja dengan video ini, tidak ada yang istimewa",NETRAL
"Setelah menonton video ini, saya merasa terinspirasi untuk mencoba hal baru. Terima kasih!",POSITIF
"Saya merasa kecewa dengan konten video ini, terlalu bias dan tidak memberikan informasi yang akurat.",NEGATIF
"Video ini sangat membosankan, saya tidak bisa menyelesaikan menontonnya sampai akhir.",NEGATIF
"Menurut saya, video ini kurang bermanfaat dan terlalu panjang.",NEGATIF
"Saya netral terhadap video ini, tidak terlalu tertarik namun juga tidak merasa membosankan.",NETRAL
Saya menyukai gaya editing dan musik latar yang dipilih dalam video ini.,POSITIF
"Pembahasan dalam video ini sangat menginspirasi, saya belajar banyak dari kontennya.",POSITIF
"Pendapat yang disampaikan dalam video ini sangat kontroversial, saya merasa tidak nyaman menontonnya.",NEGATIF
"Saya setuju dengan pandangan yang diungkapkan dalam video ini, sangat relevan dengan kondisi saat ini.",POSITIF
"Video tersebut sangat menginspirasi, saya jadi semangat belajar!",POSITIF
"Konten di video terlalu dangkal, tidak informatif sama sekali.",NEGATIF
"Saya suka cara penyampaiannya, sangat menyenangkan untuk ditonton.",POSITIF
Komentar-komentar negatif di kolom itu hanya mencari sensasi.,NEGATIF
"Cara edit videonya keren banget, jadi terhibur ketika menonton.",POSITIF
"Adegannya terlalu provokatif, sebaiknya dihindari oleh anak-anak.",NEGATIF
Video ini membantu saya memahami topik yang sebelumnya sulit.,POSITIF
Membosankan! Lebih baik skip video ini dan cari yang lain.,NEGATIF
"Suara naratornya sangat merdu, membuat saya betah menonton sampai habis.",POSITIF
"Tidak puas dengan konten video, terlalu banyak iklan yang mengganggu.",NEGATIF
"Wow, video ini keren banget! Saya suka dengan editing dan musiknya",POSITIF
"Isi video terlalu membosankan, saya tidak bisa menonton sampai akhir",NEGATIF
"Video ini memberikan informasi yang sangat bermanfaat, terima kasih kepada pembuatnya",POSITIF
"Kualitas video jelek, buram dan suaranya pecah. Saya tidak merekomendasikan untuk ditonton",NEGATIF
"Saya merasa biasa-biasa saja dengan video ini, tidak terlalu menarik bagi saya",NETRAL
"Saya terharu dengan pesan yang disampaikan dalam video ini, sangat menyentuh hati saya",POSITIF
"Video ini terlalu panjang, saya merasa bosan dan kehilangan minat untuk menonton sampai selesai",NEGATIF
"Saya senang bisa menemukan video ini, sangat menghibur dan informatif",POSITIF
"Video YouTube ini sangat menginspirasi, saya jadi ingin membuat konten yang lebih baik lagi.",POSITIF
"Ulasan yang sangat negatif tentang video ini membuat saya kecewa, seharusnya memberikan kritik yang membangun.",NEGATIF
"Saya merasa terhibur dan senang menonton video ini, terima kasih kepada pembuat kontennya.",POSITIF
"Kualitas video buruk dan isinya tidak relevan, sangat mengecewakan.",NEGATIF
"Video ini tidak terlalu menarik bagi saya, tapi saya menghargai usaha yang telah dilakukan.",NETRAL
"Saya merasa terbantu dengan tutorial yang diberikan dalam video ini, sangat informatif!",POSITIF
"Isi konten video tidak jelas dan terlalu membingungkan, sebaiknya disusun dengan lebih baik.",NEGATIF
Sangat keren! Saya jadi termotivasi untuk mencoba hal-hal baru setelah menonton video ini.,POSITIF
Pembuat video seharusnya lebih memperhatikan detail dan memperbaiki kualitasnya.,NEGATIF
Video YouTube ini sangat menginspirasi! Terima kasih sudah membagikannya.,POSITIF
"Saya merasa bosan dengan konten video YouTube ini, tidak menarik sama sekali.",NEGATIF
"Setelah menonton video ini, saya jadi ingin mencoba hal-hal baru. Sangat positif!",POSITIF
"Kualitas video YouTube-nya buruk, sulit untuk menikmati kontennya.",NEGATIF
Video YouTube ini membantu saya memecahkan masalah yang selama ini saya alami. Sangat bermanfaat!,POSITIF
Komentar-komentar negatif di video ini membuat saya kehilangan minat untuk menonton selanjutnya.,NEGATIF
"Saya merasa netral terhadap konten video ini, tidak terlalu menarik namun juga tidak buruk.",NETRAL
Saya terinspirasi untuk membuat konten video sendiri setelah melihat video ini.,POSITIF
"Saya tidak menyukai gaya penyajian video YouTube ini, terlalu berlebihan.",NEGATIF
"Komentar positif yang mengalir begitu banyak di video ini, mantap!",POSITIF
Saya merasa bosan dengan konten seperti ini. Lebih baik memilih video yang lain.,NEGATIF
"Video ini membuat saya tertawa terbahak-bahak, keren banget!",POSITIF
Apa sih gunanya video begini? Saya merasa waktu saya terbuang percuma.,NEGATIF
"Saya netral saja tentang video ini, tidak terlalu menarik tapi juga tidak buruk.",NETRAL
Saya senang bisa menemukan konten edukatif seperti ini di YouTube.,POSITIF
"Apa-apaan video ini, terlalu membosankan. Saya kecewa.",NEGATIF
Pengalaman menonton video ini benar-benar memotivasi saya. Terima kasih!,POSITIF
"Gagal paham dengan konten video ini, terlalu membingungkan.",NEGATIF
Reaksi pengguna lain terhadap video ini membuat saya terhibur.,POSITIF
"Video ini terlalu biasa saja, tidak begitu menarik perhatian.",NETRAL
"Saya terkesan dengan kekreatifan pembuat video, sangat menginspirasi!",POSITIF
"Tidak suka dengan gaya editing yang digunakan, terlalu berlebihan.",NEGATIF
"Merasa bosan setelah menonton video ini, kurang bersemangat.",NEGATIF
"Video ini memberikan informasi yang sangat bermanfaat, patut di-share!",POSITIF
Komentar negatif di bawah video membuat suasana jadi kurang menyenangkan.,NEGATIF
Menarik melihat reaksi beragam dari penonton terhadap video ini.,POSITIF
"Video YouTube ini sangat informatif dan bermanfaat bagi saya, sangat bagus!",POSITIF
"Sangat kecewa dengan kualitas video yang buram, tidak bisa menikmati kontennya",NEGATIF
"Aku suka banget gaya editingnya, video ini keren banget!",POSITIF
"Isi video kurang menarik, tidak sepadan dengan durasi yang panjang",NEGATIF
"Menarik sekali ide kontennya, saya jadi semangat untuk membuat video juga",POSITIF
"Komentar negatif yang tidak sopan memenuhi kolom komentar, sangat mengganggu",NEGATIF
Penggunaan musik yang tidak sesuai dengan suasana video membuat saya tidak nyaman,NEGATIF
"Saya setuju dengan pendapat yang disampaikan dalam video ini, sangat relevan",POSITIF
"Saya senang melihat video ini, sangat menginspirasi!",POSITIF
"Kualitas video terlalu rendah, sulit untuk dinikmati",NEGATIF
Pendapat yang disampaikan dalam video ini membingungkan,NEGATIF
Saya tidak terlalu terkesan dengan isi dari video tersebut,NETRAL
Video ini mencerminkan keindahan alam dengan sangat baik,POSITIF
Saya merasa video ini terlalu bias dan tidak objektif,NEGATIF
"Cara penyampaiannya kurang menarik, membuat saya cepat bosan",NEGATIF
"Video ini sangat menginspirasi, saya terharu melihatnya.",POSITIF
"Saya suka cara penyajian konten di video ini, sangat menarik!",POSITIF
"Terima kasih atas video yang menghibur, saya senang menontonnya.",POSITIF
Komentar pengguna di video ini penuh dengan kontroversi.,NEGATIF
Video ini berhasil membuat saya tertawa sepanjang durasinya.,POSITIF
Sangat disayangkan bahwa video ini tidak memberikan informasi yang akurat.,NEGATIF
"Video YouTube ini sangat menginspirasi, membuat saya semangat! Terima kasih uploader!",POSITIF
"Saya sangat kecewa dengan konten video ini, tidak sesuai ekspektasi sama sekali.",NEGATIF
"Menurut saya, video ini biasa saja, tidak terlalu menarik tapi juga tidak buruk.",NETRAL
"Wow, keren banget video ini! Sangat kreatif dan menghibur.",POSITIF
Saya merasa video ini kurang informatif dan terlalu panjang.,NEGATIF
"Suka banget sama gaya editing video ini, simpel tapi elegan.",POSITIF
"Konten video yang kurang bermanfaat, lebih baik dihindari.",NEGATIF
"Mungkin video ini cocok untuk orang lain, tapi tidak untuk saya.",NETRAL
"Saya tidak suka dengan nada bicara pembawa acara dalam video ini, terlalu datar.",NEGATIF
"Wow, video ini benar-benar lucu! Selalu berhasil membuat saya tertawa.",POSITIF
"Isi video terlalu dangkal, saya harap ada lebih banyak informasi yang disampaikan.",NEGATIF
"Saya merasa biasa saja tentang video ini, tidak terlalu menarik tapi juga tidak buruk.",NETRAL
"Komentar pengguna di video ini sangat positif, banyak yang terinspirasi!",POSITIF
"Saya tidak suka gaya editing yang digunakan dalam video ini, terlalu mencolok.",NEGATIF
"Video ini membuat saya merasa terhibur, sangat bagus untuk mengisi waktu luang.",POSITIF
Saya merasa kecewa karena konten video tidak sesuai dengan judul yang menarik.,NEGATIF
"Saya netral terhadap video ini, tidak ada yang istimewa namun juga tidak buruk.",NETRAL
"Saya kecewa dengan konten video ini, terlalu banyak iklan dan kurang informatif.",NEGATIF
"Video YouTube ini tidak terlalu menarik bagi saya, tapi kualitasnya bagus.",NETRAL
Komentar di bawah video ini penuh dengan kebencian dan provokasi.,NEGATIF
"Saya suka bagian di menit ke-3, sangat kreatif dan lucu!",POSITIF
"Penjelasan di video ini sangat mudah dipahami, terima kasih kepada pembuatnya.",POSITIF
"Adegan kontroversial di video ini sebaiknya tidak ditampilkan, tidak pantas.",NEGATIF
"Saya merasa bosan menonton video sejenis, butuh variasi konten yang baru.",NEGATIF
"Kualitas audio di video ini buruk, sulit mendengarkan dengan jelas.",NEGATIF
"Saya setuju dengan pendapat narator video ini, sangat informatif dan objektif.",POSITIF
"Video YouTube ini sangat menginspirasi, saya merasa terhibur dan terinspirasi setelah menontonnya.",POSITIF
"Aduh, video YouTube ini terlalu membosankan, saya malah tertidur saat menontonnya.",NEGATIF
"Wow, saya tidak menyangka video ini viral! Sangat menarik untuk ditonton dan dibagikan.",POSITIF
Saya merasa kecewa karena judul yang menarik ternyata isinya tidak sesuai ekspektasi.,NEGATIF
"Video ini berhasil membuat saya tertawa terbahak-bahak, selalu jadi mood booster!",POSITIF
"Saya tidak suka dengan gaya editing yang digunakan dalam video ini, terlalu berlebihan menurut saya.",NEGATIF
"Opini saya netral terkait video ini, tidak terlalu menarik namun juga tidak buruk.",NETRAL
"Ini adalah video YouTube terbaik yang pernah saya tonton, sangat menghibur dan menginspirasi.",POSITIF
Saya merasa kesal karena iklan yang terlalu sering muncul di tengah-tengah video ini.,NEGATIF
"Video ini cukup informatif, saya mendapatkan banyak pengetahuan setelah menontonnya.",POSITIF
"Parah banget deh video ini, isinya cuma nyinyir doang",NEGATIF
"Wow, video YouTube ini keren banget, saya jadi semangat",POSITIF
"Aduh, kok video ini bikin baper ya, jangan nangis dong",NEGATIF
"Menarik sih video ini, tapi kurang greget aja",NETRAL
"Saya suka banget gaya editingnya, mantap deh video ini",POSITIF
"Nggak lucu deh video ini, lebay abis",NEGATIF
"Biasa aja sih video ini, nggak begitu menarik",NETRAL
"Video YouTube ini memberikan wawasan baru, keren!",POSITIF
"Udah bosan nonton video kayak gini terus, gak greget",NEGATIF
"Aku merasa kecewa dengan kualitas video YouTube ini, kurang informatif dan membosankan.",NEGATIF
"Reaksi pengguna di komentar video YouTube ini lucu banget, bikin ngakak!",POSITIF
Apa sih yang bagus dari video YouTube ini? Saya tidak melihat daya tariknya sama sekali.,NEGATIF
"Menurutku video YouTube ini biasa saja, tidak terlalu istimewa tapi juga tidak buruk.",NETRAL
"Wow, video YouTube ini keren banget! Saya suka dengan konsepnya.",POSITIF
"Saya kurang setuju dengan pendapat yang disampaikan dalam video ini, terlalu kontroversial.",NEGATIF
"Setelah menonton video ini, saya jadi merasa lebih berpengetahuan. Sangat informatif!",POSITIF
"Saya tidak suka dengan gaya editing video ini, terlalu banyak efek yang mengganggu.",NEGATIF
"Aduh, video ini terlalu membosankan, saya malah tertidur",NEGATIF
"Saya merasa kecewa dengan kualitas video ini, kurang jelas",NEGATIF
"Video yang menginspirasi, membuat saya termotivasi untuk melakukan hal-hal baru",POSITIF
"Membuat saya tertawa terbahak-bahak, video yang lucu sekali!",POSITIF
Saya merasa terganggu dengan banyaknya iklan di dalam video,NEGATIF
"Suka dengan gaya editing video yang kreatif, memperindah tampilan keseluruhan",POSITIF
"Komentar pengguna di bawah video sangat tidak sopan, membuat suasana jadi kurang nyaman",NEGATIF
Saya tidak suka dengan gaya editing yang terlalu bertele-tele dalam video ini,NEGATIF
"Menurut saya, konten video tersebut kurang informatif dan membosankan",NEGATIF
"Wow, video ini benar-benar menghibur dan lucu, saya suka sekali",POSITIF
Saya merasa kecewa karena judul video tidak sesuai dengan isi yang sebenarnya,NEGATIF
Pengambilan gambar yang indah membuat video ini begitu menawan,POSITIF
"Pembicara dalam video terlalu monoton, membuat saya cepat bosan",NEGATIF
"Video ini memberikan pandangan yang berbeda dan menarik, sangat menginspirasi",POSITIF
Saya tidak suka dengan kualitas audio yang buruk dalam video ini,NEGATIF
Saya sangat senang dengan konten yang disajikan dalam video tersebut,POSITIF
"Wow, video ini sangat kreatif dan menghibur",POSITIF
"Saya kecewa dengan isi video ini, tidak sesuai harapan",NEGATIF
"Kualitas video kurang bagus, sulit untuk menontonnya",NEGATIF
Saya merasa bosan dengan konsep video yang monoton seperti ini,NEGATIF
"Tidak terlalu terkesan dengan konten video ini, biasa saja",NETRAL
Saya agak bingung dengan pesan yang ingin disampaikan dalam video ini,NETRAL
"Video ini kurang menarik bagi saya, tidak begitu menonjol",NETRAL
Saya merasa antusias melihat video baru dari channel ini,POSITIF
"Video ini sangat informatif dan menarik, saya jadi semakin paham tentang topiknya.",POSITIF
"Saya kecewa dengan video ini, isinya terlalu bias dan tidak akurat.",NEGATIF
"Video ini lumayan bagus, tapi ada beberapa bagian yang kurang jelas menurut saya.",NETRAL
"Saya sangat terhibur dengan video ini, terima kasih telah berbagi konten yang menghibur!",POSITIF
"Menurut saya, video ini terlalu panjang dan membosankan, saya tidak suka.",NEGATIF
"Saya setuju dengan pendapat yang disampaikan dalam video ini, sangat relevan dengan situasi saat ini.",POSITIF
Saya merasa video ini kurang menghibur dan tidak sesuai dengan ekspektasi saya.,NEGATIF
"Video ini oke, tidak buruk tapi juga tidak terlalu menarik, standar saja.",NETRAL
"Saya kecewa karena video ini tidak sesuai dengan judulnya, mengecewakan.",NEGATIF
"Reaksi pengguna lain terhadap video ini lucu banget, bikin ngakak!",POSITIF
"Opini saya netral terhadap video YouTube tersebut, tidak terlalu menarik.",NETRAL
"Menurut saya, video ini penuh dengan kontroversi, membuat saya tidak nyaman menontonnya.",NEGATIF
"Banyak komentar negatif tentang video ini, sepertinya tidak menyenangkan.",NEGATIF
"Saya merasa video ini kurang informatif, tapi cukup menghibur.",NETRAL
"Reaksi pengguna terhadap video ini sangat beragam, menarik untuk diamati.",NETRAL
"Video ini berhasil membuat saya terhibur sekaligus terinspirasi, sungguh positif!",POSITIF
"Adegan di menit 5:23 benar-benar lucu, saya terhibur",POSITIF
"Kualitas videonya jelek banget, susah nonton",NEGATIF
Saya kecewa dengan konten yang kurang informatif,NEGATIF
"Video ini biasa saja, tidak istimewa",NETRAL
"Pengaturan lighting-nya bagus banget, visualnya memukau",POSITIF
"Saya tidak suka gaya editing yang dipakai, terlalu berlebihan",NEGATIF
Komentar pengguna di bawah video sangat positif,POSITIF
Saya merasa bosan saat menonton video ini,NEGATIF
"Video ini berhasil membuat saya tertawa, bagus sekali",POSITIF
Adegan kontroversial dalam video membuat saya tidak nyaman menontonnya.,NEGATIF
Trending di YouTube tapi sebenarnya kurang menarik menurutku.,NEGATIF
"Setelah menonton video ini, saya jadi ingin mencari tahu lebih banyak tentang topiknya.",POSITIF
Saya merasa terinspirasi setelah menyaksikan video motivasional ini.,POSITIF
Para kreator video YouTube semakin kreatif dan inovatif.,POSITIF
Komentar yang tidak sopan di kolom video membuat saya kehilangan minat untuk menontonnya lebih lanjut.,NEGATIF
Video ini berhasil membuat saya tertawa sepanjang durasi tayangannya.,POSITIF
"Isi video sangat informatif, saya belajar banyak dari menontonnya.",POSITIF
Saya merasa kecewa karena judul video tidak sesuai dengan konten yang sebenarnya.,NEGATIF
"Suka banget dengan video ini, kontennya sangat menghibur!",POSITIF
"Sangat kecewa dengan isi video, tidak sesuai ekspektasi sama sekali.",NEGATIF
Menarik! Saya jadi ingin mencari tahu lebih banyak setelah menonton video ini.,POSITIF
"Reaksi saya campur aduk, ada bagian yang lucu tapi ada yang kurang mengena.",NETRAL
"Video ini sangat inspiratif, membuat saya termotivasi untuk berkarya lebih banyak.",POSITIF
"Terlalu banyak iklan di video, mengganggu pengalaman menonton.",NEGATIF
"Saya merasa bosan saat menonton video ini, kurang menarik.",NEGATIF
Pendapat saya sama sekali berbeda dengan apa yang diungkapkan dalam video.,NEGATIF
"Penjelasan dalam video sangat mudah dipahami, terima kasih telah berbagi informasi!",POSITIF
"Saya merasa netral terhadap video ini, tidak terlalu terkesan tapi juga tidak buruk.",NETRAL
"Saya merasa kecewa dengan konten video YouTube ini, tidak sesuai ekspektasi saya",NEGATIF
"Reaksi positif dari penonton terhadap video ini sangat menular, saya jadi semangat",POSITIF
Video ini hanya memancing kontroversi dan tidak memberikan nilai positif apapun,NEGATIF
Menarik sekali melihat reaksi netizen yang beragam terhadap video tersebut,NETRAL
Saya terharu melihat bagaimana video ini memberikan inspirasi positif kepada banyak orang,POSITIF
"Banyak komentar negatif yang tidak berdasar pada video ini, seharusnya lebih bijak dalam berpendapat",NEGATIF
"Opini saya tentang video ini cukup netral, tidak terlalu terkesan",NETRAL
"Video YouTube ini berhasil membuat saya tertawa terbahak-bahak, bagus sekali!",POSITIF
"Saya tidak suka dengan sikap kontroversial sang pembuat video, membuat saya tidak tertarik menonton",NEGATIF
"Aduh, video ini bikin saya baper, sedih banget.",NEGATIF
"Menarik juga sih konten di video ini, jadi pengen nonton terus.",POSITIF
"Saya tidak suka sama konten video ini, terlalu membosankan.",NEGATIF
"Video YouTube yang luar biasa, terima kasih atas informasinya!",POSITIF
"Komentar-komentar negatif di video ini bikin bete, jangan direspon!",NEGATIF
"Netral saja sih, video ini standar saja menurut saya.",NETRAL
"Wow, saya terkesan dengan kualitas produksi video ini, keren!",POSITIF
"Saya rasa video ini kurang informatif, tidak memberikan nilai tambah.",NEGATIF
Video YouTube ini sangat menginspirasi saya untuk mengejar impian saya. POSITIF,POSITIF
"Saya merasa bosan dengan konten video YouTube ini, kurang menarik. NEGATIF",NEGATIF
"Reaksi pengguna terhadap video YouTube ini sangat positif, banyak yang memberikan pujian. POSITIF",POSITIF
Saya tidak setuju dengan pendapat yang disampaikan di video ini. NEGATIF,NEGATIF
"Opini saya tentang video YouTube ini netral, tidak terlalu suka namun juga tidak benci. NETRAL",NETRAL
Video ini penuh kontroversi dan memicu berbagai reaksi dari pengguna. NETRAL,NETRAL
"Saya sangat terhibur dengan video YouTube ini, lucu dan menghibur. POSITIF",POSITIF
"Kualitas video sangat buruk, sulit dipahami, saya kecewa. NEGATIF",NEGATIF
Reaksi saya terhadap video ini positif karena penjelasannya sangat jelas dan informatif. POSITIF,POSITIF
"Video ini terlalu bias dan tidak objektif, membuat saya frustasi. NEGATIF",NEGATIF
"Aduh, video ini terlalu membosankan, saya hampir tertidur saat menontonnya.",NEGATIF
"Wow, saya tidak menyangka video ini bisa sebagus itu! Sangat keren!",POSITIF
"Video ini lumayan bagus sih, tidak terlalu istimewa tapi cukup menghibur.",NETRAL
"Saya suka cara penyampaiannya, video ini memberikan pandangan yang berbeda.",POSITIF
Apa sih yang menarik dari video ini? Saya merasa kehilangan waktu menontonnya.,NEGATIF
"Video ini cukup informatif, saya jadi mendapat banyak pengetahuan baru.",POSITIF
"Saya agak kecewa dengan durasi video yang terlalu pendek, ingin tahu lebih banyak.",NEGATIF
Keren banget videonya! Saya sudah nonton berkali-kali dan tetap suka.,POSITIF
"Video ini sangat menginspirasi, saya jadi ingin membuat konten YouTube juga!",POSITIF
"Wow, video ini sungguh menghibur! Saya sampai tertawa terbahak-bahak.",POSITIF
"Isi konten video kurang menarik, saya cepat bosan saat menontonnya.",NEGATIF
"Pengaturan pencahayaan dalam video sangat bagus, terlihat sangat profesional.",POSITIF
Apa sih kegunaan video ini? Saya merasa waktu saya terbuang percuma.,NEGATIF
"Saya setuju dengan pendapat pembuat video, sangat informatif dan bermanfaat.",POSITIF
"Saya suka banget sama konten di channel ini, selalu lucu dan informatif.",POSITIF
"Video ini kurang berkualitas, terlalu banyak iklan!",NEGATIF
"Wow, video ini viral banget di media sosial, keren!",POSITIF
"Saya merasa bosan dengan konten-konten seperti ini, tidak orisinil.",NEGATIF
"Saya setuju dengan pendapat pembuat video, sangat informatif!",POSITIF
Para YouTuber seharusnya lebih kreatif dalam membuat konten agar tidak membosankan.,NEGATIF
Video YouTube ini sangat informatif dan membuat saya terinspirasi. Saya suka sekali!,POSITIF
"Aduh, video ini terlalu membingungkan. Saya tidak bisa mengikuti alur ceritanya.",NEGATIF
"Menurut saya, video ini biasa saja. Tidak terlalu menarik.",NETRAL
Saya senang video ini memberikan pandangan baru yang menarik. Terima kasih!,POSITIF
Saya kecewa dengan kualitas video ini. Terlalu banyak gangguan visual.,NEGATIF
Video ini berhasil membuat saya tertawa sepanjang durasinya. Keren!,POSITIF
Saya merasa bosan saat menonton video ini. Isinya tidak menarik sama sekali.,NEGATIF
"Video ini lumayan bagus, tapi bisa lebih baik dengan penyuntingan yang lebih baik.",NETRAL
"Wow, video ini menginspirasi saya untuk mencoba hal baru. Sangat bagus!",POSITIF
"Sayangnya, video ini terlalu panjang dan membuat saya bosan. Kurangi durasinya, mungkin?",NEGATIF
"Saya merasa bosan dengan konten video YouTube ini, kurang menarik.",NEGATIF
Reaksi positif yang saya dapatkan setelah menonton video ini membuat saya semangat!,POSITIF
"Opini saya netral terhadap video YouTube tersebut, tidak terlalu istimewa.",NETRAL
"Saya sangat kecewa dengan isi video ini, tidak sesuai ekspektasi sama sekali.",NEGATIF
"Setelah menonton video tersebut, saya merasa terhibur dan senang.",POSITIF
"Opini sebagian besar penonton terhadap video ini negatif, kurang menghibur.",NEGATIF
"Saya merasa video ini biasa saja, tidak terlalu istimewa tapi juga tidak buruk.",NETRAL
Respon positif dari pengguna lain membuat saya penasaran untuk menonton video tersebut.,POSITIF
"Tidak suka sama sekali dengan video YouTube ini, terlalu membosankan.",NEGATIF
"Saya merasa kecewa dengan isi video ini, tidak sesuai ekspektasi saya",NEGATIF
"Reaksi penonton di video ini lucu banget, sukses membuat saya tertawa keras",POSITIF
"Video ini terlalu membosankan, saya tidak tahan menonton sampai selesai",NEGATIF
"Saya sangat terkesan dengan editing video yang keren, sangat profesional",POSITIF
Komentar negatif di bawah video ini semakin membuat saya frustasi,NEGATIF
"Saya setuju dengan pendapat pembuat video ini, sangat berbobot dan informatif",POSITIF
"Video ini mengganggu, terlalu banyak iklan yang muncul",NEGATIF
"Saya merasa netral terhadap konten video ini, tidak terlalu menarik bagi saya",NETRAL
"Saya kecewa dengan konten video ini, terlalu banyak mengulur-ulur pembahasannya.",NEGATIF
"Saya merasa bosan dengan video ini, tidak ada hal yang menarik.",NEGATIF
Reaksi netizen terhadap video ini sungguh luar biasa positif!,POSITIF
Video ini menimbulkan kontroversi di kalangan penontonnya.,NETRAL
Saya tidak setuju dengan pandangan yang disampaikan dalam video ini.,NEGATIF
"Bagus sekali video ini, sangat menghibur dan edukatif!",POSITIF
"Tidak puas dengan kualitas produksi video ini, kurang profesional.",NEGATIF
"Saya merasa acuh dengan isi video tersebut, tidak begitu menarik bagi saya.",NETRAL
"Saya sangat terhibur dengan video ini, keren banget!",POSITIF
Tidak suka dengan konten video yang kurang informatif,NEGATIF
"Video ini membuat saya tertawa sepanjang hari, lucu banget!",POSITIF
"Penggunaan musik di video ini sangat mengganggu, tidak nyaman ditonton",NEGATIF
"Menarik, saya jadi ingin mencoba resep yang dibagikan di video",POSITIF
Komentar-komentar negatif di video ini sangat menjengkelkan,NEGATIF
Saya tidak terlalu terkesan dengan kualitas editing video ini,NETRAL
"Video ini sangat inspiratif, membuat saya semangat!",POSITIF
"Saya merasa bosan dengan tema video yang monoton, perlu variasi",NEGATIF
"Tidak begitu tertarik dengan konten video ini, kurang menarik bagi saya",NEGATIF
"Adegan di video ini terlalu provokatif, kurang sopan.",NEGATIF
Penggunaan musik di video ini sangat menyentuh hati.,POSITIF
"Isi konten video kurang informatif, tidak menarik sama sekali.",NEGATIF
Video ini membuat saya tertawa sepanjang hari!,POSITIF
Saya kecewa dengan clickbait yang digunakan dalam video.,NEGATIF
"Wow, video ini benar-benar menggugah emosi saya.",POSITIF
"Video YouTube ini sangat menginspirasi dan memberikan motivasi, saya suka sekali!",POSITIF
"Saya kecewa dengan konten video ini, terlalu banyak iklan dan kurang informatif",NEGATIF
"Tontonan yang menyenangkan, terhibur dengan konten video ini",POSITIF
"Saya merasa bosan saat menonton video ini, tidak ada hal menarik",NEGATIF
Komentar positif dari pengguna lain membuat saya tertarik untuk menonton video ini,POSITIF
"Video ini sangat informatif dan memberikan pandangan baru, sangat bagus!",POSITIF
"Kualitas video kurang bagus, terlalu buram dan suara pecah-pecah",NEGATIF
"Pengaturan pencahayaan dalam video ini sangat bagus, terlihat profesional",POSITIF
Saya merasa terganggu dengan editing yang berlebihan dalam video ini,NEGATIF
"Video ini sangat informatif dan membantu, saya suka sekali!",POSITIF
Apa sih yang menarik dari video ini? Saya merasa bosan.,NEGATIF
"Saya terinspirasi setelah menonton video ini, keren banget!",POSITIF
"Saya merasa kecewa, ekspektasi saya tidak sesuai dengan konten video.",NEGATIF
"Wow, video ini mengubah pandangan saya secara total!",POSITIF
"Kualitas video buruk, sulit untuk mengikuti kontennya.",NEGATIF
"Saya tertawa terus-terusan selama menonton video ini, sangat lucu!",POSITIF
Saya merasa jengkel dengan isi video yang terlalu bertele-tele.,NEGATIF
"Isi video kurang informatif, saya kecewa",NEGATIF
"Suka banget sama editing video-nya, keren!",POSITIF
Komentar negatif di video ini bikin suasana jadi tidak enak,NEGATIF
Apa sih sebenarnya tujuan dari video ini? Bingung saya,NEGATIF
"Setelah nonton video ini, saya jadi ingin membuat konten juga",POSITIF
"Kualitas video kurang bagus, saya harap bisa diperbaiki",NEGATIF
"Menarik banget isi dari video ini, terima kasih sudah berbagi!",POSITIF
"Sayang sekali video ini terlalu pendek, ingin lebih panjang",NEGATIF
Komentar positif di video ini membuat saya senang,POSITIF
"Keren banget video ini, saya suka sekali!",POSITIF
Video ini sangat menginspirasi saya untuk mencoba hal baru.,POSITIF
Saya kecewa karena video ini terlalu banyak iklan.,NEGATIF
"Menarik sekali isi dari video ini, saya jadi ingin mencari tahu lebih banyak.",POSITIF
Saya tidak suka gaya penyampaian presenter di video ini.,NEGATIF
"Video ini membuat saya tertawa sepanjang durasi, keren!",POSITIF
Saya merasa kecewa karena konten video tidak sesuai dengan judulnya.,NEGATIF
Video ini membuat saya merasa terinspirasi untuk melakukan hal serupa.,POSITIF
"Aku merasa kecewa dengan isi video ini, terlalu bias dan tidak memberikan informasi yang bermanfaat",NEGATIF
"Wow, video ini sangat lucu dan menghibur, selalu berhasil membuat saya tertawa",POSITIF
"Saya merasa terharu melihat video ini, pesan yang disampaikan begitu mengena",POSITIF
"Isi video terlalu bertele-tele dan tidak fokus, saya jadi cepat bosan saat menontonnya",NEGATIF
"Sangat menyenangkan melihat reaksi penonton terhadap video ini, semuanya terlihat begitu antusias",POSITIF
"Saya tidak sepenuhnya setuju dengan pandangan yang disampaikan dalam video ini, terlalu subjektif",NEGATIF
"Video ini memberikan wawasan baru bagi saya, sangat bernilai untuk ditonton",POSITIF
"Kualitas video buruk, sulit untuk menikmati kontennya dengan baik",NEGATIF
Video YouTube ini sangat informatif dan bermanfaat bagi saya.,POSITIF
Saya merasa terhibur dan senang menonton video ini.,POSITIF
"Kualitas video dan konten sangat rendah, saya kecewa.",NEGATIF
Penjelasan dalam video terlalu bertele-tele dan membingungkan.,NEGATIF
Saya tidak begitu tertarik dengan isi video ini.,NETRAL
Saya merasa kesal karena terlalu banyak iklan di video ini.,NEGATIF
Komentar positif dari pengguna lain membuat saya penasaran untuk menonton video ini.,POSITIF
Video ini menciptakan banyak kontroversi di kalangan penggemar.,NEGATIF
"Kualitas video-nya buruk banget, susah banget buat nonton.",NEGATIF
"Wah, penjelasan di video ini sangat mudah dipahami, terima kasih!",POSITIF
"Isi kontennya membosankan, saya kecewa menontonnya.",NEGATIF
Video ini memicu diskusi yang menarik di kolom komentar.,POSITIF
"Sangat mengecewakan, judul video tidak sesuai dengan isi.",NEGATIF
"Saya merasa video ini bias, tidak netral dalam memberikan informasi.",NEGATIF
"Saya jadi ingin mencoba hal baru setelah menonton video ini, inspiratif!",POSITIF
Komentar-komentar negatif yang terus menerus membuat video ini kurang menyenangkan.,NEGATIF
"Video ini tidak terlalu istimewa, biasa saja menurut saya.",NETRAL
"Saya merasa kecewa dengan konten video YouTube terbaru, kurang menarik",NEGATIF
"Wow, video YouTube ini benar-benar menginspirasi saya untuk melakukan hal serupa!",POSITIF
Komentar negatif yang tidak perlu di video YouTube hanya mengganggu suasana,NEGATIF
"Saya merasa netral terhadap konten video YouTube tersebut, biasa saja",NETRAL
Terima kasih atas video YouTube yang membantu saya menyelesaikan masalah ini!,POSITIF
"Aduh, video YouTube ini mengecewakan sekali, harapan saya tidak sesuai dengan kenyataan",NEGATIF
Saya senang melihat respon positif dari penonton terhadap video YouTube tersebut,POSITIF
"Kontroversi di video YouTube seringkali menarik perhatian, tapi terkadang berlebihan",NETRAL
Saya tidak terlalu suka dengan gaya editing yang digunakan dalam video YouTube ini,NEGATIF
"Saya merasa kecewa dengan kualitas konten video ini, sepertinya kurang berbobot.",NEGATIF
"Saya merasa video ini hanya membuang-buang waktu, tidak ada hal yang berarti.",NEGATIF
Opini yang beragam tentang video ini membuat saya penasaran untuk menilainya sendiri.,NETRAL
"Saya sangat terinspirasi dengan pesan yang disampaikan dalam video ini, sangat positif!",POSITIF
Tidak bisa dipungkiri bahwa video ini kontroversial dan memicu perdebatan di komentar.,NETRAL
"Saya merasa terhibur dan senang setelah menonton video ini, rekomendasi untuk ditonton!",POSITIF
"Saya merasa video ini kurang informatif, diharapkan bisa memberikan lebih banyak pengetahuan.",NEGATIF
"Meskipun ada beberapa kekurangan, secara keseluruhan video ini menghibur dan menarik perhatian.",POSITIF
"Aku merasa kecewa dengan konten video YouTube ini, tidak sesuai ekspektasi.",NEGATIF
"Reaksi pengguna terhadap video ini bervariasi, ada yang suka ada yang tidak.",NETRAL
"Setelah menonton video ini, saya jadi semakin termotivasi untuk mengejar mimpi!",POSITIF
Video YouTube ini penuh dengan konten clickbait dan sangat membingungkan.,NEGATIF
"Opini pengguna tentang video ini cenderung positif, banyak yang memberikan pujian.",POSITIF
"Saya merasa bosan dengan video YouTube ini, terlalu monoton dan tidak menarik.",NEGATIF
"Reaksi saya terhadap video ini netral, tidak terlalu terkesan tapi juga tidak buruk.",NETRAL
Sangat menyenangkan melihat komentar positif dari pengguna lain terkait video ini.,POSITIF
Video YouTube ini kontroversial dan memicu debat di kolom komentar.,NETRAL
"Sangat kece! Kontennya keren banget, suka banget!",POSITIF
"Aku merasa bosan dengan video ini, kurang menarik",NEGATIF
"Komentar negatif mulai membanjiri video ini, sebaiknya direspon",NEGATIF
"Video ini biasa saja, tidak ada yang istimewa menurutku",NETRAL
"Saya suka bagian awal video, sangat menghibur",POSITIF
"Kualitas video kurang jelas, perlu diperbaiki",NEGATIF
Tingkat kepuasan saya terhadap konten ini cukup tinggi,POSITIF
"Saya merasa terhibur saat menonton video ini, bagus!",POSITIF
Komentar positif dari penonton lain membuat saya tertarik untuk menonton video ini,POSITIF
"Aduh, video ini terlalu membosankan, saya tidak tahan untuk menontonnya sampai selesai.",NEGATIF
"Wow, video ini keren banget! Sangat menghibur dan menguras emosi, suka!",POSITIF
Saya merasa video ini kurang jelas dan terlalu banyak iklan.,NEGATIF
"Sangat senang melihat konten yang memberikan pandangan baru seperti ini, terima kasih banyak!",POSITIF
"Maaf, saya tidak setuju dengan pendapat yang disampaikan dalam video ini, sangat mengecewakan.",NEGATIF
"Video ini memberikan informasi yang sangat berguna, saya jadi lebih paham tentang topik tersebut.",POSITIF
Saya merasa video ini terlalu bertele-tele dan tidak fokus pada inti permasalahan.,NEGATIF
"Tidak terlalu suka dengan gaya penyajian video ini, terlalu biasa dan tidak menarik perhatian.",NEGATIF
"Video ini sangat informatif dan menghibur, sangat direkomendasikan!",POSITIF
"Pengguna lain sepertinya sangat antusias dengan video ini, namun saya kurang tertarik.",NETRAL
Saya terharu melihat reaksi positif dari penonton terhadap video ini.,POSITIF
Adegan kontroversial dalam video ini membuat saya tidak nyaman menontonnya.,NEGATIF
Isi video sangat informatif meskipun gaya penyampaiannya kurang menarik.,NETRAL
"Saya merasa senang melihat banyak orang menyukai video ini, membuat saya ikut terhibur.",POSITIF
"Kualitas produksi video ini sangat rendah, sulit dipahami dan tidak enak ditonton.",NEGATIF
"Saya tidak terlalu peduli dengan video ini, tidak terlalu menarik bagi saya.",NETRAL
"Video ini sangat menginspirasi, memberikan semangat baru bagi saya.",POSITIF
Video YouTube ini sangat menghibur! Saya suka sekali melihatnya.,POSITIF
"Pengguna lain mungkin menyukai video ini, tapi saya kurang tertarik.",NETRAL
"Wow, video ini bener-bener bagus banget! Keren!",POSITIF
"Saya merasa bosan saat menonton video tersebut, tidak ada yang menarik.",NEGATIF
Saya tidak setuju dengan pendapat pembuat video itu.,NEGATIF
"Video ini mendapatkan banyak pujian dari teman-teman saya, patut ditonton!",POSITIF
"Saya merasa netral terhadap kualitas video tersebut, tidak terlalu bagus tapi juga tidak buruk.",NETRAL
Saya jadi ingin ikut melakukan konten serupa setelah menonton video ini.,POSITIF
"Seharusnya pembuat video lebih kreatif dalam menyajikan konten, kurang inovatif.",NEGATIF
Video YouTube ini sangat informatif dan membuat saya lebih paham tentang topik tersebut.,POSITIF
"Saya merasa terhibur dan senang menonton video ini, sangat menghibur!",POSITIF
"Banyak iklan yang mengganggu saat menonton video ini, sangat menjengkelkan.",NEGATIF
"Saya merasa netral terhadap konten video ini, tidak terlalu menarik bagi saya.",NETRAL
Pembicara dalam video ini sangat berwibawa dan menyuguhkan informasi yang berguna.,POSITIF
"Adegan di video ini terlalu dramatis, terlalu berlebihan.",NEGATIF
Video ini sangat inspiratif dan membuat saya termotivasi untuk melakukan hal-hal positif.,POSITIF
Saya merasa kecewa karena kualitas video buram dan suara pecah.,NEGATIF
Komentar-komentar negatif yang tidak mendukung di bawah video ini membuat saya sedih.,NEGATIF
Reaksi positif dari pengguna lain terhadap video ini membuat saya senang.,POSITIF
"Saya merasa kecewa dengan kualitas konten video YouTube ini, tidak sebanding dengan ekspektasi saya.",NEGATIF
"Sebagian besar komentar di sini netral, tidak terlalu banyak yang memberikan pendapat yang jelas.",NETRAL
"Saya terinspirasi oleh video YouTube ini, sangat memotivasi untuk terus berkarya.",POSITIF
"Ada banyak spam dan tautan berbahaya di kolom komentar video ini, sangat mengganggu!",NEGATIF
"Saya merasa bingung dengan isi video ini, tidak sesuai dengan judul yang menarik.",NEGATIF
"Saya merasa biasa saja dengan video ini, tidak terlalu istimewa menurut saya.",NETRAL
"Setelah menonton video ini, saya jadi lebih paham tentang topik yang dibahas, sangat bermanfaat.",POSITIF
Reaksi positif yang mendominasi komentar di bawah video membuat saya senang.,POSITIF
"Saya tidak begitu tertarik dengan video ini, terlalu biasa saja menurut saya.",NETRAL
Komentar negatif yang penuh dengan kebencian membuat suasana di kolom komentar menjadi tidak nyaman.,NEGATIF
"Konten video yang terlalu provokatif sebaiknya dihindari, bisa menimbulkan konflik di masyarakat.",NEGATIF
"Saya tidak suka dengan gaya penyajian video ini, terlalu berlebihan menurut saya.",NEGATIF
Reaksi netral yang objektif dan santun sangat saya hargai dalam diskusi tentang video ini.,NETRAL
"Saya kecewa dengan kualitas konten video ini, sangat tidak bermutu",NEGATIF
"Tontonan yang menyenangkan, saya tersenyum sepanjang videonya",POSITIF
"Pembuat video ini benar-benar kreatif, saya kagum dengan ide-idenya",POSITIF
"Saya merasa bosan menonton video ini, tidak ada hal menarik",NEGATIF
"Saya tidak setuju dengan pendapat yang disampaikan dalam video ini, kontroversial",NEGATIF
"Video ini memberikan informasi yang berguna, saya jadi tahu hal baru",POSITIF
"Video YouTube ini informatif banget, saya jadi tahu banyak hal baru.",POSITIF
Mengapa video ini bisa viral? Saya tidak melihat daya tariknya.,NEGATIF
"Saya sangat terhibur dengan konten video ini, lucu banget!",POSITIF
"Video ini membuat saya merinding, sangat menyeramkan!",NEGATIF
"Setiap kali saya menonton video ini, saya selalu tersenyum bahagia.",POSITIF
"Saya merasa video ini terlalu panjang dan membosankan, tidak sebanding dengan isinya.",NEGATIF
"Video YouTube ini sangat informatif dan memukau, saya suka sekali!",POSITIF
"Aduh, video ini penuh dengan konten clickbait, sangat mengecewakan",NEGATIF
"Setelah menonton video ini, saya merasa terinspirasi untuk melakukan hal serupa",POSITIF
Saya merasa kecewa karena video ini terlalu banyak iklan yang mengganggu,NEGATIF
Video YouTube ini membantu saya memahami topik yang sebelumnya sulit saya mengerti,POSITIF
Saya sangat senang karena video ini menghibur saya di saat yang tepat,POSITIF
Saya merasa jengkel karena kualitas video dan audionya buruk sekali,NEGATIF
"Menurut saya, video ini terlalu panjang dan membuat saya bosan sepanjang menontonnya",NEGATIF
Reaksi saya terhadap video ini positif karena ide kreatif yang ditampilkan,POSITIF
"Konten di video ini kurang menarik, saya merasa bosan menontonnya.",NEGATIF
"Reaksi penonton di komentar video ini lucu banget, saya sampai ketawa sendiri.",POSITIF
"Video ini tidak sesuai ekspektasi saya, saya agak kecewa.",NEGATIF
Apa ya judul lagu yang ada di video ini? Saya suka banget!,POSITIF
"Kualitas video kurang bagus, sulit untuk fokus saat menonton.",NEGATIF
"Para penonton pada hype dengan video ini, saya juga ikut terhibur.",POSITIF
"Saya tidak suka dengan gaya editing yang digunakan, terlalu berlebihan.",NEGATIF
Komentar negatif yang ditujukan pada video ini sebenarnya cukup beralasan.,NEGATIF
Video YouTube ini membantu saya memahami topik yang kompleks dengan mudah.,POSITIF
"Konten video YouTube tidak sesuai dengan judulnya, mengecewakan.",NEGATIF
"Reaksi pengguna pada video ini sangat positif, banyak yang memberikan pujian.",POSITIF
"Saya merasa bosan dengan video YouTube ini, tidak menarik sama sekali.",NEGATIF
"Opini saya tentang video ini netral, tidak terlalu suka atau benci.",NETRAL
Komentar negatif terhadap video ini sebagian besar tidak beralasan.,NEGATIF
Ada kontroversi di balik video YouTube ini sehingga memicu berbagai pendapat dari pengguna.,NETRAL
"Saya merasa terhibur dan senang setelah menonton video tersebut, rekomendasi!",POSITIF
"Banyak orang yang kecewa dengan isi video ini, tidak sesuai ekspektasi.",NEGATIF
"Aduh, video ini terlalu membosankan, saya jadi ngantuk.",NEGATIF
"Menurut saya, komentar-komentar di video ini sangat lucu dan menghibur.",POSITIF
"Saya merasa kecewa dengan konten video ini, tidak sesuai ekspektasi sama sekali.",NEGATIF
"Reaksi penonton di video ini kocak banget, bikin senyum sendiri.",POSITIF
Saya tidak sepenuhnya setuju dengan pendapat yang diutarakan di video ini.,NETRAL
"Wow, video ini bikin saya terinspirasi dan semangat!",POSITIF
"Maaf ya, saya kurang suka dengan gaya editing yang dipakai di video ini.",NEGATIF
Saya merasa terhibur dan terkesan dengan kreativitas pembuat video ini.,POSITIF
"Tidak tahan menonton video ini sampai selesai, terlalu membosankan.",NEGATIF
Konten di video tersebut kurang menarik dan terlalu biasa saja,NEGATIF
"Reaksi warganet di kolom komentar video ini lucu banget, hahaha",POSITIF
"Saya merasa kecewa dengan isi video YouTube tersebut, tidak sesuai ekspektasi",NEGATIF
"Wow, video ini memberikan inspirasi baru bagi saya. Sangat bagus!",POSITIF
Penyampaian informasi dalam video terlalu bertele-tele dan membosankan,NEGATIF
Reaksi positif penonton terhadap video ini membuat saya senang dan ikut terhibur,POSITIF
"Video ini kurang berbobot, lebih baik mencari konten lain yang lebih berkualitas",NEGATIF
"Saya setuju dengan pendapat yang disampaikan dalam video, sangat relevan dengan kondisi saat ini",POSITIF
"Video YouTube ini sangat menginspirasi saya, saya jadi semangat untuk menggapai mimpi!",POSITIF
"Aku kesal, thumbnail video menipu banget! Isinya tidak sesuai dengan judul.",NEGATIF
"Video ini membantu saya memahami konsep yang sulit, terima kasih kepada pembuatnya!",POSITIF
"Komentar-komentar negatif di video ini membuat saya sedih, seharusnya orang lebih menghargai usaha pembuat konten.",NEGATIF
"Saya merasa bingung dengan isi video ini, penjelasannya kurang jelas.",NEGATIF
"Saya suka gaya editing video ini, sangat kreatif dan menghibur!",POSITIF
"Video ini terlalu panjang dan membosankan, seharusnya lebih disederhanakan.",NEGATIF
"Pembuat video ini terlalu banyak menyelipkan iklan, terasa mengganggu pengalaman menonton.",NEGATIF
"Saya setuju dengan pendapat yang disampaikan di video ini, sangat informatif.",POSITIF
"Saya tidak suka gaya bercerita pembuat video ini, terlalu asal dan tidak menarik.",NEGATIF
Sangat kecewa dengan konten video YouTube yang tidak sesuai dengan judulnya,NEGATIF
"Opini saya tentang video ini netral, tidak terlalu menarik tapi juga tidak buruk",NETRAL
"Kualitas video dan editing-nya sangat buruk, jadi tidak nyaman ditonton",NEGATIF
"Saya merasa terhibur dan tertawa sepanjang video, keren!",POSITIF
"Komentar negatif di video ini sangat mengganggu, seharusnya dihapus saja",NEGATIF
"Saya merasa bosan saat menonton video ini, tidak menarik sama sekali",NEGATIF
"Reaksi saya terhadap video ini positif, sangat lucu dan menghibur",POSITIF
"Konten video ini biasa saja, tidak ada yang istimewa menurut saya",NETRAL
"Video YouTube ini sangat menginspirasi saya, saya merasa terinspirasi untuk membuat konten yang lebih baik.",POSITIF
Saya merasa kecewa dengan video ini karena isinya tidak sesuai dengan judul yang menarik.,NEGATIF
"Wow, video ini keren banget! Saya jadi termotivasi untuk belajar lebih banyak hal.",POSITIF
"Saya merasa bingung dengan konten video ini, kurang jelas dan terlalu banyak iklan.",NEGATIF
"Video ini menarik perhatian saya dari awal hingga akhir, sangat menghibur!",POSITIF
"Saya merasa bosan dengan video ini, tidak ada hal baru yang ditawarkan.",NEGATIF
"Menurut saya, video ini biasa saja, tidak terlalu istimewa namun juga tidak buruk.",NETRAL
"Sangat senang menemukan video ini, isinya sangat informatif dan menghibur.",POSITIF
"Video ini menimbulkan perdebatan di komentar, beberapa setuju dan beberapa tidak.",NETRAL
"Saya sangat terkesan dengan editing video ini, sangat profesional dan menarik perhatian.",POSITIF
"Video YouTube ini sangat lucu dan menghibur, saya suka sekali!",POSITIF
"Konten video ini kurang menarik, saya merasa bosan saat menontonnya.",NEGATIF
"Saya kecewa dengan isi video ini, tidak sesuai dengan ekspektasi saya.",NEGATIF
"Video ini memberikan informasi yang berguna, sangat membantu, terima kasih!",POSITIF
"Saya merasa netral tentang video ini, tidak terlalu tertarik namun juga tidak membenci.",NETRAL
"Video ini berhasil membuat saya tertawa terbahak-bahak, sangat menghibur!",POSITIF
"Saya tidak setuju dengan pandangan yang disampaikan dalam video ini, kontroversial sekali.",NEGATIF
"Isi video cukup menarik, namun kualitasnya kurang baik, perlu peningkatan.",NETRAL
"Video ini terlalu membosankan, tidak ada yang menarik",NEGATIF
"Saya suka cara penyampaian konten di video ini, sangat informatif",POSITIF
Komentar-komentar negatif di video ini membuat suasana jadi buruk,NEGATIF
Sebagian besar penonton video ini merasa terhibur dan ketawa-ketawa,POSITIF
"Kualitas video buruk, kurang jelas dan sering patah-patah",NEGATIF
"Aku gak ngerti kenapa video ini viral, menurutku biasa aja",NETRAL
"Video ini sangat menggugah emosi, saya sampai menangis saat menontonnya",POSITIF
"Pembuat video ini terlalu sok tahu, membuat saya jengkel",NEGATIF
"Setelah menonton video ini, saya jadi lebih paham tentang topik tersebut",POSITIF
"Aduh, video ini terlalu panjang dan membosankan, saya malah jadi bosan menontonnya.",NEGATIF
"Saya suka banget dengan gaya editing video di sini, keren banget!",POSITIF
"Isi konten video kurang mendalam, saya harap ada penjelasan lebih detail.",NEGATIF
"Video ini membuat saya tertawa terbahak-bahak, kreatornya lucu sekali.",POSITIF
"Sayang sekali banyak iklan yang muncul di tengah-tengah video, mengganggu sekali.",NEGATIF
"Sangat kreatif cara penyampaian informasinya, saya jadi ingin menonton video berikutnya.",POSITIF
"Kualitas video buruk, terlalu pixelated dan sulit untuk dinikmati.",NEGATIF
"Saya setuju dengan pendapat yang disampaikan dalam video, sangat menginspirasi.",POSITIF
"Isi konten video kurang menarik, saya merasa bosan menontonnya",NEGATIF
"Wow, banyak informasi bermanfaat yang bisa saya dapatkan dari video ini",POSITIF
"Saya kecewa karena judul video menipu, isinya tidak sesuai ekspektasi",NEGATIF
"Saat menonton video ini, saya merasa terinspirasi untuk mencoba hal baru",POSITIF
"Kualitas audio pada video sangat buruk, sulit untuk mendengarkan dengan jelas",NEGATIF
"Videonya lucu banget, bikin saya tertawa terbahak-bahak",POSITIF
Saya merasa terganggu dengan iklan yang terlalu banyak di tengah video,NEGATIF
"Saya suka cara penyampaiannya, jelas dan mudah dimengerti",POSITIF
"Saya kecewa dengan isi video ini, terlalu membosankan dan tidak informatif sama sekali.",NEGATIF
"Penjelasan dalam video sangat jelas dan mudah dipahami, sangat membantu!",POSITIF
"Video ini terlalu kontroversial, membuat saya merasa tidak nyaman menontonnya.",NEGATIF
"Saya salut dengan kreativitas pembuat video ini, sangat menghibur dan informatif!",POSITIF
"Ada banyak informasi menarik dalam video ini, membuat saya semakin tertarik pada topik tersebut.",POSITIF
Saya merasa kecewa karena video ini terlalu singkat dan tidak memberikan penjelasan yang memadai.,NEGATIF
"Video ini sangat menginspirasi, saya jadi semangat untuk mengejar impian saya!",POSITIF
"Isi video kurang menarik, saya cepat bosan saat menontonnya.",NEGATIF
Saya suka bagaimana pembawa acara menjelaskan topiknya dengan jelas dan menarik.,POSITIF
"Banyak iklan yang mengganggu, rasanya seperti terputus-putus saat menikmati video.",NEGATIF
"Tema video ini sangat relevan dengan kehidupan sehari-hari, saya suka!",POSITIF
"Kualitas audio video buruk, sulit untuk mendengar apa yang dibicarakan.",NEGATIF
"Komentar pengguna di bawah video ini sangat tidak sopan, membuat saya tidak nyaman.",NEGATIF
"Cara penyampaian informasi dalam video terlalu cepat, sulit untuk mengikutinya.",NEGATIF
"Saya suka bagaimana video ini disunting, sangat profesional",POSITIF
Komentar pengguna di video ini sangat tidak sopan,NEGATIF
"Videonya biasa saja, tidak terlalu spesial",NETRAL
Saya tidak suka gaya narasi pembawa acara di video ini,NEGATIF
"Terima kasih atas video ini, sangat informatif",POSITIF
"Adegan di video ini terlalu vulgar, tidak pantas ditampilkan",NEGATIF
"Resolusi video terlalu rendah, sulit untuk dinikmati",NEGATIF
"Aduh, lagi-lagi video clickbait, bosan sudah!",NEGATIF
Adegan di video tersebut sangat tidak pantas dan mengganggu,NEGATIF
"Video ini tidak begitu menarik, biasa saja",NETRAL
"Kualitas video dan editingnya luar biasa, thumbs up!",POSITIF
"Pembicaraan dalam video sangat informatif, saya belajar banyak",POSITIF
"Aku suka banget sama gaya editingnya, keren!",POSITIF
"Sayang sekali, video terlalu panjang dan membosankan",NEGATIF
"Menurut saya, video ini terlalu bertele-tele dan membosankan.",NEGATIF
Video YouTube paling keren yang pernah saya tonton!,POSITIF
"Sayangnya, kualitas video dan audionya buruk sekali.",NEGATIF
"Tema video ini cukup menarik, namun eksekusinya kurang greget.",NETRAL
Saya sangat terkesan dengan keahlian editing dalam video tersebut.,POSITIF
Video ini berhasil membuat saya tertawa hingga perut sakit!,POSITIF
"Wow, video ini benar-benar menghibur dan membuat saya tertawa sepanjang hari!",POSITIF
Saya tidak suka dengan gaya editing yang terlalu berlebihan dalam video ini.,NEGATIF
Sangat menyenangkan melihat reaksi positif dari banyak orang terhadap video ini.,POSITIF
Apa sih yang menarik dari video ini? Saya tidak paham kenapa banyak yang suka.,NEGATIF
"Suara narator video ini sangat merdu, saya suka mendengarkannya.",POSITIF
Kualitas video yang buruk membuat saya tidak betah menonton sampai selesai.,NEGATIF
"Video YouTube ini sangat menghibur dan lucu, saya senang menontonnya!",POSITIF
"Kualitas video buruk, sulit untuk menikmatinya dengan jelas.",NEGATIF
"Saya terharu dengan pesan yang disampaikan dalam video ini, sungguh menyentuh hati.",POSITIF
Komentar-komentar negatif di kolom video membuat saya kesal.,NEGATIF
"Video ini membantu saya belajar hal baru, sangat informatif!",POSITIF
"Saya kecewa dengan durasi video yang terlalu singkat, ingin kontennya lebih panjang.",NEGATIF
"Saya merasa netral terhadap video ini, tidak terlalu terkesan namun juga tidak buruk.",NETRAL
"Para pengguna lain begitu antusias memberikan dukungan pada pembuat video, bagus sekali.",POSITIF
"Video ini penuh dengan kontroversi, membuat saya bingung harus mendukung atau menentang.",NETRAL
Saya sangat menyukai gaya editing video yang kreatif dan unik.,POSITIF
"Saya kecewa dengan isi video ini, tidak sesuai dengan judulnya.",NEGATIF
"Isi video kurang menarik, tidak membuat saya tertarik untuk menonton sampai akhir.",NEGATIF
"Kualitas video kurang bagus, terlalu gelap dan buram.",NEGATIF
"Opini di kolom komentar video ini penuh dengan kebencian, sangat menyedihkan.",NEGATIF
"Video ini memberikan pandangan baru yang menarik, sangat bersifat edukatif.",POSITIF
Respon positif dari penonton terhadap video ini sungguh memotivasi!,POSITIF
Video YouTube ini sangat menghibur dan membuat saya tertawa terbahak-bahak. Saya suka sekali!,POSITIF
Konten di video ini sangat informatif dan memberikan wawasan baru bagiku. Sangat bermanfaat!,POSITIF
"Aduh, video ini penuh dengan konten clickbait dan isinya tidak sesuai dengan judul. Menyebalkan!",NEGATIF
"Saya merasa kecewa karena video ini terlalu banyak iklan, sulit untuk menikmati kontennya. Kurang menyenangkan.",NEGATIF
"Video ini biasa saja, tidak terlalu menarik tapi juga tidak buruk. Netral saja menurutku.",NETRAL
"Saya terharu melihat video ini, isinya sangat menyentuh hati dan membuat saya terinspirasi. Luar biasa!",POSITIF
"Tidak bisa dipercaya dengan konten video ini, terlalu banyak informasi palsu. Sangat mengecewakan.",NEGATIF
"Saya merasa tidak ada yang istimewa dengan video ini, standar saja. Cukup menghibur sebentar.",NETRAL
Video ini benar-benar keren! Saya terpukau dengan kualitas produksi dan editingnya. Sangat mengagumkan.,POSITIF
"Aku tidak suka dengan gaya presentasi host di video ini, terlalu berlebihan dan membuat saya tidak nyaman. Kurang menyenangkan.",NEGATIF
Saya tidak suka dengan gaya editing yang terlalu berlebihan di video ini.,NEGATIF
Adegan lucu di video ini membuat saya terhibur sepanjang hari.,POSITIF
Isi konten video kurang informatif dan membingungkan.,NEGATIF
Suara yang jelas dan visual yang menarik membuat video ini menyenangkan untuk ditonton.,POSITIF
Saya merasa bosan dengan topik yang diangkat dalam video ini.,NEGATIF
Tanggapan positif dari penonton lain membuat saya penasaran untuk menonton video ini.,POSITIF
Saya kecewa karena terlalu banyak iklan yang mengganggu di tengah-tengah video.,NEGATIF
Video ini berhasil menyampaikan pesan dengan baik tanpa harus bertele-tele.,POSITIF
Video ini sangat menginspirasi! Saya jadi termotivasi untuk mengejar impian saya.,POSITIF
Isinya sangat membosankan. Saya merasa buang-buang waktu menontonnya.,NEGATIF
Konten yang dibagikan sangat informatif dan berguna. Terima kasih!,POSITIF
Komentar-komentar negatif di kolom ini bikin saya jengkel. Hargai kreatornya dong!,NEGATIF
Saya suka bagian di menit ke-10! Sangat menghibur dan lucu.,POSITIF
"Kualitas video jelek, susah banget buat nonton sampai habis.",NEGATIF
Ini video favorit saya sepanjang masa! Selalu menontonnya ulang.,POSITIF
Mengapa video ini banyak dislike? Saya tidak paham.,NEGATIF
"Video tersebut sangat menghibur, saya betah nonton berulang kali.",POSITIF
"Tidak suka dengan gaya editing video yang terlalu banyak efek, terkesan berlebihan.",NEGATIF
"Opini saya, video ini sangat informatif dan bermanfaat untuk penonton.",POSITIF
Adegan kontroversial dalam video itu sebaiknya dihindari agar tidak menimbulkan polemik.,NEGATIF
"Kualitas video kurang baik, terlalu buram dan suara kurang jelas.",NEGATIF
"Saya merasa terinspirasi setelah menonton video tersebut, semangat untuk berkarya!",POSITIF
Penggunaan musik latar yang pas membuat suasana video menjadi lebih hidup.,POSITIF
Komentar negatif yang tidak berdasar hanya menciptakan atmosfer toxic di kolom komentar.,NEGATIF
"Saya netral terhadap video tersebut, tidak begitu menarik tapi juga tidak buruk.",NETRAL
"Video YouTube ini sangat menginspirasi, saya terharu melihatnya.",POSITIF
"Menurut saya, video ini terlalu mainstream dan kurang menarik.",NEGATIF
"Reaksiku saat menonton video ini hanyalah biasa saja, tidak terlalu terkesan.",NETRAL
Saya suka bagaimana konten kreator itu menyampaikan pesan dalam video ini.,POSITIF
"Opini saya tentang video ini netral, tidak terlalu istimewa.",NETRAL
Saya senang video ini memberikan informasi yang bermanfaat bagi saya.,POSITIF
"Saya kecewa melihat isi video ini, tidak sesuai dengan yang diharapkan.",NEGATIF
"Reaksi saya saat menonton video ini sedikit bosan, tidak menarik perhatian saya.",NETRAL
Video YouTube ini membuat saya terhibur dan ingin menontonnya lagi.,POSITIF
"Video YouTube ini sangat informatif dan menarik, saya jadi lebih paham tentang topik tersebut",POSITIF
"Wow, video ini benar-benar menginspirasi saya untuk melakukan hal serupa, terima kasih!",POSITIF
Sangat tidak etis bagi pembuat video ini menggunakan konten orang lain tanpa izin,NEGATIF
"Saya merasa biasa saja dengan video ini, tidak terlalu menarik bagi saya",NETRAL
"Ternyata banyak yang salah dalam video ini, informasinya tidak akurat",NEGATIF
Saya senang video ini memberikan pandangan yang berbeda dan menarik,POSITIF
"Keren banget video ini, saya jadi ingin melihat video-video lain dari pembuat ini",POSITIF
"Video ini menggugah emosi saya, sangat menginspirasi dan membuat saya termotivasi",POSITIF
"Saya rasa video ini terlalu panjang dan membosankan, sulit untuk ditonton sampai selesai",NEGATIF
Apa sih kegunaan video ini? Saya tidak mendapatkan informasi yang jelas dari kontennya.,NEGATIF
"Kecewa dengan kualitas video yang rendah, tidak puas menontonnya.",NEGATIF
"Komentar pengguna di video ini sangat lucu dan menghibur, saya senang membacanya.",POSITIF
"Video ini terlalu panjang dan membosankan, saya tidak tahan menontonnya sampai akhir.",NEGATIF
"Setelah menonton video ini, saya merasa lebih paham tentang topik yang dibahas. Sangat bermanfaat!",POSITIF
"Kualitas editing video sangat buruk, membuat mata saya sakit melihatnya.",NEGATIF
"Saya terpesona dengan keindahan visual dalam video ini, sangat menakjubkan!",POSITIF
Aku kesal karena video ini terlalu banyak iklan,NEGATIF
"Menarik banget videonya, saya suka dengan kontennya",POSITIF
"Tidak terlalu menarik, saya harap lebih bermanfaat",NETRAL
"Saya sangat terhibur oleh video ini, lucu banget!",POSITIF
Komentar pengguna di video ini sangat ofensif,NEGATIF
Saya setuju dengan pendapat yang diungkapkan dalam video ini,POSITIF
"Kualitas audio video sangat buruk, susah didengar",NEGATIF
"Video ini biasa saja, tidak terlalu menonjol",NETRAL
Video YouTube ini sangat menghibur! Aku suka banget melihatnya,POSITIF
"Kualitas video buruk, jadi sulit menikmati kontennya",NEGATIF
"Video YouTube ini biasa saja, tidak terlalu menarik",NETRAL
"Isi video sangat informatif dan berguna, saya suka",POSITIF
"Video ini terlalu panjang dan membosankan, tidak sepadan dengan durasinya",NEGATIF
"Saya merasa acuh dengan video ini, tidak ada yang istimewa",NETRAL
Aku merasa terganggu dengan iklan yang terlalu sering muncul di video ini,NEGATIF
"Video YouTube ini sangat menginspirasi, membuat saya semangat untuk mencoba hal baru!",POSITIF
"Sungguh mengecewakan, video YouTube tersebut hanya isinya omong kosong tanpa substansi yang jelas.",NEGATIF
"Menarik sekali video YouTube ini, saya jadi ingin terus mengikuti kontennya.",POSITIF
"Saya merasa bosan menonton video YouTube tersebut, tidak ada yang spesial di dalamnya.",NEGATIF
"Video YouTube ini menghibur banget, selalu bikin saya senyum-senyum sendiri.",POSITIF
"Komentar pengguna di video tersebut sangat toxic, membuat saya jadi malas membaca.",NEGATIF
"Saya merasa biasa-biasa saja tentang video YouTube ini, tidak terlalu istimewa bagi saya.",NETRAL
"Sangat menarik, video YouTube ini memberikan pandangan baru yang segar dalam topik tersebut.",POSITIF
Saya kecewa dengan kualitas video yang buram dan audio yang tidak jelas.,NEGATIF
"Video YouTube ini mengajarkan hal yang sangat berharga, saya jadi belajar banyak dari kontennya.",POSITIF
"Saya kecewa dengan video ini, isinya kurang informatif dan membosankan",NEGATIF
"Aduh, kok video ini penuh dengan konten clickbait ya? Menyebalkan",NEGATIF
"Saya setuju dengan pendapat pembuat video, argumennya sangat masuk akal",POSITIF
"Video ini membuat saya bingung, terlalu banyak informasi yang tidak jelas disampaikan",NEGATIF
"Saya merasa biasa-biasa saja dengan video tersebut, tidak terlalu menarik bagi saya",NETRAL
Sangat menyenangkan melihat interaksi positif di kolom komentar video ini,POSITIF
"Saya merasa video ini terlalu panjang dan membosankan, kurang tajam dalam penyampaian konten",NEGATIF
"Video ini memberikan perspektif yang berbeda, menarik untuk direnungkan",POSITIF
"Saya kecewa dengan isi video ini, terlalu banyak clickbait!",NEGATIF
"Wow, video ini sangat lucu, bikin saya senyum sepanjang hari.",POSITIF
"Saya merasa bosan saat menonton video ini, tidak ada hal menarik sama sekali.",NEGATIF
"Video YouTube ini memberikan pandangan yang berbeda, sangat informatif.",POSITIF
Saya tidak setuju dengan opini yang disampaikan dalam video ini.,NEGATIF
"Video ini biasa saja, tidak begitu mengundang perhatian.",NETRAL
"Isi video terlalu bertele-tele, saya tidak suka.",NEGATIF
"Video YouTube ini sangat menghibur, saya terhibur banget!",POSITIF
"Saya kecewa dengan isi video ini, kurang bermutu.",NEGATIF
"Wow, video ini sangat informatif dan menginspirasi!",POSITIF
"Isi video kurang jelas, saya bingung dengan pesan yang disampaikan.",NEGATIF
"Video ini biasa saja, tidak terlalu menarik.",NETRAL
Saya suka gaya editing yang digunakan dalam video ini.,POSITIF
"Pembicara dalam video terlalu monoton, kurang memikat.",NEGATIF
"Tema video cukup kontroversial, tapi disajikan dengan baik.",NETRAL
Video ini membuat saya tertawa sepanjang durasinya!,POSITIF
Apa sih yang menarik dari video ini? Saya tidak terkesan sama sekali,NEGATIF
"Saya suka dengan editing video dan musik latar yang dipilih, keren!",POSITIF
"Komentar negatif yang tidak berbobot banget, video ini jelas bagus",NEGATIF
"Saya netral, video ini biasa saja, tidak terlalu istimewa",NETRAL
Saya merasa kecewa karena klik video ini tapi isinya mengecewakan,NEGATIF
Saya jadi penasaran ingin mencari tahu lebih banyak setelah menonton video ini,POSITIF
"Video ini terlalu membosankan, saya malah tertidur saat menonton",NEGATIF
"Pendapat saya pribadi, video ini tidak sebagus yang orang lain katakan",NEGATIF
Saya belum membaca semua komentar yang ada di bawah video.,NETRAL
Terdapat banyak emoji yang digunakan untuk merespons video tersebut.,NETRAL
Komentar di video ini cukup bervariasi.,NETRAL
Video ini berdurasi berapa menit ya?,NETRAL
Saya melihat banyak komentar di sini.,NETRAL
Apakah video ini sudah memiliki subtitle?,NETRAL
Tampaknya banyak yang tertarik dengan konten ini.,NETRAL
Saya belum menonton video ini sebelumnya.,NETRAL
Mungkin video ini bisa menjadi referensi yang baik.,NETRAL
Sudah berapa viewer yang menyukai video ini?,NETRAL
Kualitas video terlihat cukup baik.,NETRAL
Saya rasa video ini cukup informatif.,NETRAL
Ada yang tahu siapa pembuat video ini?,NETRAL
Tolong informasikan judul video tersebut.,NETRAL
Saya melihat ada banyak komentar di sini.,NETRAL
Apakah video ini baru diunggah?,NETRAL
Viewer count-nya meningkat pesat.,NETRAL
Kualitas video cukup baik untuk ditonton.,NETRAL
Ada iklan yang muncul di tengah video.,NETRAL
Saat ini video sedang trending.,NETRAL
Viewer engagement-nya terlihat tinggi.,NETRAL
Saya tidak yakin apakah thumbnail-nya sesuai.,NETRAL
Durasi video terlalu panjang untuk saya.,NETRAL
Video ini menarik perhatian banyak penonton.,NETRAL
Saya melihat banyak komentar di video ini.,NETRAL
Apakah ada cuplikan menarik dari video ini?,NETRAL
Durasi video cukup panjang untuk topik tersebut.,NETRAL
Banyak orang berdiskusi tentang konten di video ini.,NETRAL
Terdapat informasi menarik dalam video tersebut.,NETRAL
Saya melihat banyak like dan dislike di video ini.,NETRAL
Apakah video ini sudah mendapat banyak views?,NETRAL
Saya melihat beberapa iklan di video tersebut.,NETRAL
Berapa jumlah view video ini?,NETRAL
Saya melihat ada iklan di menit ke-5 video.,NETRAL
Apakah ada konten terkait di video lain?,NETRAL
Tidak ada informasi mengenai pembuat video.,NETRAL
Saya mendapati thumbnail video menarik.,NETRAL
Tidak terlalu banyak komentar di sini.,NETRAL
Apakah ada subtitle dalam bahasa lain?,NETRAL
Durasi video terlihat cukup panjang.,NETRAL
Saya belum menemukan deskripsi video.,NETRAL
Ada bagian yang kurang jelas di menit ke-10.,NETRAL
Video ini memiliki banyak views.,NETRAL
Apakah ada informasi tambahan dalam deskripsi video?,NETRAL
Terdapat banyak like dan dislike pada video tersebut.,NETRAL
Saya tidak melihat adanya iklan di tengah video.,NETRAL
Sebaiknya pengguna lebih berhati-hati dengan konten video ini.,NETRAL
Banyak orang yang berbagi video ini di media sosial.,NETRAL
Apakah ada versi panjang dari video ini?,NETRAL
Perlu diklarifikasi apakah video ini asli atau rekayasa.,NETRAL
Saya mendapati beberapa kesalahan kecil dalam video itu.,NETRAL
"Menarik, berapa banyak penonton video ini?",NETRAL
Video ini tampaknya dibuat dengan baik.,NETRAL
Apakah ada informasi lebih lanjut tentang video ini?,NETRAL
Ada yang bisa memberi saya ringkasan tentang video ini?,NETRAL
Jumlah like dan dislike video ini seimbang.,NETRAL
Saya penasaran dengan konten video ini.,NETRAL
Sudah berapa lama video ini diunggah?,NETRAL
Dapatkah saya menyarankan video ini ke teman?,NETRAL
Video ini menarik perhatian banyak orang.,NETRAL
Kualitas audio pada video cukup jelas.,NETRAL
Saya melihat banyak komentar positif di sini.,NETRAL
Pengguna lain juga merasa video ini informatif.,NETRAL
Apakah ada informasi tambahan di deskripsi video?,NETRAL
Thumbnail video cukup menarik perhatian.,NETRAL
Saya tidak yakin apakah video ini relevan bagi saya.,NETRAL
"Video ini tampak menarik, saya penasaran dengan isinya.",NETRAL
Apakah ada informasi tentang siapa yang membuat video ini?,NETRAL
"Durasi video cukup panjang, mungkin butuh waktu untuk menontonnya.",NETRAL
"Thumbnail video terlihat menarik, membuat saya ingin klik.",NETRAL
Ada yang bisa memberi info tentang latar belakang video ini?,NETRAL
"Saya melihat beberapa iklan di video ini, wajar saja sih.",NETRAL
Apakah video ini sudah memiliki subtitle bahasa Indonesia?,NETRAL
"Saya agak bingung dengan konten video ini, ada yang bisa jelasin?",NETRAL
"Saya belum sampai di bagian tengah video, jadi belum bisa memberi pendapat.",NETRAL
Video ini tampak menarik untuk ditonton.,NETRAL
Apakah ada spoiler dalam cuplikan video ini?,NETRAL
Pengaturan pencahayaan dalam video cukup baik.,NETRAL
Saya tidak yakin apakah thumbnailnya sesuai dengan konten sebenarnya.,NETRAL
Ada sedikit gangguan audio di menit ke-5.,NETRAL
Apakah ada versi terjemahan untuk video ini?,NETRAL
Saya berharap ada lebih banyak informasi di deskripsi video.,NETRAL
Durasi video terlalu panjang bagi saya.,NETRAL
Saya akan menyimpan video ini untuk ditonton nanti.,NETRAL
"Menarik, banyak tanggapan terhadap video ini.",NETRAL
Saya penasaran dengan jumlah view yang sudah ada.,NETRAL
Ternyata video ini mendapat banyak komentar.,NETRAL
Saya melihat ada diskusi menarik di bagian komentar.,NETRAL
Apakah video ini sudah disubscribe banyak orang?,NETRAL
Saya mencatat adanya beberapa like dan dislike.,NETRAL
Banyak orang yang tampaknya menyukai video ini.,NETRAL
Belum ada balasan dari uploader terhadap komentar-komentar di bawah.,NETRAL
Saya ingin tahu apakah ada bagian yang dibuat kontroversial.,NETRAL
Saya menemukan beberapa user yang bertanya tentang lagu latar video.,NETRAL
Video ini memiliki banyak tayangan.,NETRAL
Saya melihat ada iklan sebelum video dimulai.,NETRAL
Terdapat beragam komentar di bawah video.,NETRAL
Ada tombol like dan dislike yang aktif.,NETRAL
Saya menemukan bagian yang lucu di menit ke-3.,NETRAL
Jumlah subscriber channel ini cukup tinggi.,NETRAL
Thumbnail video terlihat menarik.,NETRAL
Saya ingin tahu lebih banyak tentang topik ini.,NETRAL
Kualitas gambar dan suara dalam video bagus.,NETRAL
Saya menemukan konten serupa di sini.,NETRAL
Mungkin video ini akan populer karena topiknya menarik,NETRAL
Saya menemukan video ini dari rekomendasi YouTube,NETRAL
Beberapa bagian videonya kurang jelas,NETRAL
Coba periksa ulang deskripsi video untuk informasi lebih lanjut,NETRAL
Saya penasaran dengan jumlah penonton video ini,NETRAL
Pengaturan pencahayaan dalam video terlihat baik,NETRAL
Saya tidak yakin apakah video ini relevan dengan topik utama channel,NETRAL
Ada sedikit gangguan audio di bagian tengah video,NETRAL
Mungkin video ini direkam menggunakan kamera berkualitas tinggi,NETRAL
Saya akan simpan video ini untuk ditonton nanti,NETRAL
Video ini menarik banyak penonton.,NETRAL
Saya melihat banyak komentar di bagian bawah video.,NETRAL
Pengguna terlihat aktif dalam berdiskusi tentang konten video.,NETRAL
Ada beragam pendapat yang muncul terkait video ini.,NETRAL
Saya menemukan video ini ketika sedang mencari informasi terkait topik tersebut.,NETRAL
Beberapa penonton tampak membagikan video ini di media sosial.,NETRAL
Terdapat variasi dalam gaya penyajian konten pada video tersebut.,NETRAL
"Saya belum menonton video ini, tapi bacaan deskripsi sudah memberikan gambaran.",NETRAL
Sebagian pengguna melihat video ini sebagai tambahan pengetahuan.,NETRAL
Terdapat tagar yang ramai terkait video tersebut di platform lain.,NETRAL
Saya melihat banyak komentar positif di video ini.,NETRAL
"Durasi video cukup panjang, sekitar 20 menit.",NETRAL
"Saya belum menonton video ini, apa isi yang dibahas?",NETRAL
Pengguna lain merekomendasikan video ini untuk ditonton.,NETRAL
Kualitas gambar video terlihat jernih dan berkualitas.,NETRAL
"Saya belum selesai menonton video ini, belum bisa memberikan pendapat.",NETRAL
"Terdapat banyak iklan di tengah video, cukup mengganggu.",NETRAL
Banyak informasi menarik yang dibagikan di video ini.,NETRAL
Ada berapa jumlah penonton video ini?,NETRAL
Apakah video ini memiliki subtitle?,NETRAL
Saya mendengar musik latar yang bagus di video ini.,NETRAL
Bagian mana yang paling menarik dari video ini?,NETRAL
Saya melihat thumbnail video yang menarik.,NETRAL
Video ini sepertinya cocok bagi yang suka genre tersebut.,NETRAL
Apakah ada adegan lucu di video ini?,NETRAL
Terdapat banyak komentar di video ini.,NETRAL
Saya melihat ada iklan yang muncul di tengah video.,NETRAL
Jumlah view video ini cukup tinggi.,NETRAL
Beberapa orang menyukai musik latar di video tersebut.,NETRAL
Apakah ada informasi kontak pembuat video?,NETRAL
Saya menemukan video ini terkait topik yang sedang viral.,NETRAL
Kualitas audio dalam video terdengar jelas.,NETRAL
Mungkin ada yang bisa memberi tahu saya tema video ini?,NETRAL
Video ini sepertinya telah direkam di luar ruangan.,NETRAL
"Ada bagian yang kurang jelas dalam video, perlu diperhatikan.",NETRAL
Video ini sepertinya mendapat banyak views.,NETRAL
Tampaknya ada banyak diskusi di kolom komentar.,NETRAL
Seberapa sering konten baru diunggah di channel ini?,NETRAL
Ada yang bisa memberi tahu saya judul asli dari lagu yang dimainkan?,NETRAL
Apakah ada spoiler di video ini?,NETRAL
Bagian mana dari video yang menarik perhatian Anda?,NETRAL
Saya melihat beberapa iklan di sela-sela video.,NETRAL
Ada informasi kontak kreator di deskripsi video.,NETRAL
Durasi video terlalu panjang menurut saya.,NETRAL
Video ini memiliki kualitas gambar yang jernih.,NETRAL
Berapa jumlah likes yang sudah terkumpul untuk video ini?,NETRAL
Saya melihat ada beberapa iklan yang muncul di tengah video.,NETRAL
Ada fitur subtitle Bahasa Indonesia untuk video ini?,NETRAL
Apakah ada informasi kontak pembuat video di deskripsi?,NETRAL
Saya menyadari adanya beberapa komentar yang mendukung video ini.,NETRAL
Video ini memberikan informasi yang menarik tentang topik tertentu.,NETRAL
Apakah tersedia opsi resolusi video yang lebih tinggi?,NETRAL
Saya melihat banyak interaksi positif dari penonton terhadap video ini.,NETRAL
Ada bagian pada video yang terkesan kurang jelas dalam penjelasannya.,NETRAL
Menurutku video ini cukup informatif.,NETRAL
Saya penasaran dengan jumlah penonton video ini.,NETRAL
Apakah ada bagian yang di-skip dalam video tersebut?,NETRAL
Saya suka gaya editing yang digunakan dalam video tersebut.,NETRAL
Ada beberapa hal menarik yang dibahas di video ini.,NETRAL
"Durasi video cukup panjang, mungkin akan saya tonton nanti.",NETRAL
Tidak terlalu banyak iklan yang muncul di tengah video.,NETRAL
Saya belum yakin apakah topik video ini sesuai minat saya.,NETRAL
Isi video terlihat ringan namun cukup informatif.,NETRAL
Terdapat banyak komentar positif di bawah video ini.,NETRAL
Apakah ada informasi tambahan tentang video ini?,NETRAL
Berapa jumlah like yang sudah diterima video ini?,NETRAL
Saya merasa penjelasan di video ini cukup jelas.,NETRAL
Ada yang tahu siapa yang membuat video ini?,NETRAL
Apakah ada versi subtitle untuk video ini?,NETRAL
Saya ingin melihat lebih banyak video dari channel ini.,NETRAL
Apakah ada rekomendasi video serupa yang bisa ditonton?,NETRAL
Video ini tampak memiliki kualitas gambar yang cukup baik.,NETRAL
Saya melihat bahwa thumbnail video cukup menarik perhatian.,NETRAL
Ada cukup banyak komentar positif di bagian bawah video.,NETRAL
Terlihat bahwa durasi video tidak terlalu panjang.,NETRAL
Jumlah view video ini cukup tinggi dibandingkan yang lain.,NETRAL
Pengaturan pencahayaan dalam video terlihat cukup seimbang.,NETRAL
Terdapat beberapa iklan yang muncul di tengah video.,NETRAL
Saya melihat bahwa video ini sudah diunggah sejak beberapa bulan yang lalu.,NETRAL
Tata letak deskripsi video terlihat cukup rapi.,NETRAL
Terdapat beberapa link terkait yang disertakan di deskripsi video.,NETRAL
Saya melihat ada banyak interaksi di kolom komentar.,NETRAL
Ada beberapa iklan yang muncul di tengah-tengah video.,NETRAL
Saya tidak begitu tertarik dengan konten video ini.,NETRAL
Banyak orang sepertinya menonton video ini sampai habis.,NETRAL
Saya belum memahami dengan jelas tema dari video ini.,NETRAL
Pengaturan suara dalam video terdengar baik.,NETRAL
Saya menyimak beberapa komentar yang menarik perhatian.,NETRAL
Jumlah view video ini terus bertambah setiap hari.,NETRAL
"Menarik, berapa lama durasi video ini?",NETRAL
"Banyak view, tapi like nya sedikit ya.",NETRAL
Kualitas video terlihat jelas.,NETRAL
Saya tidak yakin apakah ini konten baru atau lama.,NETRAL
"Thumbnailnya menarik, saya penasaran.",NETRAL
Apakah video ini disponsori?,NETRAL
"Saya belum menonton, tapi melihat deskripsinya cukup menarik.",NETRAL
Terdengar banyak suara latar dalam video ini.,NETRAL
Tampaknya video ini menarik perhatian banyak orang.,NETRAL
Saya tidak yakin apakah thumbnail video sesuai dengan konten sebenarnya.,NETRAL
Beberapa komentar menyebutkan bahwa video ini informatif.,NETRAL
Banyak orang tampaknya tidak setuju dengan pendapat presenter video.,NETRAL
"Saya belum menonton video ini, tapi thumbnailnya menarik perhatian.",NETRAL
Sebagian besar viewer sepertinya menikmati konten video tersebut.,NETRAL
Terdapat diskusi menarik di bagian komentar video.,NETRAL
Saya penasaran untuk mengetahui apakah video ini mendapat respons positif.,NETRAL
Kualitas visual video ini cukup baik dari yang saya lihat.,NETRAL
Apakah ada link terkait dengan topik yang dibahas di video?,NETRAL
"Durasi video cukup panjang, mungkin butuh waktu ekstra untuk menontonnya.",NETRAL
"Ada bagian yang kurang jelas pada menit ke-10, mungkin perlu dijelaskan lebih lanjut.",NETRAL
Saya menemukan video ini dari rekomendasi YouTube.,NETRAL
Apakah ada caption dalam bahasa lain untuk video ini?,NETRAL
Saya akan simpan video ini untuk ditonton nanti.,NETRAL
Tersedia opsi kualitas video yang bisa diatur?,NETRAL
Saya melihat banyak iklan muncul saat menonton video ini.,NETRAL
Thumbnail video menarik perhatian saya.,NETRAL
Suasana di video terlihat cerah dan ramah.,NETRAL
Saya tidak bisa membaca judul video dengan jelas.,NETRAL
Pengguna lain juga merekomendasikan video ini.,NETRAL
Tidak terlalu banyak adegan memotong dalam video.,NETRAL
Banyak variasi musik yang digunakan di video.,NETRAL
Berapa jumlah like video ini?,NETRAL
Saya melihat bahwa banyak komentar positif di sini.,NETRAL
Video ini tampaknya mendapat respon yang cukup baik,NETRAL
Apakah ada informasi lebih lanjut tentang latar belakang video ini?,NETRAL
"Saya baru menemukan channel ini, sepertinya menarik.",NETRAL
Ada memori yang terkait dengan video ini.,NETRAL
Bagaimana cara terbaik untuk berinteraksi dengan konten ini?,NETRAL
Saya pikir video ini memiliki potensi untuk menjadi viral.,NETRAL
Tampaknya banyak orang menonton video ini berulang kali.,NETRAL
Ada saran untuk konten selanjutnya yang ingin diungkapkan?,NETRAL
Mengapa begitu banyak dislike?,NETRAL
Terdapat iklan yang muncul di tengah video.,NETRAL
Saya melihat ada beberapa kesalahan dalam konten.,NETRAL
Bagaimana tanggapan dari pembuat video terhadap kritik?,NETRAL
Saya mendengarkan suara yang kurang jelas di bagian ini.,NETRAL
Apakah video ini memiliki versi panjang?,NETRAL
Saya merasa topik ini seharusnya dibahas lebih dalam.,NETRAL
Tema video ini cukup menarik untuk ditonton.,NETRAL
Saya melihat ada banyak komentar positif di bagian bawah video.,NETRAL
Beberapa bagian dari video terlihat kurang jelas.,NETRAL
Apakah ada versi perpanjangan dari video ini?,NETRAL
Saya tidak yakin apakah informasi di video tersebut akurat.,NETRAL
Ada banyak iklan yang muncul di tengah video.,NETRAL
Saya melihat video ini dipromosikan di beberapa platform lain juga.,NETRAL
Durasi video terlalu panjang untuk topik yang dibahas.,NETRAL
Saya merasa ada beberapa bagian yang kurang relevan dengan topik utama video.,NETRAL
Kualitas audio dari video ini terdengar sedikit kurang jelas.,NETRAL
Saya melihat banyak komentar positif pada video ini.,NETRAL
Banyak orang sepertinya tertarik dengan konten ini.,NETRAL
Saya penasaran dengan jumlah dislike video ini.,NETRAL
Tampaknya video ini mendapat banyak views dalam waktu singkat.,NETRAL
Saya mencatat ada beberapa iklan yang muncul di video ini.,NETRAL
Saya tidak yakin apakah thumbnail video ini sesuai dengan isinya.,NETRAL
Ada beberapa komentar yang terlihat membingungkan.,NETRAL
Saya belum mengetahui siapa pembuat video ini.,NETRAL
Terdapat beberapa bagian yang terlihat kurang jelas dalam video ini.,NETRAL
Video ini memiliki banyak view,NETRAL
Saya melihat banyak komentar positif di video ini,NETRAL
Durasi video terlalu panjang,NETRAL
Terdapat banyak iklan di tengah video,NETRAL
Saya penasaran dengan konten video selanjutnya,NETRAL
Jumlah dislike cukup tinggi untuk video ini,NETRAL
Kualitas video terlihat cukup baik,NETRAL
Saya akan menonton video ini lagi nanti,NETRAL
Komentar pengguna cukup beragam,NETRAL
Thumbnail video menarik perhatian,NETRAL
Video ini tampaknya menarik banyak perhatian penonton.,NETRAL
Ada banyak komentar yang terjadi di bagian ini.,NETRAL
Durasi video terlihat cukup panjang untuk topik ini.,NETRAL
Banyak variasi isi konten yang ditampilkan dalam video tersebut.,NETRAL
Sebagian besar penonton tampaknya menikmati bagian ini.,NETRAL
Ada beberapa iklan yang muncul di tengah video.,NETRAL
Saya melihat beberapa komentar positif tentang video ini.,NETRAL
Bagian ini cukup menarik untuk diikuti perkembangannya.,NETRAL
Penonton tampaknya aktif dalam berdiskusi di kolom komentar.,NETRAL
Saya cukup penasaran dengan respons penonton terhadap video ini.,NETRAL
Saya melihat komentar yang bervariasi di sini.,NETRAL
Terdapat berbagai iklan yang muncul di tengah video.,NETRAL
Saya pikir thumbnail video kurang menarik.,NETRAL
Ada beberapa informasi tambahan yang dapat ditambahkan.,NETRAL
Bagaimana cara mengakses video terkait?,NETRAL
Pengguna lain juga menyarankan video serupa.,NETRAL
Saya belum memahami maksud dari adegan ini.,NETRAL
Aplikasi YouTube tampaknya telah diperbarui.,NETRAL
Video ini berdurasi berapa menit?,NETRAL
Beberapa pengguna menyebutkan bahwa video ini informatif.,NETRAL
Saya ingin tahu lebih banyak tentang topik yang dibahas dalam video.,NETRAL
Banyak penonton yang menanyakan sumber informasi di video.,NETRAL
Pengguna menunjukkan ketertarikan pada topik tersebut.,NETRAL
Ada beberapa tanggapan yang meminta penjelasan lebih lanjut.,NETRAL
Saya melihat variasi pendapat di antara penonton video.,NETRAL
Terdapat pertanyaan yang belum terjawab dalam video tersebut.,NETRAL
Banyak orang yang menyukai konten yang diunggah.,NETRAL
"Saya belum menonton video ini, apa yang menarik dari video tersebut?",NETRAL
Beberapa orang memberikan saran untuk video berikutnya.,NETRAL
Terdapat banyak like dan dislike di video ini.,NETRAL
Apakah video ini menjadi trend di platform YouTube?,NETRAL
Beberapa penonton mengomentari kualitas audio yang kurang baik.,NETRAL
Saya melihat beberapa iklan muncul di tengah-tengah video.,NETRAL
Bagaimana cara menemukan video terkait dari channel ini?,NETRAL
Video ini memberikan informasi yang menarik.,NETRAL
Saya melihat banyak komentar positif tentang video ini.,NETRAL
Ada banyak interaksi dari penonton di video tersebut.,NETRAL
Tampaknya video ini telah menarik perhatian banyak orang.,NETRAL
Saya ingin tahu apakah ada kesalahan informasi dalam video tersebut.,NETRAL
Banyak orang sudah menonton video ini.,NETRAL
Saya belum melihat komentar negatif tentang video ini.,NETRAL
Saya berharap video ini memberikan pandangan yang beragam.,NETRAL
Menarik untuk melihat reaksi beragam dari penonton terhadap video ini.,NETRAL
Menarik juga melihat reaksi pengguna terhadap video ini.,NETRAL
Ada yang bisa memberi informasi tentang pembuat video ini?,NETRAL
Saya pikir video ini sudah banyak ditonton oleh banyak orang.,NETRAL
Tolong bagikan pendapat Anda mengenai konten video ini.,NETRAL
Saya penasaran apa yang membuat video ini viral.,NETRAL
Apakah ada statistik menarik mengenai interaksi dengan video ini?,NETRAL
Saya tidak yakin apakah video ini akan disukai oleh semua orang.,NETRAL
Saya menduga video ini memiliki beragam tanggapan dari penontonnya.,NETRAL
Mungkin ada faktor tertentu yang membuat video ini menarik perhatian banyak orang.,NETRAL
Saya penasaran apakah video ini akan mencapai trending di YouTube.,NETRAL
Saya melihat banyak komentar positif di bawah video ini.,NETRAL
Berapa jumlah dislike yang diterima video ini?,NETRAL
Apakah ada bagian yang di-skip di video ini?,NETRAL
Banyak orang sepertinya menyukai konten dari channel ini.,NETRAL
Saya tidak terlalu tertarik dengan video ini.,NETRAL
Ada yang tahu lagu latar yang digunakan di video ini?,NETRAL
Saya rasa video ini memiliki kualitas produksi yang bagus.,NETRAL
Berapa jumlah dislike video ini?,NETRAL
Apakah ada spoiler dalam video ini?,NETRAL
Terdapat iklan pada menit ke-5 video.,NETRAL
Mungkin video ini bisa diperpendek sedikit.,NETRAL
Saya mendengarkan dengan volume rendah.,NETRAL
Ada informasi kontak pembuat video?,NETRAL
Saya menemukan easter egg di menit ke-7.,NETRAL
Ada caption dalam bahasa Inggris?,NETRAL
Coba dijelaskan lebih detail tentang bagian ini,NETRAL
Saya melihat banyak komentar positif di sini,NETRAL
Apa alasan dibalik pemilihan warna tersebut?,NETRAL
Video ini tampaknya menarik perhatian banyak orang,NETRAL
Saya belum memahami konsep yang dijelaskan di menit ke-3,NETRAL
Bagian awal video terlihat cukup menarik,NETRAL
Saya baru menonton beberapa menit dan masih menunggu pengembangannya,NETRAL
Apakah ada rekomendasi video serupa lainnya?,NETRAL
Saya penasaran dengan latar belakang musik yang digunakan,NETRAL
Video ini sepertinya mengangkat topik yang menarik untuk dibahas,NETRAL
Terdapat banyak komentar di bagian bawah video.,NETRAL
Apakah ada informasi kontak dari pembuat video?,NETRAL
Saya melihat banyak iklan yang muncul saat menonton video ini.,NETRAL
Ada fitur settings untuk mengatur kualitas video.,NETRAL
Latar belakang video cukup menarik untuk diperhatikan.,NETRAL
Komentar teratas mengandung informasi yang berguna.,NETRAL
Kualitas audio dari video ini terdengar jelas.,NETRAL
Thumbnail video cukup menarik dan sesuai dengan konten.,NETRAL
Ada subtitles dalam beberapa bahasa untuk video ini.,NETRAL
Video ini terlihat menarik untuk ditonton.,NETRAL
Ada berapa jumlah like dan dislike untuk video ini?,NETRAL
Apakah ada yang tahu latar belakang pembuat video ini?,NETRAL
Saya belum memutuskan apakah video ini informatif atau tidak.,NETRAL
Saya perhatikan ada kesalahan kecil pada menit ke-7 video.,NETRAL
Suara pada video terdengar jelas dan nyaman didengar.,NETRAL
Kualitas visual dari video cukup baik untuk ditonton.,NETRAL
Banyak orang tampaknya menyukai isi video tersebut.,NETRAL
Sebagian besar penonton memberikan feedback yang baik.,NETRAL
Ada beberapa pertanyaan menarik dari penonton terkait video ini.,NETRAL
Beberapa komentar menyoroti hal menarik dari video tersebut.,NETRAL
Saya melihat beberapa pendapat yang beragam tentang video ini.,NETRAL
Terdapat beberapa teori menarik yang dibagikan oleh penonton.,NETRAL
Beberapa penonton tampaknya tertarik untuk mengeksplorasi lebih lanjut.,NETRAL
Pendapat-pendapat yang muncul sangat beragam dan menarik untuk dianalisis.,NETRAL
Tampaknya banyak yang menonton video ini,NETRAL
Saya melihat adanya iklan di tengah video,NETRAL
Apakah ada yang tahu siapa pembuat video ini?,NETRAL
Saya lihat ada banyak komentar positif di bawah video,NETRAL
Bagian tengah video terlihat agak kabur,NETRAL
Saya ingin tahu lebih banyak tentang topik yang dibahas di video,NETRAL
Mungkin video ini bisa lebih menarik dengan editing yang lebih baik,NETRAL
Saya tidak yakin apakah thumbnail video sesuai dengan isinya,NETRAL
Apakah video ini terkait dengan video sebelumnya?,NETRAL
Saya rasa video ini cocok untuk ditonton di waktu luang,NETRAL
Tampaknya banyak orang menonton video ini.,NETRAL
Apakah konten video ini sudah diperbarui?,NETRAL
Saya melihat thumbnail video menarik.,NETRAL
Tidak banyak informasi yang disediakan di deskripsi video.,NETRAL
Sebagian besar penonton sepertinya menyukai video ini.,NETRAL
Ada unsur humor di video tersebut.,NETRAL
Saya tidak bisa melihat jumlah dislike karena disembunyikan.,NETRAL
Apakah ada opsi untuk menyalakan subtitle?,NETRAL
Video ini tampaknya menarik untuk ditonton,NETRAL
Saya melihat banyak komentar positif di bawah video ini,NETRAL
Bisa diketahui berapa jumlah dislike-nya?,NETRAL
Terdapat banyak iklan yang muncul di tengah video,NETRAL
Saya tidak yakin apakah informasi di video ini valid atau tidak,NETRAL
Bisa jadi video ini viral karena kontroversi yang dibahas,NETRAL
Sebaiknya saya simpan video ini untuk ditonton nanti,NETRAL
Saya belum menemukan komentar yang menjelaskan detail tentang video ini,NETRAL
Apakah ada link lain terkait topik yang dibahas di video?,NETRAL
Saya akan tunggu respon dari uploader mengenai pertanyaan yang diajukan,NETRAL
Ada banyak komentar yang masuk terkait video ini.,NETRAL
"Durasi video terlalu panjang, membuat saya harus membaginya menjadi beberapa kali tonton.",NETRAL
Banyak informasi menarik yang disampaikan dalam video tersebut.,NETRAL
Pengguna YouTube sepertinya menyukai konten semacam ini.,NETRAL
Saya melihat banyak like dan dislike di video tersebut.,NETRAL
"Kualitas videonya cukup jernih, mudah untuk ditonton.",NETRAL
"Beberapa komentar menarik perhatian saya, memberikan pandangan yang berbeda.",NETRAL
Subtitlenya membantu pemahaman konten video lebih baik.,NETRAL
"Tentu saja, setiap orang memiliki preferensi berbeda terkait konten video yang mereka sukai.",NETRAL
"Banyak orang yang menonton video ini, menarik sekali.",NETRAL
Saya melihat banyak iklan muncul di tengah video.,NETRAL
Kualitas gambar video cukup jernih.,NETRAL
Tema video ini cukup menarik untuk ditonton lebih lanjut.,NETRAL
Saya suka cara penyampaian informasi di video ini.,NETRAL
Jumlah dislike pada video ini cukup tinggi.,NETRAL
Komentar di bawah video ini cukup bervariasi.,NETRAL
"Video ini tampak menarik, saya penasaran dengan kontennya.",NETRAL
Berapa lama video ini diunggah ke YouTube?,NETRAL
Kualitas visual dalam video terlihat cukup baik.,NETRAL
Apakah ada informasi lebih lanjut tentang pembuat video?,NETRAL
Saya rasa video ini bisa menjadi viral di platform lain.,NETRAL
Saya tidak yakin apakah video ini akan cocok untuk semua orang.,NETRAL
Ada bagian yang menarik perhatian saya dalam video tersebut.,NETRAL
Apakah ada informasi tambahan terkait topik dalam deskripsi video?,NETRAL
"Menurut saya, video ini cukup informatif.",NETRAL
Terdapat banyak komentar positif di bawah video.,NETRAL
Saya melihat banyak iklan muncul saat menonton video.,NETRAL
Bagian tengah video terasa sedikit monoton.,NETRAL
Beberapa bagian dalam video ini cukup menarik perhatian.,NETRAL
Saya belum mengetahui apakah video ini berasal dari sumber terpercaya.,NETRAL
Ada beberapa adegan yang sepertinya diedit dengan baik.,NETRAL
Saya cukup tertarik untuk mengetahui lebih lanjut tentang topik dalam video.,NETRAL
Beberapa bagian dalam video terlihat kurang jelas.,NETRAL
Apakah ada informasi tambahan mengenai konten video ini?,NETRAL
Ada unsur kreativitas yang menonjol dalam video tersebut.,NETRAL
Pengaturan pencahayaan video terlihat sangat baik.,NETRAL
Saya ingin tahu lebih banyak mengenai latar belakang video ini.,NETRAL
Apakah ada versi video yang lebih singkat?,NETRAL
Saya menemukan beberapa kesalahan kecil dalam video tersebut.,NETRAL
Menarik untuk dilihat berapa jumlah view video ini.,NETRAL
Saya melihat ada banyak komentar positif di sini.,NETRAL
Video ini tampaknya mendapat respon yang cukup bagus.,NETRAL
Beberapa pengguna terlihat memberikan feedback yang cukup detail.,NETRAL
Coba perhatikan bagaimana like dan dislike video ini seimbang.,NETRAL
Jangkauan video ini sepertinya cukup luas.,NETRAL
Terlihat ada berbagai tanggapan yang beragam dari pengguna.,NETRAL
Apakah ada yang menyadari adanya kesalahan informasi di video ini?,NETRAL
Pengguna sepertinya cukup antusias dengan video yang diunggah.,NETRAL
Saya melihat beberapa komentar yang cukup informatif di sini.,NETRAL
Berapa jumlah subscriber channel ini?,NETRAL
Tema video sangat relevan dengan tren saat ini.,NETRAL
Saya tidak menemukan bagian yang di-spoiler dalam cuplikan video.,NETRAL
Banyak penonton yang menyukai gaya editing dalam video ini.,NETRAL
Apakah ada watermark pada video tersebut?,NETRAL
Durasi video terasa pas untuk konten yang disajikan.,NETRAL
Saya belum melihat interaksi antara pembuat video dengan penonton.,NETRAL
"Video ini tampak menarik, harusnya banyak yang suka.",NETRAL
Berapa jumlah view video ini sejauh ini?,NETRAL
Saya melihat ada beberapa iklan di tengah video.,NETRAL
Ada yang bisa memberikan informasi tentang latar belakang pembuat video?,NETRAL
Saya tidak yakin apakah thumbnail video sesuai dengan kontennya.,NETRAL
Pengaturan kualitas video bisa diubah sesuai kebutuhan.,NETRAL
Komentar pengguna di bagian bawah video cukup informatif.,NETRAL
Saya belum menemukan informasi yang saya cari dalam video ini.,NETRAL
Terkadang saya merasa video ini terlalu panjang.,NETRAL
"Banyak komentar positif di sini, apa yang membuatnya begitu menarik ya?",NETRAL
Saya melihat ada sedikit kesalahan pada menit ke-3.,NETRAL
Apakah ada yang tahu lagu latar yang digunakan dalam video ini?,NETRAL
Saya pikir video ini bisa lebih baik dengan sedikit penyuntingan.,NETRAL
"Tampaknya banyak orang menonton video ini, apa daya tariknya ya?",NETRAL
Saya tidak begitu paham dengan poin yang disampaikan dalam video ini.,NETRAL
Mengapa ada iklan sepanjang video ini? Sedikit mengganggu.,NETRAL
Saya suka bagaimana videonya direkam dengan baik.,NETRAL
Berapa jumlah penonton video ini sampai saat ini?,NETRAL
Saya melihat banyak komentar positif di bagian ini.,NETRAL
Apakah ada versi video ini dengan subtitle bahasa Indonesia?,NETRAL
Saya perhatikan ada sedikit lag pada menit ke-10.,NETRAL
Apakah video ini tersedia dalam resolusi HD?,NETRAL
Viewer count pada video ini naik secara signifikan.,NETRAL
Pengambilan gambar pada video ini terlihat profesional.,NETRAL
Saya tidak melihat adanya iklan dalam video ini.,NETRAL
Apakah ada informasi terbaru mengenai topik dalam video ini?,NETRAL
Tampaknya banyak orang menyukai video ini,NETRAL
"Saya belum menonton video ini, mungkin nanti akan saya lihat",NETRAL
Komentar di bawah video cukup beragam,NETRAL
Jumlah dislike pada video ini cukup tinggi,NETRAL
Beberapa informasi menarik dapat ditemukan di video tersebut,NETRAL
Saya akan menonton video ini untuk mengetahui lebih lanjut,NETRAL
Banyak orang sepertinya tidak setuju dengan isi video,NETRAL
Video ini tampaknya cukup kontroversial,NETRAL
Saya belum memutuskan apakah akan memberikan like atau dislike,NETRAL
Saya melihat bahwa video ini memiliki banyak like.,NETRAL
Ada sejumlah komentar yang menarik perhatian saya di sini.,NETRAL
Saya tidak yakin apakah video ini sesuai dengan minat saya.,NETRAL
Beberapa bagian dari video ini cukup informatif.,NETRAL
Saya melihat ada beberapa iklan yang muncul selama video.,NETRAL
Durasi video ini terlihat cukup panjang untuk saya.,NETRAL
Tema video ini sepertinya sedang populer saat ini.,NETRAL
Saya tidak yakin apa yang seharusnya saya pelajari dari video ini.,NETRAL
Banyak orang berbagi pendapat mereka di bagian komentar.,NETRAL
Berapa jumlah like yang sudah didapatkan video ini?,NETRAL
Saya melihat bahwa video ini memiliki banyak komentar.,NETRAL
Apakah ada bocoran mengenai konten video selanjutnya?,NETRAL
Ternyata video ini cukup panjang ya.,NETRAL
Saya menemukan bahwa thumbnail video cukup menarik perhatian.,NETRAL
Kualitas video terlihat cukup jelas dan tajam.,NETRAL
Saya belum bisa memutuskan apakah video ini menarik perhatian saya atau tidak.,NETRAL
Apakah ada spoiler di dalam komentar-komentar video?,NETRAL
Saya akan menonton video ini lebih lanjut untuk mengetahui lebih detailnya.,NETRAL
Tingkat view video ini mengesankan.,NETRAL
Beberapa bagian video terpotong-potong.,NETRAL
Apakah ada cuplikan dari video ini di media sosial?,NETRAL
Saya memperhatikan variasi musik latar di video tersebut.,NETRAL
Durasi video terasa cukup panjang.,NETRAL
Pembicara dalam video terdengar jelas.,NETRAL
Saya melihat thumbnail menarik untuk video ini.,NETRAL
Bagian awal video cukup menarik perhatian.,NETRAL
Tampaknya banyak orang menonton video ini,NETRAL
Saya melihat ada banyak like pada video tersebut,NETRAL
Durasi video ini cukup panjang ya,NETRAL
Beberapa komentar menarik di bagian bawah video,NETRAL
Banyak orang sharing video ini di media sosial,NETRAL
Saya melihat thumbnail video cukup menarik,NETRAL
Video ini sepertinya mendapat banyak views,NETRAL
Ada beberapa iklan yang muncul di tengah video,NETRAL
Saya tertarik untuk mengetahui lebih banyak tentang topik ini,NETRAL
Saya melihat banyak dislike pada video tersebut,NETRAL
Mungkin video ini dapat menjadi referensi yang menarik untuk ditonton.,NETRAL
Saya melihat bahwa banyak orang tertarik dengan konten video ini.,NETRAL
Apakah video ini memiliki subtitle bahasa Indonesia?,NETRAL
Tampaknya video ini mendapat banyak respon dari penonton.,NETRAL
"Saya belum menonton video ini, tapi mungkin akan saya coba nantinya.",NETRAL
Bagaimana pendapat Anda tentang kualitas video ini?,NETRAL
Saya menemukan bahwa video ini telah banyak dibagikan di media sosial.,NETRAL
Apakah ada yang tahu siapa pembuat konten di video tersebut?,NETRAL
Saya lihat komentar-komentar positif di bawah video ini.,NETRAL
Saya tidak terlalu tertarik dengan topik yang dibahas dalam video ini.,NETRAL
Menurutku video ini informatif dan menarik.,NETRAL
Video ini sudah ditonton jutaan kali dalam waktu singkat.,NETRAL
Ada banyak iklan yang muncul di tengah-tengah video.,NETRAL
Saya penasaran dengan sudut pandang yang lain tentang topik ini.,NETRAL
"Beberapa bagian video terlalu cepat dipotong, membuatnya sulit diikuti.",NETRAL
Saya pikir video ini bisa lebih baik dengan pencahayaan yang lebih baik.,NETRAL
Suara latar di video ini agak mengganggu konsentrasi.,NETRAL
Apakah ada sumber lain yang bisa memberikan informasi lebih lengkap?,NETRAL
Saya mendapati beberapa fakta menarik dari video ini.,NETRAL
Ada banyak komentar yang masuk di video ini.,NETRAL
Saya melihat bahwa video tersebut telah ditonton jutaan kali.,NETRAL
Beberapa pengguna menuliskan pertanyaan menarik di kolom komentar.,NETRAL
Terdapat variasi pendapat di antara penonton terkait isi video.,NETRAL
Durasi video mungkin menjadi pertimbangan bagi sebagian orang.,NETRAL
Tidak terlalu banyak like atau dislike pada video tersebut.,NETRAL
Sebagian besar komentar terfokus pada topik yang dibahas di video.,NETRAL
Pengguna terlihat aktif berdiskusi di kolom komentar.,NETRAL
Saya melihat adanya variasi preferensi di antara penonton video ini.,NETRAL
Tampaknya video tersebut mendapat tanggapan yang cukup beragam.,NETRAL
Video ini memiliki banyak views,NETRAL
Saya melihat ada iklan yang muncul di tengah video,NETRAL
Terdapat banyak komentar dari pengguna tentang video ini,NETRAL
Saya tidak melihat deskripsi video yang lengkap,NETRAL
Durasi video terlalu panjang menurut saya,NETRAL
Thumbnail video terlihat menarik,NETRAL
Saya tidak memahami maksud dari judul video,NETRAL
Banyak fitur interaktif yang disediakan pada video ini,NETRAL
Video ini memiliki rating yang tinggi,NETRAL
Saya melihat ada watermark channel di sudut video,NETRAL
Tolong informasikan jumlah view video ini.,NETRAL
Saya melihat banyak komentar pada video ini.,NETRAL
Tidak terlalu banyak like pada video tersebut.,NETRAL
Saya tidak melihat adanya iklan di video ini.,NETRAL
Penjelasan yang diberikan dalam video cukup jelas.,NETRAL
Apakah video ini sudah mendukung resolusi 4K?,NETRAL
Saya mencatat adanya beberapa kesalahan dalam video.,NETRAL
Apakah video ini terkait dengan topik yang sedang tren?,NETRAL
Beberapa bagian dari video terlihat kurang terang.,NETRAL
Video ini memperoleh banyak views dalam waktu singkat.,NETRAL
Banyak komentar positif maupun negatif di bawah video.,NETRAL
Terdapat beragam opini dari pengguna tentang konten video ini.,NETRAL
Beberapa penonton tampak tidak puas dengan ending video tersebut.,NETRAL
Saya penasaran dengan jumlah subscriber channel ini sekarang.,NETRAL
Banyak yang berdiskusi tentang kontroversi video ini di media sosial.,NETRAL
Banyak yang menanyakan lagu latar yang digunakan dalam video.,NETRAL
Saya melihat ada beberapa kesalahan kecil dalam editing video.,NETRAL
Video ini menarik perhatian saya,NETRAL
Ada banyak komentar positif di bawah video ini,NETRAL
Saya melihat banyak tautan terkait di deskripsi video,NETRAL
Banyak orang berbagi video ini di media sosial,NETRAL
Apakah ada bocoran tentang video selanjutnya?,NETRAL
Saya menonton video ini sampai akhir,NETRAL
Pengaturan kamera dalam video ini cukup baik,NETRAL
Saya tidak terlalu tertarik dengan konten video ini,NETRAL
Apakah ada versi dengan teks terjemahan?,NETRAL
Mungkin akan lebih baik jika video ini diberi subjudul.,NETRAL
Saya tertarik dengan topik yang dibahas dalam video.,NETRAL
Ada yang bisa merekomendasikan video serupa?,NETRAL
Saya menemukan video ini secara kebetulan.,NETRAL
Tidak banyak informasi yang saya dapat dari video ini.,NETRAL
Saya rasa pengaturan audio dalam video kurang baik.,NETRAL
Bagusnya video ini dimulai dari menit berapa ya?,NETRAL
Apakah ada informasi tambahan tentang konten video ini?,NETRAL
Saya rasa video ini cukup informatif dan menarik.,NETRAL
Ada yang tahu apa kategori video ini?,NETRAL
Saya lihat banyak interaksi di bagian komentar.,NETRAL
Saya penasaran tentang jumlah view yang sudah dicapai.,NETRAL
Video ini sepertinya telah mendapat respon positif dari penonton.,NETRAL
Ada saran untuk video-content serupa selanjutnya?,NETRAL
Apakah ada informasi tentang pembuat video ini?,NETRAL
Beberapa bagian dari video terlihat menarik.,NETRAL
Saya penasaran dengan latar belakang pembuat video.,NETRAL
Terdapat banyak like pada video tersebut.,NETRAL
Saya ingin tahu lebih banyak tentang konten yang dibahas.,NETRAL
Bagaimana pendapat penonton mengenai ending video?,NETRAL
Suara pada video terdengar jelas.,NETRAL
Apakah ada spoiler yang dapat diungkapkan?,NETRAL
Saya belum menemukan komentar yang mencela video ini.,NETRAL
Saya melihat banyak komentar positif di bagian bawah video.,NETRAL
Banyak orang tampaknya menonton video ini hingga akhir.,NETRAL
Saya tidak melihat informasi tentang kreator video ini.,NETRAL
Beberapa orang memberikan saran untuk video selanjutnya.,NETRAL
Bagian komentar terlihat ramai dengan interaksi.,NETRAL
Saya belum tahu apakah video ini ada kelanjutannya.,NETRAL
Thumbnail video terlihat menarik dan informatif.,NETRAL
Apakah ada spoiler di komentar mengenai video ini?,NETRAL
Terdapat banyak iklan di tengah-tengah video.,NETRAL
Saya perlu mempercepat pemutaran video ini.,NETRAL
Mungkin video ini dapat diperpendek agar lebih ringkas.,NETRAL
Apakah ada rekomendasi video serupa yang bisa ditonton setelah ini?,NETRAL
"Video menarik, apakah ada versi bahasa Inggrisnya?",NETRAL
Saya melihat banyak iklan di video ini,NETRAL
Latar belakang musiknya cocok dengan tema video,NETRAL
Saya pikir narasinya cukup jelas dan informatif,NETRAL
Kualitas gambar video ini cukup baik,NETRAL
Saya penasaran dengan topik yang dibahas di video,NETRAL
Tata letak tautan di deskripsi video rapi,NETRAL
Apakah ada yang tahu kapan video ini dipublikasikan?,NETRAL
Saya suka bagaimana video ini tidak terlalu panjang,NETRAL
Video ini menarik untuk ditonton.,NETRAL
Berapa jumlah total view video ini?,NETRAL
Ada beberapa adegan yang cukup lucu.,NETRAL
Apakah ada informasi lanjutan mengenai topik ini?,NETRAL
Apa genre video ini sebenarnya?,NETRAL
Sebaiknya kualitas video ditingkatkan lagi.,NETRAL
Beberapa bagian video terlihat kurang jelas.,NETRAL
Apakah ada video serupa yang direkomendasikan?,NETRAL
Video ini mendapatkan banyak view.,NETRAL
Terdapat banyak iklan yang muncul di tengah video.,NETRAL
Kualitas video terlihat jelas dan baik.,NETRAL
Banyak orang yang menonton video ini dari luar negeri.,NETRAL
Judul video cukup menarik perhatian.,NETRAL
Tema video membahas topik yang sedang populer saat ini.,NETRAL
Saya merasa video ini cukup informatif.,NETRAL
Tata letak dan desain thumbnail video menarik.,NETRAL
Banyak komentar yang masuk di video ini.,NETRAL
Penjelasan di video terlihat cukup detail.,NETRAL
Terdapat iklan di awal video.,NETRAL
Banyak view yang sudah terkumpul.,NETRAL
Thumbnail video menarik perhatian.,NETRAL
Kualitas audio dalam video terdengar baik.,NETRAL
Tampilan video terlihat profesional.,NETRAL
Suara dalam video terdengar jelas.,NETRAL
Saya penasaran dengan latar belakang pembuat video ini.,NETRAL
Terdapat sedikit gangguan pada kualitas gambar.,NETRAL
Apakah konten serupa sudah pernah diunggah sebelumnya?,NETRAL
Video terlihat cukup informatif namun kurang menarik bagi saya.,NETRAL
Saya akan merekomendasikan video ini kepada teman-teman saya.,NETRAL
Tingginya jumlah dislike pada video ini menarik perhatian saya.,NETRAL
Beberapa komentar di bawah video mengajukan pertanyaan yang menarik.,NETRAL
Terdapat banyak varian emoji yang digunakan dalam komentar-komentar.,NETRAL
Banyak orang sepertinya belum menonton video hingga akhir berdasarkan komen-komen mereka.,NETRAL
Saya ingin tahu apakah video ini sudah memiliki subtitle bahasa Indonesia.,NETRAL
Jumlah view yang tinggi menunjukkan video ini cukup populer.,NETRAL
Beberapa user baru tampaknya menyukai konten ini berdasarkan komentar mereka.,NETRAL
Saya tidak yakin apakah video ini relevan dengan topik utama channel tersebut.,NETRAL
Pengaturan pencahayaan dalam video terlihat cukup baik.,NETRAL
Saya melihat ada iklan di tengah video.,NETRAL
Beberapa bagian video terlalu cepat dipotong.,NETRAL
Apakah ada versi video yang lebih panjang?,NETRAL
Saya tidak yakin dengan sumber musik latar di video ini.,NETRAL
Banyak informasi menarik yang disampaikan dalam video.,NETRAL
Mungkin pencahayaan video perlu ditingkatkan.,NETRAL
Apa kamera yang digunakan untuk pengambilan gambar?,NETRAL
Saya pikir video ini bisa lebih menarik dengan penambahan efek visual.,NETRAL
Apakah ada rekomendasi video serupa yang lain?,NETRAL
Apakah ada subtitle Bahasa Indonesia untuk video ini?,NETRAL
"Durasi video terlalu panjang, mungkin perlu dipersingkat.",NETRAL
Tidak ada informasi kontroversial dalam video ini.,NETRAL
"Saya belum menonton video ini, apa yang dibahas di dalamnya?",NETRAL
Apakah ada informasi lebih lanjut terkait topik video ini?,NETRAL
Saya tidak melihat adanya iklan pada video ini.,NETRAL
"Menurut saya, jumlah view video ini sudah cukup tinggi.",NETRAL
Apakah ada yang tahu siapa pembuat musik latar di video ini?,NETRAL
Saya melihat banyak iklan yang muncul di tengah-tengah video.,NETRAL
Durasi video terlalu panjang menurut preferensi saya.,NETRAL
Saya perhatikan ada beberapa kesalahan kecil dalam editing video.,NETRAL
Banyak komentar menarik di bagian bawah video.,NETRAL
Saya rasa thumbnail video tidak terlalu menarik perhatian.,NETRAL
Tidak terlalu banyak interaksi dari penonton dalam komentar.,NETRAL
Perlu penyesuaian kualitas video agar lebih jelas.,NETRAL
Pengaturan warna dalam video terlihat cukup pas.,NETRAL
"Video ini tampak menarik, ingin tahu lebih banyak tentang kontennya",NETRAL
Saya melihat ada banyak jumlah penonton yang cukup tinggi,NETRAL
Komentar-komentar di bawah video cukup beragam,NETRAL
Saya pikir panjang video ini cukup pas untuk topiknya,NETRAL
Terdapat beberapa iklan yang muncul di tengah video,NETRAL
Latar belakang video terlihat cukup sederhana namun informatif,NETRAL
Saya melihat beberapa penonton memberikan masukan positif,NETRAL
Kualitas audio video ini terdengar jelas tanpa gangguan,NETRAL
Saya penasaran dengan topik yang dibahas dalam video ini,NETRAL
Deskripsi video cukup lengkap dan memberikan informasi yang dibutuhkan,NETRAL
"Bagus sekali video ini, saya suka",NETRAL
Apakah ada link untuk video aslinya?,NETRAL
Saya melihat ada beberapa iklan di tengah video,NETRAL
Ada yang tahu lagu latar yang dipakai?,NETRAL
Saya pikir video ini dapat ditingkatkan lagi,NETRAL
Durasi video terlalu pendek menurut saya,NETRAL
Banyak informasi menarik dalam video ini,NETRAL
Kualitas visualnya cukup bagus,NETRAL
Saya lihat banyak komentar positif di sini,NETRAL
Video ini tampaknya menarik untuk ditonton.,NETRAL
Terdapat banyak interaksi dari penonton di bagian komentar.,NETRAL
Saya akan mempertimbangkan untuk menonton video ini nanti.,NETRAL
Apakah ada informasi tambahan yang relevan di deskripsi video?,NETRAL
Beberapa bagian dari video ini terlihat menarik untuk dieksplorasi lebih lanjut.,NETRAL
Saya akan menyimpan video ini untuk ditonton kemudian.,NETRAL
Ada saran video serupa yang bisa direkomendasikan?,NETRAL
"Video ini tampak menarik, ingin tahu lebih lanjut",NETRAL
"Durasi video cukup panjang, mungkin butuh waktu luang",NETRAL
Ada banyak komentar positif di sini,NETRAL
Saya perhatikan ada beberapa iklan di video ini,NETRAL
Jumlah view sudah mencapai angka yang lumayan,NETRAL
Kualitas audio dalam video terdengar jelas,NETRAL
Komentar-komentar pengguna cukup bervariasi,NETRAL
Saya lihat ada beberapa video terkait yang direkomendasikan,NETRAL
Ada banyak komentar positif di video ini.,NETRAL
Video menarik untuk ditonton berulang kali.,NETRAL
"Durasi video cukup panjang, melampaui 20 menit.",NETRAL
Banyak iklan muncul saat menonton video tersebut.,NETRAL
Isi konten video sesuai dengan judulnya.,NETRAL
Pengguna lain mungkin memiliki pendapat yang berbeda.,NETRAL
Tema video dapat ditemui di banyak kanal YouTube lain.,NETRAL
Jumlah penonton video ini terus bertambah setiap hari.,NETRAL
Pengaturan kualitas video bisa disesuaikan dengan kebutuhan.,NETRAL
Tidak ada informasi kontroversial yang disajikan dalam video.,NETRAL
Berapa jumlah penonton video ini?,NETRAL
Saya melihat banyak iklan yang muncul di tengah video.,NETRAL
Apakah ada versi lain dari video ini?,NETRAL
Saya perhatikan video ini cukup panjang.,NETRAL
Efek suara pada video terdengar menarik.,NETRAL
Terdapat kutipan dari sumber dalam video?,NETRAL
Saya lihat ada opsi untuk menonton video dalam resolusi tinggi.,NETRAL
Saya melihat banyak komentar pada bagian ini,NETRAL
Kualitas audio pada menit ke-3 agak kurang jelas,NETRAL
Bagian visual pada menit ke-5 cukup menarik,NETRAL
Terdapat iklan pada awal video,NETRAL
Saya melihat beberapa kesalahan pengetikan pada sub judul,NETRAL
Saya menemukan bagian yang kurang informatif pada menit ke-8,NETRAL
Ada link ke sumber daya tambahan dalam deskripsi video,NETRAL
Jumlah view sudah mencapai berapa ribu?,NETRAL
Tema video cukup menarik untuk ditonton.,NETRAL
Saya tidak terlalu memahami konten video ini.,NETRAL
Saya suka bagian intro video.,NETRAL
Terdapat banyak komentar pada video ini.,NETRAL
Saya melihat ada banyak like dan dislike di sini.,NETRAL
Video ini sepertinya menarik perhatian banyak orang.,NETRAL
Berapa jumlah view yang sudah terkumpul?,NETRAL
Ada yang bisa memberi informasi tentang musik latar di video ini?,NETRAL
Kualitas video terlihat cukup jelas.,NETRAL
Saya pikir thumbnail video cukup menarik.,NETRAL
Apa yang membuat video ini trending?,NETRAL
Menarik untuk diketahui berapa jumlah view video ini.,NETRAL
Saya melihat banyak komentar yang mendukung video ini.,NETRAL
Apa kira-kira genre musik yang terdapat dalam video tersebut?,NETRAL
Saya belum mengetahui siapa yang menjadi pembuat video ini.,NETRAL
Sebaiknya mengecek keaslian informasi sebelum menanggapi video tersebut.,NETRAL
Apakah video tersebut memiliki rating yang tinggi?,NETRAL
"Saya belum menonton video ini, mungkin nanti akan saya lihat.",NETRAL
Bagaimana tanggapan pengguna lain terhadap video tersebut?,NETRAL
Saya berharap video ini dapat memberikan informasi yang bermanfaat.,NETRAL
Sudah ada berapa likes untuk video ini?,NETRAL
Apa judul lagu yang digunakan dalam video?,NETRAL
"Banyak yang menonton video ini, ternyata kontroversial ya.",NETRAL
Bagian yang menarik dari video adalah pada menit ke-3.,NETRAL
Saya tidak terlalu tertarik dengan konten video ini.,NETRAL
Terdapat beberapa kesalahan kecil dalam video tersebut.,NETRAL
Saya ingin melihat lebih banyak video sejenis dari channel tersebut.,NETRAL
Semoga videonya memiliki subtitle bahasa Indonesia.,NETRAL
Video ini memiliki jumlah tayangan yang tinggi.,NETRAL
Saya melihat ada banyak komentar positif di video ini.,NETRAL
Berapa lama proses editing untuk video ini?,NETRAL
Saya menyadari bahwa video ini mendapat reaksi beragam dari penonton.,NETRAL
Saya tidak merasakan koneksi emosional saat menonton video ini.,NETRAL
Pengaturan kualitas video bisa diubah sesuai preferensi masing-masing.,NETRAL
Saya menemukan bahwa video ini cukup informatif.,NETRAL
Apakah ada caption atau subtitle yang disediakan untuk video ini?,NETRAL
Ada adegan menarik di menit keberapa?,NETRAL
Saya melihat banyak komentar tentang video ini.,NETRAL
Thumbnail video cukup menarik untuk ditonton.,NETRAL
Saya penasaran dengan jumlah view yang sudah diterima video ini.,NETRAL
Terdapat informasi yang menarik di deskripsi video.,NETRAL
Banyak yang membicarakan video ini di media sosial.,NETRAL
Apakah ada spoiler di komentar-komentar mengenai video ini?,NETRAL
Saya akan menonton video ini kemudian memberikan pendapat saya.,NETRAL
Video ini memiliki resolusi yang baik.,NETRAL
Berapa jumlah total tayangan video ini?,NETRAL
Sepertinya ada kesalahan kecil pada menit ke-3.,NETRAL
"Saya belum menonton video ini, tapi thumbnail-nya menarik.",NETRAL
"Ada beberapa iklan di tengah video, agak mengganggu.",NETRAL
"Saya suka bagian di menit ke-7, sangat informatif.",NETRAL
Apakah ada versi video dengan teks terjemahan?,NETRAL
"Penjelasan di menit ke-5 agak membingungkan, perlu klarifikasi lebih lanjut.",NETRAL
Thumbnail video tidak terlalu relevan dengan konten sebenarnya.,NETRAL
Menarik juga melihat tanggapan pengguna terhadap video ini.,NETRAL
Saya lihat banyak komentar yang menyebutkan tentang musik latar di video.,NETRAL
Berapa jumlah total view video ini sejauh ini?,NETRAL
Sebagian besar komentar fokus pada bagian tengah video.,NETRAL
Ada yang bisa memberi informasi tentang lokasi pengambilan gambar video?,NETRAL
Tertarik untuk mengetahui apakah ada korelasi antara like dan dislike video.,NETRAL
Beberapa orang berkomentar tentang editing yang digunakan di video ini.,NETRAL
Saya melihat ada perdebatan kecil dalam komentar terkait topik video.,NETRAL
Ada yang bisa menjelaskan konteks dari adegan terakhir dalam video?,NETRAL
"Video menarik, ingin tahu lebih banyak tentang kontennya.",NETRAL
"Banyak komentar positif dari pengguna lain, menarik untuk disimak.",NETRAL
Pembicaraan di bagian awal cukup menarik perhatian.,NETRAL
Ada banyak iklan yang muncul sepanjang video.,NETRAL
Grafis yang digunakan terlihat cukup profesional.,NETRAL
"Suara latar musik tidak terlalu mengganggu, cukup pas.",NETRAL
"Beberapa bagian terlihat kurang jelas, mungkin perlu penjelasan tambahan.",NETRAL
Pengguna lain menyarankan video sejenis yang mungkin lebih menarik.,NETRAL
Jumlah penonton video ini cukup tinggi,NETRAL
Ada komentar yang menarik di bagian bawah video,NETRAL
Saya melihat iklan sebelum memutar video,NETRAL
Thumbnail video cukup menarik perhatian,NETRAL
Ada yang bisa memberitahu saya judul lagu pada menit ke-3?,NETRAL
Bagian komentar sangat ramai dibandingkan biasanya,NETRAL
Saya suka bahwa video ini tidak terlalu panjang,NETRAL
Terdapat informasi menarik di deskripsi video,NETRAL
Saya melihat video ini direkomendasikan oleh YouTube,NETRAL
Beberapa pemirsa mungkin akan menonton video ini lebih dari sekali.,NETRAL
Saya melihat bahwa video ini memiliki banyak komentar positif.,NETRAL
Terdapat berbagai informasi menarik dalam video ini.,NETRAL
Beberapa penonton mungkin ingin mengetahui lebih lanjut tentang topik ini.,NETRAL
Video tersebut tampaknya telah disukai oleh banyak orang.,NETRAL
Saya perhatikan bahwa video ini memiliki durasi yang cukup lama.,NETRAL
Ada beberapa kontroversi kecil yang mungkin menarik perhatian pemirsa.,NETRAL
Saya melihat adanya variasi dalam gaya penyajian video ini.,NETRAL
Beberapa penonton mungkin merasa terinspirasi setelah menonton video ini.,NETRAL
Video ini menampilkan berbagai adegan menarik.,NETRAL
Saya ingin tahu siapa yang membuat video ini.,NETRAL
Ada banyak komentar positif dalam bagian diskusi video.,NETRAL
Saya melihat adanya iklan di tengah-tengah video.,NETRAL
Jumlah dislike cukup tinggi untuk video ini.,NETRAL
Beberapa pengguna tampaknya tidak puas dengan konten video.,NETRAL
Saya tidak begitu tertarik dengan topik yang diangkat dalam video.,NETRAL
Kualitas audio dalam video terdengar jelas dan berkualitas.,NETRAL
Saya rasa video ini bisa lebih menarik dengan sedikit penyuntingan.,NETRAL
Video ini terlihat menarik...,NETRAL
Saya lihat ada banyak komentar...,NETRAL
Durasi video cukup panjang ya...,NETRAL
Tema video cukup menarik untuk ditonton...,NETRAL
Apakah ada yang tahu lagu latar di video ini?,NETRAL
Kualitas video terlihat baik...,NETRAL
Pengaturan pencahayaan dalam video bagus...,NETRAL
Saya tidak bisa memutuskan apakah ini bagus atau tidak...,NETRAL
Saya melihat banyak komentar pada video ini,NETRAL
Ada yang bisa menjelaskan konten video ini lebih detail?,NETRAL
Tampaknya video ini mendapat banyak views,NETRAL
Saya ingin tahu siapa pembuat video ini,NETRAL
Ada yang bisa memberikan ringkasan singkat tentang video ini?,NETRAL
Bagaimana tanggapan pengguna lain terhadap video ini?,NETRAL
Saya belum memutuskan apakah akan menonton video ini atau tidak,NETRAL
Video ini menarik banyak perhatian penonton.,NETRAL
Saya melihat banyak komentar positif dan negatif di bawah video ini.,NETRAL
Banyak yang menyukai gaya editing dalam video tersebut.,NETRAL
"Saya belum menonton video ini, mungkin nanti akan saya tonton.",NETRAL
Terdapat banyak iklan yang muncul saat menonton video ini.,NETRAL
Jumlah view video ini sudah mencapai angka yang fantastis.,NETRAL
Beberapa komentar di video ini menarik perhatian saya.,NETRAL
Saya suka bahwa video ini memuat informasi yang relevan.,NETRAL
"Video ini cukup panjang, mungkin akan saya tonton secara bersamaan.",NETRAL
"Video ini tampak menarik, ingin tahu lebih banyak tentang kontennya.",NETRAL
"Saya belum menonton video ini, mungkin nanti akan saya cek.",NETRAL
Sebaiknya saya simpan video ini untuk ditonton kemudian.,NETRAL
Ada yang bisa memberikan informasi singkat tentang isi video ini?,NETRAL
Pengaturan kualitas video harus disesuaikan agar lebih jelas menampilkan konten.,NETRAL
"Diskusi di kolom komentar tampak ramai, sepertinya video ini menarik perhatian banyak orang.",NETRAL
Saya suka melihat tanggapan beragam dari pengguna terhadap video ini.,NETRAL
Apakah video ini terkait dengan topik yang sedang viral?,NETRAL
Coba jelaskan sedikit tentang alur cerita dalam video ini.,NETRAL
Saya akan tunggu rekomendasi lebih lanjut sebelum menonton video ini.,NETRAL
Video ini menarik perhatian banyak orang,NETRAL
Beberapa pengguna mungkin akan menemukan video ini informatif,NETRAL
Terdapat variasi pendapat di antara penonton video ini,NETRAL
"Dalam video ini, pembicaraan tentang topik tersebut cukup jelas",NETRAL
Banyak yang berdiskusi tentang konten video ini,NETRAL
Pengguna bisa mendapatkan informasi yang berguna dari video ini,NETRAL
Tidak terlalu banyak iklan yang mengganggu dalam video ini,NETRAL
Durasi video cukup panjang untuk menjelaskan topik secara detail,NETRAL
Tidak ada unsur provokatif yang saya lihat dalam video ini,NETRAL
Video ini menarik untuk ditonton,NETRAL
Beberapa adegan dalam video tersebut membingungkan,NETRAL
Saya tidak yakin dengan konten video ini,NETRAL
Apakah ada spoiler dalam video tersebut?,NETRAL
Apakah video ini termasuk dalam playlist?,NETRAL
Saya belum mengetahui feedback pengguna lain terkait video ini,NETRAL
Mungkin saya akan menonton video ini nanti,NETRAL
Saya melihat video ini memiliki banyak penonton.,NETRAL
Ada banyak komentar positif di bagian bawah video.,NETRAL
Durasi video terlihat cukup panjang untuk ditonton.,NETRAL
Beberapa pengguna tampaknya menyarankan video lain yang serupa.,NETRAL
Jumlah like dan dislike cukup seimbang.,NETRAL
Pembicara dalam video terdengar jelas dan lancar.,NETRAL
Thumbnail video terlihat menarik dan sesuai dengan isi konten.,NETRAL
Sebagian komentar membahas topik yang berbeda dengan video.,NETRAL
Tautan ke video terdapat di berbagai platform sosial media.,NETRAL
Tampaknya video ini mendapat banyak views.,NETRAL
Saya melihat banyak komentar positif di bawah video.,NETRAL
Video ini memiliki banyak dislike.,NETRAL
Saya lihat video ini memicu diskusi yang menarik.,NETRAL
"Durasi video cukup panjang, sekitar 30 menit.",NETRAL
Banyak orang sepertinya menyukai konten video ini.,NETRAL
"Saya belum menonton video ini, mungkin akan saya tonton nanti.",NETRAL
Kualitas visual video terlihat bagus.,NETRAL
Video ini tampaknya menarik banyak perhatian pengguna.,NETRAL
Berapa jumlah total view dari video ini ya?,NETRAL
Beberapa pengguna mungkin mendapatkan manfaat dari konten ini.,NETRAL
Saya menyadari bahwa video ini memiliki durasi yang cukup panjang.,NETRAL
Ada beberapa iklan yang muncul di tengah-tengah video tersebut.,NETRAL
Tema video ini cukup menarik untuk dieksplorasi lebih lanjut.,NETRAL
Saya tidak yakin apakah video ini cocok dengan selera saya atau tidak.,NETRAL
Pengguna sepertinya memiliki pandangan yang beragam terhadap konten ini.,NETRAL
Bagaimana pendapat Anda tentang thumbnail video ini?,NETRAL
Video ini memperoleh banyak views dalam waktu singkat,NETRAL
Terdapat banyak komentar positif di bawah video ini,NETRAL
Banyak pengguna mengomentari aspek visual dari video tersebut,NETRAL
Beberapa penonton bertanya tentang latar belakang musik dalam video,NETRAL
Sebagian besar komentar fokus pada konten yang disampaikan dalam video,NETRAL
Terdapat beberapa diskusi tentang interpretasi dari pesan video tersebut,NETRAL
Beberapa pengguna menyarankan untuk menambahkan subtitel dalam berbagai bahasa,NETRAL
Ada yang meminta penjelasan lebih lanjut terkait informasi yang disajikan dalam video,NETRAL
Pengguna menunjukkan minatnya terhadap topik yang dibahas dalam video tersebut,NETRAL
Beberapa penonton membagikan video ini ke media sosial mereka,NETRAL
"Menarik, berapa jumlah penonton video ini?",NETRAL
Video ini tampaknya mendapatkan banyak like.,NETRAL
Apakah video ini memiliki subjudul?,NETRAL
Bagaimana dengan komentar pengguna lain di sini?,NETRAL
Saya belum mengetahui siapa yang membuat video ini.,NETRAL
"Durasi video ini cukup panjang, ya?",NETRAL
Ada informasi tambahan yang bisa didapatkan dari deskripsi video.,NETRAL
"Menarik, banyak komentar di sini.",NETRAL
Saya melihat banyak like untuk video ini.,NETRAL
Ada banyak view dalam waktu singkat.,NETRAL
Video ini memberikan informasi yang lengkap.,NETRAL
Ada banyak interaksi positif di sini.,NETRAL
Komentar-komentar di bawah video cukup bervariasi.,NETRAL
Saya melihat beberapa iklan di video ini.,NETRAL
Video ini tampaknya mendapat respon yang baik.,NETRAL
Banyak informasi yang berguna dalam video ini.,NETRAL
Saya melihat bahwa video ini memiliki banyak view.,NETRAL
Apakah ada yang tahu siapa pembuat video tersebut?,NETRAL
Saya menemukan video ini ketika sedang mencari informasi tentang topik tersebut.,NETRAL
Terdapat banyak komentar menarik di bawah video ini.,NETRAL
Video ini tampaknya menarik perhatian banyak orang.,NETRAL
"Saya belum menonton video ini, tetapi deskripsi video cukup jelas.",NETRAL
Ada informasi menarik yang dibagikan di video tersebut.,NETRAL
Saya rasa video ini dapat menarik perhatian banyak kalangan.,NETRAL
Saya tidak yakin apakah video ini relevan dengan topik yang sedang saya teliti.,NETRAL
"Ada banyak like di video tersebut, sepertinya banyak yang menyukainya.",NETRAL
Thumbnail video menarik.,NETRAL
Banyak interaksi dari penonton.,NETRAL
Jumlah dislike cukup tinggi.,NETRAL
Durasi video terlalu panjang.,NETRAL
Belum ada subtitle bahasa Indonesia.,NETRAL
Isi konten cukup informatif.,NETRAL
Tema video sudah sering dibahas.,NETRAL
Banyak iklan muncul di tengah video.,NETRAL
Komentar pengguna bervariasi.,NETRAL
"Durasi video cukup panjang, mungkin ada banyak informasi yang disajikan.",NETRAL
"Banyak komentar positif dari penonton, sepertinya video ini populer.",NETRAL
"Thumbnail video terlihat menarik, saya tertarik untuk menontonnya.",NETRAL
Jumlah view video ini sudah mencapai angka yang tinggi.,NETRAL
"Banyak iklan muncul di tengah-tengah video, agak mengganggu sedikit.",NETRAL
"Saya belum melihat komen negatif tentang video ini, sepertinya bagus.",NETRAL
"Ada beberapa bagian yang kurang jelas dalam video ini, perlu penjelasan lebih lanjut.",NETRAL
Saya suka gaya editing yang digunakan dalam video ini.,NETRAL
"Latar belakang musik video ini cukup menarik, cocok dengan tema yang dibahas.",NETRAL
Video ini membahas topik yang menarik.,NETRAL
Saya melihat bahwa video tersebut memiliki banyak like.,NETRAL
Tema video terlihat cukup variatif.,NETRAL
Saya tidak begitu tertarik dengan konten pada menit ke-5.,NETRAL
Ada banyak komentar positif dan negatif di bagian bawah video.,NETRAL
Pengguna lain sepertinya senang dengan ending video ini.,NETRAL
Saya ingin tahu apakah ada video lain yang terkait dengan topik ini.,NETRAL
Kualitas audio pada video terdengar cukup jelas.,NETRAL
Saya belum memutuskan apakah akan menonton video ini sampai akhir.,NETRAL
Berapa jumlah like yang sudah didapat video ini?,NETRAL
Saya melihat ada banyakan komentar positif di sini.,NETRAL
Apakah ada informasi lebih lanjut terkait konten video ini?,NETRAL
"Durasi video ini cukup panjang, ya.",NETRAL
"Terdapat iklan di tengah video, tidak terlalu mengganggu sih.",NETRAL
Banyak orang sepertinya menyukai isi dari video ini.,NETRAL
Saya lihat ada beberapa komentar yang meminta subtitle.,NETRAL
"Thumbnail video terlihat menarik, sesuai dengan kontennya.",NETRAL
Saya mendapati video ini dari rekomendasi YouTube.,NETRAL
Video ini mendapatkan banyak view ya?,NETRAL
Ada banyak komentar di video ini.,NETRAL
Saya melihat banyak like pada video tersebut.,NETRAL
Terdapat banyak iklan di tengah video.,NETRAL
Durasi video ini cukup panjang.,NETRAL
Tema video ini menarik untuk dibahas.,NETRAL
Saya melihat banyak subscriber di kanal tersebut.,NETRAL
Ada beberapa bagian yang kurang jelas dalam video.,NETRAL
Video ini terlihat profesional dalam pengambilan gambarnya.,NETRAL
Pembicara dalam video terdengar jelas dan lancar berbicara.,NETRAL
Beberapa bagian dari video terlalu panjang.,NETRAL
Saya tidak sepenuhnya setuju dengan argumen yang disajikan dalam video.,NETRAL
Saya belum memutuskan apakah akan menonton video ini sampai selesai.,NETRAL
Saya melihat banyak komentar positif untuk video ini.,NETRAL
Pengguna YouTube memberikan feedback yang beragam terhadap konten ini.,NETRAL
"Durasi video terlihat cukup panjang, mungkin akan menarik perhatian penonton.",NETRAL
Banyak pengguna yang menyarankan video ini untuk ditonton lebih lanjut.,NETRAL
Saya melihat beberapa diskusi menarik di bagian komentar video.,NETRAL
Thumbnail video terlihat menarik dan sesuai dengan kontennya.,NETRAL
Beberapa pengguna mengungkapkan ketertarikan terhadap topik yang dibahas dalam video.,NETRAL
Ada sebagian besar penonton yang memberikan tanggapan terhadap video ini,NETRAL
Beberapa orang berbagi video ini di media sosial,NETRAL
Saya melihat bahwa video ini sudah mencapai banyak views,NETRAL
Apakah video ini baru dirilis hari ini?,NETRAL
Terdapat banyak like pada video ini,NETRAL
Pengaturan kualitas video bisa disesuaikan,NETRAL
Banyak orang yang menonton video ini sampai akhir,NETRAL
Beberapa orang bertanya tentang teknik editing yang digunakan.,NETRAL
Ada diskusi menarik mengenai topik video di bagian komentar.,NETRAL
Saya lihat banyak viewer sudah menonton video ini.,NETRAL
Beberapa penonton meminta video serupa di masa depan.,NETRAL
Terdapat pertanyaan tentang asal usul musik latar di video.,NETRAL
Ada yang memberi saran untuk mendukung konten kreator.,NETRAL
Saya melihat adanya diskusi yang ramai di kolom komentar.,NETRAL
Terdapat permintaan untuk membahas topik yang lebih mendalam di video berikutnya.,NETRAL
"Menarik, berapa jumlah like video ini?",NETRAL
Video ini sudah ditonton berapa kali ya?,NETRAL
Ada informasi menarik di menit ke-3.,NETRAL
"Saya baru menemukan channel ini, kontennya menarik.",NETRAL
Apa judul lagu yang digunakan di video ini?,NETRAL
"Ternyata video ini sudah lama diunggah, tetapi tetap relevan.",NETRAL
Banyak informasi bermanfaat yang saya dapat dari video ini.,NETRAL
"Saya penasaran, apakah ada video lanjutan terkait topik ini?",NETRAL
Mungkin ada yang perlu klarifikasi terkait konten video.,NETRAL
Beberapa bagian dari video terlihat informatif.,NETRAL
Saya belum mengetahui tujuan sebenarnya dari video ini.,NETRAL
Ada sejumlah like yang cukup tinggi pada video tersebut.,NETRAL
Saya merasa penjelasan di video ini cukup detail.,NETRAL
Mungkin akan lebih baik jika ada subtitel untuk video ini.,NETRAL
Saya belum memahami sepenuhnya pesan yang disampaikan dalam video.,NETRAL
Tidak ada informasi tambahan terkait video di deskripsi.,NETRAL
"Menarik, ada yang tahu siapa pembuat video ini?",NETRAL
Apakah ada yang mengetahui latar belakang video ini?,NETRAL
Saya ingin tahu lebih banyak tentang konten video ini.,NETRAL
Tidak sabar untuk melihat reaksi orang lain terhadap video ini.,NETRAL
Mari kita lihat bagaimana video ini berkembang.,NETRAL
"Saya mendengar bahwa video ini viral, benarkah?",NETRAL
Penasaran apakah video ini akan mencapai trending?,NETRAL
Saya rasa video ini memiliki potensi besar untuk mendapat perhatian.,NETRAL
Saya melihat banyak komentar di video ini,NETRAL
Terdapat iklan di tengah video tersebut,NETRAL
Saya belum menonton video ini,NETRAL
Beberapa bagian video terlihat kabur,NETRAL
Ada banyak like pada video tersebut,NETRAL
Judul video cukup menarik,NETRAL
Dalam video terdapat beberapa adegan lucu,NETRAL
Durasi video terasa panjang,NETRAL
Saya melihat thumbnail yang menarik,NETRAL
"Banyak komentar di sini ya, menarik untuk dibaca",NETRAL
"Video ini sepertinya sedang populer, banyak yang menonton",NETRAL
Ada yang tau lagu latar belakang yang dipakai di video ini?,NETRAL
"Saya suka format video seperti ini, informatif tapi tidak membosankan",NETRAL
Ada yang bisa share timestamp untuk bagian tertentu di video ini?,NETRAL
"Ternyata video ini sudah diunggah cukup lama ya, masih relevan kok",NETRAL
"Kualitas video jernih dan suara jelas, bagus untuk ditonton",NETRAL
"Saya suka komentar-komentar lucu di sini, menghibur",NETRAL
Sebaiknya penjelasan lebih detail untuk beberapa poin di video ini,NETRAL
"Pengambilan sudut kamera yang bagus, memudahkan pemirsa melihat detail",NETRAL
Pengguna lain juga mungkin tertarik dengan konten serupa.,NETRAL
Video ini sepertinya sudah cukup lama diunggah.,NETRAL
Saya pikir ada beberapa informasi yang perlu diperjelas di sini.,NETRAL
Menarik melihat beragam pendapat pengguna di sini.,NETRAL
Saya penasaran apa yang membuat video ini populer.,NETRAL
Sebaiknya saya periksa kebenaran klaim yang disebutkan dalam video.,NETRAL
Dapatkah seseorang memberi saya gambaran ringkas tentang isi video?,NETRAL
"Video ini tampak menarik, berapa jumlah view-nya ya?",NETRAL
Saya melihat bahwa ada banyak komentar positif di video ini.,NETRAL
Pengguna lain menyebutkan bahwa ada kesalahan pada menit ke-3.,NETRAL
Apakah ada informasi lebih lanjut tentang konten video ini?,NETRAL
Saya lihat ada beberapa iklan yang muncul di tengah video.,NETRAL
Apakah ada sumber lain yang direkomendasikan terkait topik ini?,NETRAL
Terdapat beberapa tanggapan yang menarik dari pengguna lain.,NETRAL
Saya mencatat adanya variasi musik latar yang menarik di video.,NETRAL
Bagaimana pendapat pengguna lain mengenai ending dari video ini?,NETRAL
Saya melihat bahwa ada banyak komentar di sini.,NETRAL
Saya mendapatkan rekomendasi video ini dari teman.,NETRAL
Saya memperhatikan adanya like dan dislike yang seimbang.,NETRAL
Bagaimana cara mendownload video ini?,NETRAL
Saya melihat thumbnail video cukup menarik.,NETRAL
Ada beberapa data menarik yang disajikan di video ini.,NETRAL
Apa judul video ini?,NETRAL
Jumlah penonton video ini sudah mencapai berapa?,NETRAL
Terdapat iklan ditayangkan sebelum video dimulai.,NETRAL
Bagian mana yang paling menarik dari video tersebut?,NETRAL
Saya akan membagikan video ini ke teman-teman.,NETRAL
Beberapa bagian dari video terdengar kurang jelas.,NETRAL
Apakah ada video lain yang direkomendasikan setelah ini?,NETRAL
Pembicara dalam video terlihat berpengalaman.,NETRAL
Video ini memberikan pandangan yang menarik,NETRAL
Saya ingin tahu siapa yang membuat video ini,NETRAL
Durasi video terlalu panjang untuk saya,NETRAL
Tampilan visual video sangat bagus,NETRAL
Ada banyak komentar positif di video ini,NETRAL
Saya belum memahami maksud dari video ini,NETRAL
Banyak informasi yang disampaikan dalam video,NETRAL
Saya akan menonton video ini lagi untuk lebih paham,NETRAL
Belum ada respon yang jelas dari penonton lain,NETRAL
Tolong beri informasi lebih detail mengenai topik video,NETRAL
Mengapa jumlah dislike cukup tinggi?,NETRAL
Terdapat banyak komentar di sini.,NETRAL
Saya melihat banyak iklan saat menonton video ini.,NETRAL
Video ini telah ditonton jutaan kali.,NETRAL
Apakah ada versi bahasa Inggris dari video ini?,NETRAL
Bagian tengah video terlihat agak kabur.,NETRAL
Saya tidak yakin apakah informasi ini akurat.,NETRAL
Ada beberapa adegan yang cukup lucu di sini.,NETRAL
Dapatkah seseorang menjelaskan bagian ini lebih detail?,NETRAL
"Video ini terlihat menarik, mungkin akan banyak yang menontonnya.",NETRAL
Saya melihat banyak komentar positif dari pengguna lain.,NETRAL
Apakah video ini memuat konten berbayar?,NETRAL
Saya mencatat adanya iklan pada menit ke-5 video.,NETRAL
Pengeditan video ini cukup rapi dan terstruktur dengan baik.,NETRAL
Saya tertarik untuk mengetahui latar belakang pembuat video ini.,NETRAL
Apakah video ini mendapat rekomendasi dari pengguna lain?,NETRAL
Saya perhatikan ada watermark pada sudut kanan bawah video.,NETRAL
Apakah ada informasi kontak pembuat video untuk kerjasama?,NETRAL
Ada banyak komentar di sini.,NETRAL
Saya penasaran tentang pendapat lain mengenai video ini.,NETRAL
Beberapa orang menyebut video ini informatif.,NETRAL
Terdapat berbagai tanggapan yang menarik di sini.,NETRAL
"Saya belum menonton video ini, tapi sepertinya populer.",NETRAL
Sebagian besar komentar terfokus pada topik video.,NETRAL
Saya belum membaca semua komentar di bawah video.,NETRAL
Mungkin video ini bisa diperluas lebih lanjut lagi,NETRAL
Ada beberapa adegan yang menarik perhatian saya,NETRAL
Saya tidak yakin dengan kesimpulan video ini,NETRAL
Aku merasa video ini terlalu singkat,NETRAL
Mungkin video ini akan lebih baik dengan pencahayaan yang lebih baik,NETRAL
Bolehkah saya tahu latar belakang pembuat video ini?,NETRAL
Tema video terlihat menarik,NETRAL
Kualitas visualnya bagus,NETRAL
Saya melihat banyak komentar positif,NETRAL
Mengapa banyak iklan di video ini?,NETRAL
Video ini terdiri dari berapa bagian?,NETRAL
Saya melihat beberapa kesalahan kecil,NETRAL
Bisakah saya mendapatkan informasi kontak kreatornya?,NETRAL
Apakah ada rekomendasi video serupa?,NETRAL
Terdapat iklan di tengah video tersebut.,NETRAL
Tidak ada watermark dari pembuat video.,NETRAL
Judul video cukup deskriptif.,NETRAL
Saya melihat banyak like pada komentar-komentar.,NETRAL
Apakah video ini memiliki kualitas HD?,NETRAL
Saya tidak bisa menemukan informasi yang saya cari di video ini.,NETRAL
Ada informasi kontak dari pembuat video?,NETRAL
Durasi videonya cukup panjang ya.,NETRAL
Apakah ada adegan di balik layar?,NETRAL
Saya mendengarkan dengan volume maksimum.,NETRAL
Adakah yang menyebutkan sumber musik latar?,NETRAL
Ada informasi terkait penulis deskripsi video?,NETRAL
Banyak komentar positif pada video ini.,NETRAL
Jumlah dislike cukup tinggi dibandingkan like-nya.,NETRAL
Terkadang komentar di bawah video bisa sangat beragam.,NETRAL
Jeda antara adegan dalam video terlalu panjang.,NETRAL
Beberapa penonton meminta penjelasan lebih lanjut mengenai topik video.,NETRAL
Pengaturan thumbnail video sepertinya menarik perhatian banyak orang.,NETRAL
Saya belum yakin apakah video ini relevan dengan judulnya.,NETRAL
Kualitas audio dalam video terdengar cukup jelas.,NETRAL
Komentar yang memberikan insight tambahan selalu menarik untuk dibaca.,NETRAL
Ada informasi menarik yang disampaikan dalam video tersebut.,NETRAL
"Durasi video cukup panjang, tapi sepertinya isi kontennya menarik.",NETRAL
Banyak orang yang sudah menonton video ini.,NETRAL
Saya penasaran dengan feedback dari penonton lain.,NETRAL
Saya akan menonton video ini untuk menambah pengetahuan.,NETRAL
Isi video terlihat informatif dan menarik untuk dipelajari.,NETRAL
"Saya belum menonton video ini, tapi sepertinya banyak yang merekomendasikannya.",NETRAL
Terdapat banyak komentar positif di video ini.,NETRAL
Saya melihat banyak interaksi di kolom komentar.,NETRAL
Saya belum menonton video ini tapi thumbnailnya menarik.,NETRAL
Beberapa orang meminta link lagu latar di deskripsi video.,NETRAL
Viewership video ini cukup tinggi.,NETRAL
Ada banyak iklan di tengah video.,NETRAL
Channel ini sering mengunggah konten berkualitas.,NETRAL
Kualitas suara dalam video terdengar jelas.,NETRAL
Video ini menarik perhatian saya karena judulnya yang unik.,NETRAL
Tema video cukup menarik untuk ditonton lebih lanjut.,NETRAL
Saya menemukan beberapa kesalahan kecil dalam penjelasan video.,NETRAL
Suara dalam video terdengar jelas dan mudah dimengerti.,NETRAL
Saya belum bisa menentukan apakah video ini relevan dengan minat saya.,NETRAL
Saya merasa video ini agak membosankan pada bagian tengahnya.,NETRAL
Video ini banyak mendapatkan komentar positif dan negatif.,NETRAL
Saya melihat adanya iklan di tengah video tersebut.,NETRAL
Terdapat beberapa iklan yang muncul di video tersebut.,NETRAL
Apakah video ini sudah mendapatkan respon dari pembuatnya?,NETRAL
Saya melihat banyak sekali komentar dari penonton.,NETRAL
Berapa jumlah dislike pada video tersebut?,NETRAL
Banyak yang membahas kontroversi di video ini.,NETRAL
Saya melihat ada beberapa bagian yang di-skip oleh penonton.,NETRAL
Apakah durasi video ini sesuai dengan topiknya?,NETRAL
Bagus banget videonya. Saya suka sekali!,NETRAL
Apa ya judul lagu yang dijadikan backsound video ini?,NETRAL
Tampaknya video ini direkam di tempat yang indah.,NETRAL
Ada yang tahu kapan video ini diunggah?,NETRAL
Latar belakang musiknya enak didengar.,NETRAL
Saya penasaran dengan jumlah view video ini.,NETRAL
Apakah ada yang memperhatikan detail di menit ke-3?,NETRAL
Komentar di bawah cukup meriah ya.,NETRAL
Saya pikir videonya bagus meski tidak terlalu istimewa.,NETRAL
Suka dengan warna-warna yang digunakan dalam video.,NETRAL
"Video ini tampak menarik, ingin tahu kontennya lebih lanjut.",NETRAL
Ada berapa jumlah like pada video ini?,NETRAL
Pengguna YouTube bisa memberikan komentar di sini.,NETRAL
Terdapat informasi menarik dalam deskripsi video.,NETRAL
Playlist di kanal YouTube ini terlihat tertata dengan baik.,NETRAL
Apakah ada video lain yang direkomendasikan terkait topik ini?,NETRAL
Subs dan views video ini sudah mencapai berapa?,NETRAL
Thumbnail video cukup menarik untuk diperhatikan.,NETRAL
Berapa jumlah like yang sudah terkumpul untuk video ini?,NETRAL
Saya menemukan video ini ketika sedang mencari informasi seputar topik tersebut.,NETRAL
Apakah ada yang tahu siapa pembuat musik latar dari video ini?,NETRAL
Saya pikir video ini bisa diperbaiki dari segi pencahayaan.,NETRAL
"Ternyata video ini sudah ditonton jutaan orang, ya?",NETRAL
Saya tidak terlalu terkesan dengan kualitas konten dari video ini.,NETRAL
Bagaimana pendapat kalian tentang narasi yang digunakan dalam video ini?,NETRAL
"Saya belum selesai menonton video ini, tapi sudah cukup menarik perhatian saya.",NETRAL
Menarik juga melihat seberapa banyak viewer yang menonton video ini.,NETRAL
Saya cukup penasaran dengan konten yang dibahas dalam video ini.,NETRAL
Ternyata video ini sudah mendapatkan banyak likes dari penonton.,NETRAL
Saya ingin tahu lebih banyak tentang pembuat video ini.,NETRAL
Video ini sepertinya mendapat respon yang cukup baik dari penonton.,NETRAL
Saya rasa video ini membutuhkan sedikit penjelasan tambahan untuk kontennya.,NETRAL
Durasi video ini terlihat cukup panjang untuk ditonton.,NETRAL
Saya belum bisa memberikan pendapat pasti mengenai kualitas video ini.,NETRAL
Komentar-komentar penonton pada video ini cukup beragam.,NETRAL
Video ini sepertinya mendapat banyak views dalam waktu singkat.,NETRAL
Saya melihat banyak komentar positif terhadap video ini.,NETRAL
Ada beberapa orang yang menyukai gaya editing video tersebut.,NETRAL
Banyak penonton yang memberikan tanggapan yang beragam terhadap video ini.,NETRAL
Terdapat beberapa iklan yang muncul di tengah-tengah video.,NETRAL
Saya berharap ada subtitle dalam bahasa lain untuk video ini.,NETRAL
Tampaknya video ini mendapat banyak komentar.,NETRAL
Saya melihat banyak like pada video ini.,NETRAL
Apakah ada detail lain yang disebutkan dalam video?,NETRAL
Durasi video ini cukup panjang ya?,NETRAL
Tidak terlalu banyak dislike untuk video ini.,NETRAL
Saya perhatikan banyak iklan di video ini.,NETRAL
Mengapa banyak orang menyukai video ini?,NETRAL
Bagaimana pendapat Anda tentang video ini?,NETRAL
"Video ini tampak menarik, apakah ada yang tahu siapa pembuatnya?",NETRAL
"Saya melihat banyak komentar positif di sini, mungkin isi videonya bagus ya?",NETRAL
"Terdapat berbagai iklan di video ini, mungkin pembuatnya ingin mendapat penghasilan tambahan.",NETRAL
"Beberapa bagian video terlihat kurang jelas, mungkin karena kualitasnya.",NETRAL
Apakah ada yang tahu latar belakang musik yang digunakan di video?,NETRAL
"Saya tidak begitu tertarik dengan isi video ini, mungkin selera saya berbeda.",NETRAL
"Durasi video terlalu panjang menurut saya, mungkin ada yang setuju?",NETRAL
"Saya melihat beberapa kesalahan kecil dalam editing video, namun tidak terlalu mengganggu.",NETRAL
"Penggunaan efek suara di video ini terasa agak berlebihan, apa pendapat kalian?",NETRAL
"Kualitas visual video terlihat cukup baik, mungkin ada yang setuju?",NETRAL
Sebaiknya video diberi judul yang lebih deskriptif,NETRAL
Durasi video terlalu pendek untuk topik yang kompleks seperti ini,NETRAL
Tata letak thumbnail video terlihat menarik,NETRAL
Saya rasa penjelasan di video ini kurang lengkap,NETRAL
Suara latar musik terlalu mengganggu fokus pada konten utama,NETRAL
Kualitas visual video cukup baik meskipun tanpa efek khusus,NETRAL
Saya tertarik untuk mengetahui lebih lanjut tentang topik ini,NETRAL
Tautan referensi yang diberikan dalam deskripsi video sangat membantu,NETRAL
Rata-rata rating dan komentar di video ini cukup baik,NETRAL
Komentar pengguna lain memberikan sudut pandang yang menarik,NETRAL
Berapa banyak penonton video ini?,NETRAL
Trend video ini naik secara perlahan.,NETRAL
Saya tidak paham dengan konten video ini.,NETRAL
Ada subtitle dalam bahasa Indonesia?,NETRAL
Apakah video ini memiliki versi terjemahan?,NETRAL
Video ini menarik perhatian saya karena judulnya unik.,NETRAL
Saya penasaran dengan jumlah dislike yang diterima video ini.,NETRAL
Terdapat banyak komentar positif di bawah video tersebut.,NETRAL
Saya ingin mengetahui lebih lanjut mengenai pembuat video ini.,NETRAL
Video ini memiliki banyak views dalam waktu singkat.,NETRAL
Saya belum memutuskan apakah akan menyukai video ini atau tidak.,NETRAL
Kualitas audio dari video terlihat cukup baik.,NETRAL
Saya mendapati informasi menarik dari video tersebut.,NETRAL
Terdapat banyak tautan terkait di deskripsi video.,NETRAL
Beberapa penonton tampaknya kecewa dengan konten ini.,NETRAL
Ada diskusi menarik di bagian komentar.,NETRAL
Saya penasaran dengan bagaimana pembuat video merespons ini.,NETRAL
Banyak orang sepertinya menonton video sampai akhir.,NETRAL
Saya melihat ada iklan yang ditampilkan di tengah video.,NETRAL
Terdapat informasi kontak pembuat video di deskripsi.,NETRAL
Tampaknya video ini cukup mendapat perhatian dari media sosial.,NETRAL
Mengapa ada banyak dislike pada video ini?,NETRAL
Beberapa pengguna tampaknya tidak setuju dengan argumen dalam video.,NETRAL
Saya ingin mengetahui pendapat orang lain mengenai konten ini.,NETRAL
Terdapat informasi yang menarik dalam video tersebut.,NETRAL
Saya memperhatikan bahwa video memiliki rating yang tinggi.,NETRAL
Apakah ada sumber lain yang dapat memberikan perspektif berbeda tentang topik ini?,NETRAL
Saya tidak terlalu tertarik dengan isi video ini.,NETRAL
Pengguna YouTube nampaknya memiliki beragam pendapat tentang video tersebut.,NETRAL
Tidak ada iklan yang muncul di tengah video.,NETRAL
Ada yang bisa memberi tahu saya judul lagu yang digunakan?,NETRAL
Saya suka bagian di menit ke-3.,NETRAL
Tidak terlalu banyak interaksi dari penonton.,NETRAL
Bagian akhir video terasa terburu-buru.,NETRAL
Pengambilan gambar cukup stabil sepanjang video.,NETRAL
Informasi yang disampaikan cukup mudah dipahami.,NETRAL
Saya akan merekomendasikan video ini kepada teman-teman.,NETRAL
Berapa jumlah like dan dislike video ini?,NETRAL
Saya melihat ada banyak komentar dalam bahasa asing di sini.,NETRAL
Apakah konten ini sudah diterjemahkan ke dalam bahasa lain?,NETRAL
Apakah ada bagian yang dihapus dari video aslinya?,NETRAL
Saya menemukan kesalahan kecil pada menit ke-7.,NETRAL
Ada informasi tambahan yang bisa ditambahkan di deskripsi video.,NETRAL
Saya akan mencoba mencari video serupa setelah ini.,NETRAL
Apakah ada rekomendasi video sejenis yang bisa diberikan?,NETRAL
Video ini tampaknya memiliki banyak views.,NETRAL
Saya melihat ada banyak komentar di video ini.,NETRAL
Apakah video ini sudah ditonton banyak orang?,NETRAL
Terdapat iklan sebelum video dimulai.,NETRAL
Saya tidak melihat informasi tentang video ini di deskripsi.,NETRAL
Ada banyak video lain yang direkomendasikan di samping video ini.,NETRAL
Saya tidak yakin apakah video ini relevan dengan topiknya.,NETRAL
Apakah ada link lain terkait topik ini?,NETRAL
Pengambilan gambar dalam video cukup jelas,NETRAL
Ada informasi menarik yang dibagikan dalam video,NETRAL
"Saya belum menonton video ini, mungkin nanti akan saya tonton",NETRAL
Apakah ada bagian yang diulang dalam video?,NETRAL
Saya suka gaya penyajian konten dalam video,NETRAL
Saya perhatikan ada iklan pada menit ke-3 video.,NETRAL
Apakah ada subtitle dalam bahasa lain untuk video ini?,NETRAL
Saya memperhatikan kualitas gambar kurang jelas.,NETRAL
Ada informasi kontak untuk pemilik video?,NETRAL
Saya pikir video ini cocok untuk ditonton bersama keluarga.,NETRAL
Ada link terkait dengan topik video ini?,NETRAL
Terdapat banyak tautan yang berguna di deskripsi video.,NETRAL
Beberapa informasi penting disampaikan di menit ke-5.,NETRAL
Video ini memiliki kualitas visual yang bagus.,NETRAL
Pendapat dari narator video cukup objektif.,NETRAL
Saya melihat banyak iklan dalam video ini.,NETRAL
Penggunaan musik latar cukup mendukung suasana video.,NETRAL
Saya tidak sepenuhnya setuju dengan pendapat yang disampaikan di video ini.,NETRAL
"Video ini tampak menarik, ingin tahu isi selengkapnya.",NETRAL
Apakah ada iklan yang muncul di tengah video?,NETRAL
Dalam video terdapat banyak variasi musik yang menarik.,NETRAL
Saya rasa thumbnail video ini cukup menarik perhatian.,NETRAL
Saya ingin tahu lebih banyak detail mengenai latar belakang pembuat video.,NETRAL
"Terdapat banyak sekali view pada video ini, mungkin kontennya menarik.",NETRAL
Apakah ada subtitle bahasa Indonesia di video?,NETRAL
Terlihat bahwa video ini memiliki rating yang tinggi.,NETRAL
Saya tertarik untuk mengetahui pendapat pengguna lain mengenai video ini.,NETRAL
"Durasi video ini cukup panjang, sekitar 30 menit.",NETRAL
Terdapat banyak iklan yang muncul di tengah-tengah video.,NETRAL
Banyak orang yang menanyakan tentang musik latar di video ini.,NETRAL
Saya melihat ada beberapa kesalahan kecil dalam video.,NETRAL
Ada bagian yang terlalu cepat dipotong dalam video ini.,NETRAL
Sebagian besar komentar terfokus pada konten video.,NETRAL
Beberapa penonton meminta penjelasan tambahan dalam video.,NETRAL
Video ini tampak menarik untuk ditonton,NETRAL
Ada banyak komentar dalam video ini,NETRAL
Saya melihat banyak like di video ini,NETRAL
Mungkin video ini bisa lebih pendek,NETRAL
Saya tidak yakin apakah thumbnail sesuai dengan isi video,NETRAL
Terdapat banyak iklan di dalam video,NETRAL
Bagian awal video terasa lambat,NETRAL
Kualitas audio dalam video terdengar baik,NETRAL
Belum ada subjudul dalam video ini,NETRAL
Ada banyak komentar positif di kolom komentar.,NETRAL
Tontonan yang menarik untuk dinikmati.,NETRAL
Banyak informasi yang disampaikan dalam video ini.,NETRAL
Saya akan menonton video ini lagi nanti.,NETRAL
Kualitas video cukup baik.,NETRAL
Sepertinya banyak orang menonton video ini.,NETRAL
Ada banyak like dan dislike di video tersebut.,NETRAL
Menarik untuk melihat berapa viewers video ini.,NETRAL
Banyak orang berdiskusi tentang konten video tersebut.,NETRAL
"Saya belum menonton video ini, tapi sepertinya menarik.",NETRAL
Tampaknya video ini sudah viral di kalangan tertentu.,NETRAL
Saya melihat thumbnail video ini cukup menarik.,NETRAL
Ada banyak komentar positif di bawah video ini.,NETRAL
Saya melihat jumlah dislikes cukup tinggi.,NETRAL
Tema video tersebut sebenarnya sudah sering dibahas.,NETRAL
"Saya belum selesai menonton video ini, bagaimana dengan kalian?",NETRAL
Saya pikir video ini tidak terlalu informatif.,NETRAL
Beberapa bagian dari video terdengar sedikit membingungkan.,NETRAL
Saya sudah melihat video serupa sebelumnya.,NETRAL
Apakah ada rekomendasi video serupa yang lebih bagus?,NETRAL
Saya melihat ada banyak komentar yang mendukung video ini.,NETRAL
Beberapa bagian dalam video cukup menarik untuk diikuti.,NETRAL
Saya penasaran dengan sumber musik latar yang digunakan dalam video ini.,NETRAL
Tidak ada informasi jelas mengenai pembuat konten di deskripsi video.,NETRAL
Saya merasa video ini cukup informatif meskipun tidak terlalu menarik.,NETRAL
Saya memperhatikan ada beberapa kesalahan kecil dalam editing video.,NETRAL
Tema yang diangkat dalam video ini cukup umum dan tidak terlalu original.,NETRAL
Saya tidak melihat adanya spoiler dalam cuplikan video.,NETRAL
Banyak komentar di sini.,NETRAL
Saya melihat banyak like dan dislike pada video ini.,NETRAL
Ada yang bisa memberi tahu saya apa judul lagu di menit ke-2:30?,NETRAL
Saya tidak yakin apakah adegan itu direkayasa atau tidak.,NETRAL
Mungkin video ini bisa lebih baik dengan sedikit editing.,NETRAL
Beberapa komentar terlihat membingungkan.,NETRAL
Saya ingin tahu apakah ada bagian yang di-spoiler dalam video ini.,NETRAL
Apa yang membuat video ini begitu populer?,NETRAL
Saya tidak begitu tertarik dengan konten semacam ini.,NETRAL
"Menarik, berapa kali video ini diunggah ulang?",NETRAL
Video ini tampaknya menarik minat banyak orang.,NETRAL
Sebaiknya ditambahkan deskripsi tentang pembuat video.,NETRAL
Beberapa detail teknis mungkin perlu diperjelas.,NETRAL
Ada informasi lebih lanjut tentang latar belakang video?,NETRAL
Saya penasaran apakah video ini mendapat respon positif.,NETRAL
Apakah ada versi terkini dari video ini?,NETRAL
Saya ingin tahu seberapa banyak orang yang menonton video ini.,NETRAL
Mungkin bisa disertakan informasi tambahan untuk konteks video.,NETRAL
Video ini sudah ditonton jutaan kali.,NETRAL
Ada yang bisa menjelaskan konten video ini?,NETRAL
Saya tidak yakin apakah thumbnail sesuai dengan isi video.,NETRAL
Judul video seharusnya lebih deskriptif.,NETRAL
Saya melihat banyak komentar menyebutkan hal yang sama.,NETRAL
Apakah ada bagian yang dipotong dari video ini?,NETRAL
Saya tidak terlalu tertarik dengan topik yang dibahas.,NETRAL
"Tidak terlalu banyak iklan di video ini, bagus.",NETRAL
Saya melihat bahwa video ini trending.,NETRAL
Durasi video cukup panjang untuk ditonton.,NETRAL
Saya perhatikan ada banyak komentar positif.,NETRAL
Ada berapa like dan dislike untuk video ini?,NETRAL
Saya lihat ada banyak iklan di video ini.,NETRAL
Bagaimana pendapat orang tentang video ini?,NETRAL
Video ini sudah ditonton ribuan kali.,NETRAL
"Saya belum menonton video ini, bagaimana pendapat kalian?",NETRAL
Apa kategori video yang paling diminati saat ini?,NETRAL
Saya mencari informasi lebih lanjut tentang video ini.,NETRAL
Banyak sekali komentar positif mengenai video tersebut.,NETRAL
"Video ini sepertinya kontroversial, apa pendapat Anda?",NETRAL
Saya tidak terlalu tertarik dengan konten video tersebut.,NETRAL
Berapa lama biasanya video dari channel ini?,NETRAL
"Saya baru menemukan channel ini, apa yang membuatnya menarik?",NETRAL
Durasi video tersebut cukup panjang.,NETRAL
Banyak orang berbagi video ini di media sosial.,NETRAL
Jumlah penonton video tersebut sudah mencapai jutaan.,NETRAL
Beberapa bagian dari video ini cukup menarik untuk disimak.,NETRAL
Tidak sedikit yang memberikan tanggapan terhadap video tersebut.,NETRAL
"Saya belum menonton video tersebut, tapi sepertinya populer.",NETRAL
Banyak diskusi di sekitar konten video ini.,NETRAL
Sebagian besar penonton memberikan feedback positif terhadap video tersebut.,NETRAL
Saya melihat ada iklan di menit ke-5 video,NETRAL
Apakah ada link untuk sumber musik di deskripsi?,NETRAL
Kualitas video terlihat jelas,NETRAL
Terdapat sedikit lag pada bagian tengah video,NETRAL
Saya tidak yakin apakah thumbnail sesuai dengan konten,NETRAL
Menarik juga bagian di menit ke-8,NETRAL
Saya rasa video ini cukup informatif,NETRAL
Bagaimana cara mengunduh video ini?,NETRAL
Kualitas video terlihat cukup jernih.,NETRAL
"Ada bagian yang kurang jelas, mungkin perlu penjelasan lebih lanjut.",NETRAL
Saya ragu dengan kebenaran informasi dalam video ini.,NETRAL
Thumbnail video tidak terlalu menarik bagi saya.,NETRAL
"Banyak yang menonton video ini, bisa dilihat dari jumlah view-nya.",NETRAL
Komentar di bawah video sangat bervariasi.,NETRAL
Terdapat iklan pada menit ke-5 video ini.,NETRAL
Suara narator terdengar jelas dan lancar.,NETRAL
Tema video ini relevan dengan konten sebelumnya.,NETRAL
Banyak diskusi menarik di kolom komentar.,NETRAL
Video ini direkomendasikan oleh YouTube karena relevansinya.,NETRAL
Saya melihat beberapa video terkait setelah menonton ini.,NETRAL
"Video menarik, tapi saya tidak begitu paham kontennya.",NETRAL
Saya penasaran apakah ada lanjutan dari video ini.,NETRAL
Banyak orang sepertinya menikmati video tersebut.,NETRAL
Saya rasa video ini cukup informatif tanpa terlalu berlebihan.,NETRAL
Tidak terlalu jelas apa yang ingin disampaikan melalui video ini.,NETRAL
Saya melihat ada beberapa kontroversi seputar video tersebut.,NETRAL
Saya agak bingung dengan komentar di bagian bawah video.,NETRAL
Video ini tampaknya cukup populer di kalangan pengguna YouTube.,NETRAL
Saya berharap ada lebih banyak informasi yang disertakan dalam deskripsi video.,NETRAL
Latar belakang video terlihat menarik,NETRAL
Tampak ada banyak interaksi di video ini,NETRAL
Saya melihat banyak orang menonton video ini,NETRAL
Ada beberapa detail menarik yang terdapat dalam video,NETRAL
Saya rasa video ini bisa menarik perhatian banyak orang,NETRAL
Tampaknya video ini mendapat banyak komentar positif,NETRAL
Ada banyak konten menarik dalam video ini,NETRAL
Saya penasaran dengan isi dari video ini,NETRAL
Ada banyak interaksi dari pengguna di kolom komentar.,NETRAL
Tampaknya video ini mendapat respon yang cukup banyak dari penonton.,NETRAL
Beberapa orang memberikan pendapat menarik terkait konten video.,NETRAL
Saya melihat banyak iklan muncul di tengah-tengah video.,NETRAL
Pengguna lain juga membahas topik yang sama di video lain.,NETRAL
Ada beberapa link terkait yang ditampilkan di deskripsi video.,NETRAL
Saya penasaran dengan rating yang diberikan oleh pengguna lain.,NETRAL
Saya melihat banyak komentar tentang video ini,NETRAL
Video ini tampaknya mendapat respon positif,NETRAL
Saya tidak yakin apakah thumbnail video ini sesuai dengan kontennya,NETRAL
Saya akan menonton video ini nanti,NETRAL
Apakah ada bagian yang di-spoiler dalam video ini?,NETRAL
Tidak terlalu banyak iklan dalam video ini,NETRAL
Saya belum memutuskan apakah akan like video ini atau tidak,NETRAL
Video ini tampak menarik,NETRAL
Ada banyak komentar di bagian bawah video,NETRAL
Saya melihat banyak like untuk video ini,NETRAL
Durasi video cukup panjang,NETRAL
Pembicara dalam video ini cukup jelas,NETRAL
Beberapa iklan muncul di tengah-tengah video,NETRAL
Terdapat banyak episode terkait video ini,NETRAL
Banyak share untuk video ini di media sosial,NETRAL
Saya lihat thumbnail video cukup menarik,NETRAL
Kualitas gambar dalam video terlihat baik,NETRAL
Menarik juga melihat jumlah penonton video ini,NETRAL
Saya tidak yakin apakah thumbnail sesuai dengan konten videonya,NETRAL
Banyak komentar yang menyebutkan bahwa video ini lucu,NETRAL
Saya heran dengan banyaknya like yang video ini dapatkan,NETRAL
Topik yang diangkat dalam video ini cukup menarik,NETRAL
Saya menduga ada kontroversi tersembunyi di balik video ini,NETRAL
Beberapa bagian dari video tampaknya kurang jelas,NETRAL
Saya berharap ada lebih banyak informasi di deskripsi video,NETRAL
Video ini tampaknya menarik banyak penonton.,NETRAL
Saya melihat bahwa video ini sudah banyak ditonton dalam waktu singkat.,NETRAL
"Durasi video cukup panjang, mungkin ada beberapa materi yang mendalam.",NETRAL
Saya perhatikan ada banyak komentar yang masuk terkait video ini.,NETRAL
Saya lihat video ini sudah mendapatkan banyak like dan dislike.,NETRAL
Saya tertarik untuk mengetahui apakah ada lanjutan dari video ini.,NETRAL
Ada komentar yang menarik perhatian saya terkait video ini.,NETRAL
Komentar pada video ini cukup variatif.,NETRAL
Apakah ada informasi terbaru seputar video ini?,NETRAL
Video ini tampaknya ramai diperbincangkan.,NETRAL
Bagaimana pendapat kalian tentang video ini?,NETRAL
"Saya belum menonton video ini, ada yang bisa ringkaskan isinya?",NETRAL
Ada hal menarik apa saja yang dibahas dalam video ini?,NETRAL
Apakah video ini sudah mendapatkan respons positif?,NETRAL
Ada informasi menarik di menit ke-3,NETRAL
Apakah ada video lain dengan topik serupa?,NETRAL
"Saya belum menonton video ini, apa isi utamanya?",NETRAL
Pengambilan gambar dalam video cukup baik,NETRAL
Saya tidak begitu tertarik dengan konten ini,NETRAL
"Ada banyak iklan di tengah video, agak mengganggu",NETRAL
Saya rasa video ini bisa lebih interaktif,NETRAL
Beberapa penonton meminta penjelasan tambahan.,NETRAL
Terdapat banyak interaksi antara penonton dalam kolom komentar.,NETRAL
Beberapa orang mencatat timestamp kejadian menarik.,NETRAL
Saya melihat variasi pendapat di antara penonton video ini.,NETRAL
Banyak yang menanyakan tentang latar belakang konten video.,NETRAL
Beberapa penonton menyarankan topik untuk video selanjutnya.,NETRAL
Saya melihat diskusi hangat di bawah video ini.,NETRAL
Terdapat pertanyaan yang cukup teknis dari beberapa penonton.,NETRAL
Saya melihat banyak komentar positif dari penonton.,NETRAL
Jumlah dislai dan like video ini sudah cukup tinggi.,NETRAL
Saya penasaran dengan isi video selanjutnya.,NETRAL
Tema yang dibahas dalam video ini cukup menarik.,NETRAL
Banyak orang sepertinya menonton video ini secara serentak.,NETRAL
Beberapa komentar di bawah video ini cukup informatif.,NETRAL
Saya belum benar-benar memahami maksud dari video ini.,NETRAL
Menarik untuk melihat berapa jumlah dislike video ini,NETRAL
Saya melihat banyak komentar positif di bagian bawah video,NETRAL
Terdapat banyak iklan yang muncul selama video berlangsung,NETRAL
Saya penasaran dengan asal usul lagu yang digunakan dalam video ini,NETRAL
Banyak orang sepertinya menyukai konten seperti ini,NETRAL
"Durasi video cukup panjang, tapi isinya informatif",NETRAL
Ada beberapa bagian yang sedikit membingungkan dalam video tersebut,NETRAL
Saya tidak terlalu tertarik dengan topik yang dibahas dalam video ini,NETRAL
"Cara penyampaiannya terasa agak monoton, tapi jelas",NETRAL
Saya menemukan beberapa kesalahan fakta kecil dalam video tersebut,NETRAL
Saya melihat banyak view di sini.,NETRAL
Video ini memiliki tag populer.,NETRAL
Beberapa pengguna menyukai konten tersebut.,NETRAL
Saya melihat like dan dislike seimbang.,NETRAL
Terdapat opsi kualitas video yang beragam.,NETRAL
Banyak komentar yang menanyakan tentang musik latar.,NETRAL
Pengguna melihat video ini dari berbagai negara.,NETRAL
Terdapat statistik jumlah penonton yang menarik perhatian.,NETRAL
"Video ini tampak menarik, siapa yang membuatnya?",NETRAL
Apa judul lagu yang digunakan sebagai backsound video ini?,NETRAL
"Terdapat banyak like di video ini, sepertinya banyak yang suka.",NETRAL
Apakah ada informasi lain yang disampaikan dalam video tersebut?,NETRAL
"Saya melihat thumbnail video ini cukup menarik, bagaimana dengan isi videonya?",NETRAL
"Banyak viewer yang menonton video ini, apa daya tariknya ya?",NETRAL
Apakah video ini berdurasi panjang atau pendek?,NETRAL
Saya tidak begitu tertarik dengan genre video seperti ini.,NETRAL
Banyak komentar positif di bagian ini,NETRAL
Thumbnail video cukup menarik untuk ditonton,NETRAL
Tontonan yang menarik untuk beberapa orang,NETRAL
Belum tahu apa yang menarik dari video ini,NETRAL
Statistik penonton bisa dilihat di kolom sebelah kanan,NETRAL
Saya tidak terlalu tertarik dengan konten seperti ini,NETRAL
Saya mungkin akan menontonnya nanti,NETRAL
Konten yang cukup informatif untuk ditonton,NETRAL
Video ini membahas topik yang menarik,NETRAL
Ada sedikit informasi yang kurang jelas,NETRAL
Saya tidak sepenuhnya setuju dengan pendapat pembuat video,NETRAL
Pengaturan pencahayaan dalam video cukup baik,NETRAL
Saya ingin tahu lebih banyak detail mengenai topik ini,NETRAL
Pengguna lain memberikan pandangan yang berbeda,NETRAL
Saya merasa video ini cukup informatif,NETRAL
Video ini menarik perhatian banyak pengguna.,NETRAL
Saya melihat video ini telah memiliki banyak views.,NETRAL
Saya melihat banyak komentar yang berkaitan dengan video ini.,NETRAL
Video ini tampaknya mendapat respons yang cukup baik.,NETRAL
Saya ingin tahu lebih lanjut tentang konten video ini.,NETRAL
Banyak pengguna yang memberikan feedback terhadap video ini.,NETRAL
Apakah ada update terbaru mengenai video ini?,NETRAL
Saya melihat video ini telah di-share di berbagai platform.,NETRAL
Bagaimana pendapat pengguna lain mengenai video ini?,NETRAL
"Video ini tampak menarik, saya ingin tahu lebih banyak tentang kontennya.",NETRAL
"Ada banyak viewer yang menonton video ini, mungkin topiknya menarik.",NETRAL
Viewer rata-rata menonton video ini selama 10 menit.,NETRAL
Saya merasa video ini cukup informatif dan menarik untuk ditonton.,NETRAL
Pembicara dalam video ini terdengar cukup jelas.,NETRAL
Tema video ini sepertinya relevan dengan tren saat ini.,NETRAL
Saya melihat beberapa kesalahan kecil dalam video ini.,NETRAL
"Durasi video ini cukup panjang, mungkin agak terlalu lama.",NETRAL
Menarik juga melihat reaksi para penonton terhadap video ini.,NETRAL
Saya perhatikan bahwa ada banyak komentar positif di bagian ini.,NETRAL
"Durasi video cukup panjang, mungkin ada yang merasa kurang tertarik.",NETRAL
"Ternyata video ini sudah ditonton oleh ribuan orang, cukup populer ya.",NETRAL
Ada beberapa orang yang menyoroti bagian menarik di menit ke-3.,NETRAL
"Tidak terlalu banyak dislike, sepertinya mayoritas penonton menyukainya.",NETRAL
Beberapa komentar yang masuk terlihat cukup informatif dan mendukung.,NETRAL
"Saya melihat ada sedikit perdebatan di bagian komentar, menarik untuk diikuti.",NETRAL
Video ini sepertinya memicu diskusi yang menarik di kalangan penontonnya.,NETRAL
Pengguna terlihat cukup antusias dalam menyambut konten baru ini.,NETRAL
Ada banyak komentar yang menarik di bawah video ini.,NETRAL
Saya melihat banyak iklan yang muncul di video ini.,NETRAL
Ada banyak pandangan yang berbeda mengenai konten video ini.,NETRAL
Banyak penonton yang memberikan komentar informatif.,NETRAL
Saya merasa tidak tertarik dengan topik yang dibahas di video ini.,NETRAL
Pengambilan gambar dalam video ini cukup baik.,NETRAL
Saya melihat video ini direkomendasikan oleh banyak orang.,NETRAL
Saya melihat banyak like dan dislike pada video tersebut.,NETRAL
Banyak orang yang menonton video ini.,NETRAL
Saya tidak terlalu tertarik dengan isi video tersebut.,NETRAL
Video ini memiliki jumlah view yang tinggi.,NETRAL
Beberapa orang memberikan feedback positif pada video tersebut.,NETRAL
Saya melihat beberapa komentar yang menarik perhatian.,NETRAL
Video ini sepertinya sedang trending di YouTube.,NETRAL
Saya tidak begitu memperhatikan jumlah subscriber pembuat video.,NETRAL
Terdapat banyak iklan yang muncul selama video berlangsung.,NETRAL
Saya melihat beberapa kesalahan kecil dalam video tersebut.,NETRAL
Banyak orang sepertinya menonton video ini hingga akhir.,NETRAL
Apakah video ini sudah pernah diunggah sebelumnya?,NETRAL
Sebagian besar komentar di video ini tampaknya netral.,NETRAL
Tema video ini cukup umum dan sudah sering dibahas.,NETRAL
Tingginya jumlah penonton video ini menarik perhatian saya.,NETRAL
Saya belum mengetahui siapa yang memproduksi video ini.,NETRAL
Isi dari video tersebut terlihat menarik untuk ditonton.,NETRAL
Mungkin video ini akan menjadi populer di kalangan remaja.,NETRAL
"Saya belum menonton video ini, tetapi banyak yang membicarakannya.",NETRAL
Banyak komentar positif yang saya lihat tentang video tersebut.,NETRAL
Saya belum menemukan informasi detail mengenai konten video ini.,NETRAL
Video ini sepertinya mengandung banyak informasi bermanfaat.,NETRAL
Saya belum memiliki pendapat yang pasti tentang video tersebut.,NETRAL
"Video ini menarik, banyak yang menonton.",NETRAL
Apakah video ini sudah ada sejak lama?,NETRAL
Tampaknya banyak komentar positif di bawah video.,NETRAL
Saya mencatat ada kesalahan kecil pada menit ke-5.,NETRAL
"Viewer counts terlihat tinggi, mungkin kontennya menarik.",NETRAL
Saya tidak terlalu tertarik dengan topik yang dibahas dalam video.,NETRAL
"Menarik, ada yang sudah menonton video ini?",NETRAL
Saya belum melihat berapa banyak view yang sudah terkumpul,NETRAL
Sepertinya video ini sedang banyak dibicarakan ya,NETRAL
Saya suka video yang memberikan informasi berguna seperti ini,NETRAL
Mungkin video ini bisa menjadi referensi belajar yang bagus,NETRAL
"Saya rasa thumbnail video ini menarik, apakah sesuai dengan isinya?",NETRAL
Ternyata banyak komentar positif di video ini,NETRAL
Mungkin saya akan simpan video ini untuk ditonton nanti,NETRAL
Ada banyak tayangan iklan dalam video tersebut.,NETRAL
Banyak orang sepertinya menyukai konten yang diunggah.,NETRAL
Saya melihat banyak komentar menjelaskan tentang video tersebut.,NETRAL
Bagian awal video terlihat menarik perhatian saya.,NETRAL
Beberapa orang memberikan pendapat yang berbeda terkait video ini.,NETRAL
Saya tidak yakin dengan kebenaran klaim video ini.,NETRAL
Banyak orang berdiskusi tentang konten video ini.,NETRAL
Saya perlu waktu lebih lama untuk menonton video ini.,NETRAL
Apakah ada sumber lain yang dapat dipercaya tentang topik ini?,NETRAL
Saya melihat banyak iklan di video tersebut.,NETRAL
Video ini mendapat banyak view dalam waktu singkat.,NETRAL
Jumlah like video ini cukup tinggi.,NETRAL
Banyak yang menyukai konten yang diunggah di sini.,NETRAL
Ternyata video ini memiliki durasi yang cukup panjang.,NETRAL
Beberapa komentar menarik di bagian bawah video.,NETRAL
Ada sejumlah diskusi menarik di kolom komentar.,NETRAL
Terdapat beberapa video terkait yang direkomendasikan di samping kanan.,NETRAL
"Saya belum menonton video ini, tetapi sepertinya populer di kalangan penonton.",NETRAL
Apakah ada cuplikan video lain yang terkait?,NETRAL
Saya melihat komentar yang menarik di bawah video.,NETRAL
Ada informasi detail tentang pembuat video?,NETRAL
Apakah video ini sudah memiliki terjemahan?,NETRAL
Saya menemukan sedikit kesalahan pada deskripsi video.,NETRAL
Sebaiknya video ini memiliki subtitel untuk pendengar yang sulit mendengar.,NETRAL
Bagaimana cara terbaik untuk berbagi video ini?,NETRAL
"Banyak yang menonton video ini, terlihat dari jumlah view-nya",NETRAL
Terdapat banyak iklan di video ini,NETRAL
Saya melihat banyak like dan dislike di video ini,NETRAL
Subtitel video ini sudah tersedia dalam berbagai bahasa,NETRAL
Penjelasan singkat di awal video cukup membantu untuk memahami kontennya,NETRAL
Tata letak thumbnail video ini terlihat menarik,NETRAL
Ada sejumlah penayangan ulang pada video ini,NETRAL
Kualitas visual dari video ini cukup baik,NETRAL
Ada berapa jumlah like yang diterima video ini?,NETRAL
Tidak ada informasi yang disampaikan di menit ke-10 video.,NETRAL
Saya tidak yakin dengan kebenaran klaim yang disampaikan.,NETRAL
Tata letak judul video terlihat rapi dan mudah dipahami.,NETRAL
Apakah konten video ini sudah diperbarui atau belum?,NETRAL
Tidak terlalu banyak informasi yang disampaikan di video ini.,NETRAL
Saya merasa ada sedikit kekacauan dalam penyampaian informasi.,NETRAL
Saya lihat banyak komentar positif di sini.,NETRAL
Ada tautan untuk download lagunya?,NETRAL
Durasi video cukup panjang ya.,NETRAL
Ada informasi kontak untuk kerja sama?,NETRAL
Bagian intro terlalu lama menurut saya.,NETRAL
Saya rasa lebih baik menggunakan bahasa Indonesia.,NETRAL
Mungkin bisa ditambahkan subtitle untuk pengguna tunarungu.,NETRAL
Tidak terlalu banyak interaksi di bagian komentar,NETRAL
Saya melihat ada iklan di tengah video,NETRAL
Tidak ada informasi yang jelas tentang pembuat video,NETRAL
"Thumbnail video menarik, tapi kontennya biasa saja",NETRAL
Saya rasa video ini kurang memberikan informasi yang berguna,NETRAL
Saya tidak melihat adanya spoiler di sini,NETRAL
Bagian deskripsi video terlalu pendek,NETRAL
Bagaimana cara mengakses video ini?,NETRAL
Saya melihat ada banyak like di sini.,NETRAL
Tidak sabar untuk menonton video selanjutnya.,NETRAL
Ada informasi tambahan di deskripsi video.,NETRAL
Saya perhatikan ada dislike yang cukup tinggi.,NETRAL
Mungkin bisa menambahkan sub judul untuk memudahkan pemahaman.,NETRAL
Saya tidak yakin apakah ini relevan dengan topik utama video.,NETRAL
Menarik juga melihat komentar-komentar di video ini.,NETRAL
Saya penasaran apakah ada bocoran tentang konten video selanjutnya.,NETRAL
Banyak yang memberikan pandangan menarik terkait topik ini.,NETRAL
Sudah berapa lama channel ini aktif? Saya baru menemukannya.,NETRAL
Sepertinya video ini mendapat perhatian yang cukup banyak dari penonton.,NETRAL
Tampilan visual dalam video cukup menarik untuk diperhatikan.,NETRAL
Saya mencoba mencari tahu lebih banyak detail tentang informasi yang disampaikan.,NETRAL
Penasaran apakah ada rencana untuk membuat series video terkait topik ini.,NETRAL
Banyak komentar yang membahas aspek yang menarik dari video ini.,NETRAL
Saya rasa video ini cukup informatif untuk ditonton lebih dari sekali.,NETRAL
Saya melihat ada banyak like dan dislike.,NETRAL
Beberapa pengguna sepertinya tidak setuju dengan konten video.,NETRAL
Komentar-komentar di bawah video menarik untuk disimak.,NETRAL
Ada sejumlah viewers yang menanyakan tentang konten video.,NETRAL
Banyak orang yang telah menonton video ini.,NETRAL
Views video ini terus bertambah setiap hari.,NETRAL
Beberapa pengguna menandai teman mereka untuk menonton video ini.,NETRAL
Saya melihat beberapa diskusi menarik di kolom komentar.,NETRAL
Pengguna terlihat beragam pendapatnya mengenai video ini.,NETRAL
Banyak komentar yang masuk di bagian komentar video.,NETRAL
Durasi video terbilang cukup panjang untuk topik ini.,NETRAL
Tampilan thumbnail video cukup menarik perhatian.,NETRAL
Jumlah view video ini sudah mencapai angka yang lumayan.,NETRAL
Banyak fitur interaktif yang disediakan oleh pembuat video.,NETRAL
Topik pembahasan video ini cukup unik dan menarik untuk dibahas.,NETRAL
Saya belum sempat menonton video ini secara keseluruhan.,NETRAL
Kualitas video terlihat jelas dan tajam.,NETRAL
Banyak sekali komentar di video ini.,NETRAL
Terdapat banyak like dan dislike di video tersebut.,NETRAL
Saya melihat bahwa video ini banyak ditonton.,NETRAL
Thumbnail video cukup menarik untuk dilihat.,NETRAL
Ada banyak iklan muncul di tengah video.,NETRAL
Tampaknya banyak yang tidak setuju dengan pendapat di video tersebut.,NETRAL
Saya melihat bahwa ada banyak share untuk video ini.,NETRAL
Video ini sepertinya sedang trending.,NETRAL
"Video ini tampak menarik, ingin tahu lebih banyak informasinya.",NETRAL
Saya perhatikan ada banyak komentar positif di sini.,NETRAL
Apakah ada bagian yang kurang jelas dalam video ini?,NETRAL
Banyak orang sepertinya menikmati konten ini.,NETRAL
Saya ingin tahu bagaimana pendapat orang lain tentang video ini.,NETRAL
"Terdapat banyak view pada video ini, mungkin kontennya menarik.",NETRAL
Apakah ada bagian yang membingungkan dalam video ini?,NETRAL
Saya tidak yakin apakah video ini sesuai dengan preferensi saya.,NETRAL
Jumlah view video ini sudah mencapai angka yang cukup tinggi.,NETRAL
Terdapat banyak komentar positif pada bagian ini.,NETRAL
Saya belum memahami maksud dari konten video ini.,NETRAL
Banyak orang yang menyukai bagian akhir dari video tersebut.,NETRAL
Apakah ada informasi tambahan mengenai pembuat video?,NETRAL
Saya melihat beberapa bagian yang membingungkan dalam video.,NETRAL
Tidak terlalu banyak komentar negatif pada video ini.,NETRAL
Saya tidak yakin apakah video ini sudah mencapai target audiensnya.,NETRAL
Saya melihat bahwa video tersebut sudah ditonton jutaan kali.,NETRAL
Apakah ada informasi lanjutan terkait konten video ini?,NETRAL
Saya ingin mengetahui siapa pembuat video tersebut.,NETRAL
Banyak iklan yang muncul di tengah-tengah video.,NETRAL
Pengaturan kualitas video dapat disesuaikan sesuai kebutuhan.,NETRAL
Penggunaan musik latar belakang cukup pas dengan konten video.,NETRAL
"Durasi video terlalu panjang, mungkin bisa dipotong.",NETRAL
Tidak ada informasi kontak pembuat video di deskripsi.,NETRAL
Komentar pengguna terhadap video ini bervariasi.,NETRAL
Kualitas audio cukup baik meskipun ada sedikit noise.,NETRAL
Saya ingin tahu lebih banyak tentang latar belakang video ini.,NETRAL
Tidak ada unsur promosi yang terlalu mencolok dalam video.,NETRAL
Thumbnail video menarik dan sesuai dengan isi.,NETRAL
Banyak informasi menarik yang disajikan dalam video.,NETRAL
Beberapa bagian video terasa kurang jelas.,NETRAL
Saya penasaran dengan komentar pengguna lain mengenai video ini.,NETRAL
Video ini cocok untuk ditonton bersama keluarga.,NETRAL
Saya belum menonton video sampai selesai.,NETRAL
Saya ingin tahu apakah ada lanjutan dari video ini.,NETRAL
"Saya belum menonton video ini, tapi thumbnailnya menarik.",NETRAL
Beberapa orang meminta penjelasan tambahan tentang topik video.,NETRAL
Saya melihat adanya iklan sebelum video dimulai.,NETRAL
Video ini terlihat menarik untuk ditonton lebih lanjut.,NETRAL
"Durasi video terlalu panjang, apa isi pentingnya?",NETRAL
Banyak pengguna berdiskusi tentang konten video ini.,NETRAL
Ada informasi menarik yang dibagikan di dalam video.,NETRAL
Beberapa orang menyarankan video ini patut ditonton.,NETRAL
"Saya belum menonton video ini, apa yang menarik dari kontennya?",NETRAL
Sebagian besar penonton memberikan tanggapan positif.,NETRAL
Apakah video ini sudah memiliki terjemahan? Saya ingin memahami isi nya.,NETRAL
Ternyata video ini sudah ditonton jutaan kali,NETRAL
Thumbnail video ini cukup menarik perhatian,NETRAL
Mungkin video ini cocok untuk penggemar genre tersebut,NETRAL
Ide di balik video ini cukup unik sebenarnya,NETRAL
Saya rasa video ini bisa lebih diperjelas lagi,NETRAL
Menarik juga melihat bagaimana respons penonton terhadap video ini,NETRAL
Ada yang tahu di mana lokasi pengambilan gambar video ini?,NETRAL
Komentar-komentar di bawah video cukup bervariasi,NETRAL
Saya melihat banyak sekali views untuk video ini,NETRAL
Pengguna YouTube sepertinya cukup antusias dengan konten ini,NETRAL
Thumbnail video terlihat cukup menarik,NETRAL
"Saya belum menonton video ini, apa isi yang sedang trending?",NETRAL
"Banyak komentar positif di bagian atas, apakah ada kritik juga?",NETRAL
Saya melihat ada banyak komentar positif di video ini,NETRAL
Ada banyak iklan yang muncul saat menonton video ini,NETRAL
Tema video cukup menarik untuk ditonton,NETRAL
Saya tidak terlalu suka dengan gaya editing yang digunakan,NETRAL
Kualitas video terlihat jelas dan tajam,NETRAL
Saya rasa video ini cocok untuk target audiensnya,NETRAL
Saya menonton video ini karena tertarik dengan judulnya,NETRAL
Menarik juga ya video ini tidak disponsori?,NETRAL
Saya penasaran berapa banyak like yang akan didapat video ini.,NETRAL
Komentar-komentar di sini cukup bervariasi.,NETRAL
Video ini sepertinya cukup informatif.,NETRAL
Mungkin penjelasan lebih detail akan membantu pemahaman.,NETRAL
Pengaturan kualitas video sebaiknya ditingkatkan.,NETRAL
Tema video ini sebenarnya sudah sering dibahas sebelumnya.,NETRAL
"Video ini tampak menarik, berapa jumlah view saat ini?",NETRAL
Tema video cukup menarik untuk ditonton secara keseluruhan.,NETRAL
"Beberapa bagian dari video ini agak membingungkan, mungkin butuh penjelasan tambahan.",NETRAL
Apakah ada informasi lebih lanjut terkait kreator video ini?,NETRAL
Saya perhatikan ada sedikit kesalahan teknis pada menit ke-5.,NETRAL
Pengguna lain mungkin akan senang dengan konten video ini.,NETRAL
"Durasi video terasa cukup panjang, mungkin lebih baik jika lebih singkat.",NETRAL
Saya rasa video ini cocok bagi yang memiliki minat dalam topik tersebut.,NETRAL
"Ada beberapa iklan yang muncul di tengah-tengah video, cukup mengganggu.",NETRAL
Video ini memiliki kualitas gambar yang jernih dan tajam.,NETRAL
Saya melihat bahwa ada banyak iklan yang muncul selama video berlangsung.,NETRAL
"Durasi video terasa cukup panjang, mungkin ada yang perlu dipotong.",NETRAL
"Ada beberapa bagian yang kurang jelas dalam video ini, mungkin butuh penjelasan lebih lanjut.",NETRAL
Saya penasaran dengan latar belakang musik yang digunakan dalam video tersebut.,NETRAL
Tema yang diangkat dalam video terlihat menarik dan relevan dengan konten yang dibahas.,NETRAL
Saya menemukan beberapa kesalahan kecil dalam penulisan judul video.,NETRAL
Saya merasa video ini cukup informatif namun kurang menarik visualnya.,NETRAL
Penjelasan yang diberikan dalam video terasa cukup singkat namun padat.,NETRAL
"Saya tidak begitu tertarik dengan topik yang dibahas dalam video, namun penjelasannya cukup jelas.",NETRAL
"Ada fitur keren pada video ini, seperti kontrol kecepatan.",NETRAL
Sebagian besar penonton sepertinya menyukai konten ini.,NETRAL
Kualitas audio pada video ini terdengar jelas.,NETRAL
Tidak terlalu banyak efek visual yang digunakan di sini.,NETRAL
Saya penasaran dengan topik yang dibahas dalam video ini.,NETRAL
Tidak terlalu banyak like atau dislike pada video ini.,NETRAL
"Ada banyak view di video ini, tapi belum tentu semua suka.",NETRAL
"Durasi video cukup panjang, mungkin butuh waktu luang untuk menontonnya.",NETRAL
Beberapa menit awal video cukup memikat perhatian.,NETRAL
Suara audio dalam video terdengar jelas dan nyaman didengar.,NETRAL
"Banyak iklan muncul di video ini, sedikit mengganggu.",NETRAL
Saya lihat banyak kontroversi di sekitar video ini.,NETRAL
Tema video cukup menarik untuk diperdebatkan.,NETRAL
Kualitas gambar video terlihat cukup baik meskipun tidak full HD.,NETRAL
Tampaknya banyak komentar positif di sini.,NETRAL
Saya melihat banyak interaksi dari penonton.,NETRAL
Saya perhatikan ada beberapa iklan yang muncul.,NETRAL
Bagaimana pendapat kalian tentang ending videonya?,NETRAL
Pengaturan kualitas video bisa diubah ya?,NETRAL
Saya lihat ada banyak like dan dislike di sini.,NETRAL
Tampaknya banyak yang menonton video ini.,NETRAL
Saya tidak yakin apakah thumbnail sesuai dengan konten video.,NETRAL
Ada beberapa komentar menarik di bagian bawah video.,NETRAL
"Saya belum selesai menonton, tetapi sepertinya ada twist menarik di pertengahan video.",NETRAL
Beberapa statistik menunjukkan bahwa banyak orang menyukai video ini.,NETRAL
Saya melihat beberapa iklan selama menonton video.,NETRAL
Mungkin akan lebih baik jika deskripsi video lebih detail.,NETRAL
Saya akan menonton video ini lagi untuk memahami lebih baik.,NETRAL
Saya terkejut melihat jumlah dislike yang cukup tinggi.,NETRAL
Video ini tampaknya menjadi viral dalam waktu singkat.,NETRAL
Video ini menampilkan konten apa ya?,NETRAL
Apakah ada informasi terbaru terkait video ini?,NETRAL
Dalam video terlihat ada beberapa adegan menarik.,NETRAL
Saya tertarik untuk mengetahui siapa yang membuat video ini.,NETRAL
Ada yang tahu lagu latar yang digunakan dalam video?,NETRAL
Video ini mendapat banyak like dari penonton.,NETRAL
Saya pikir video ini bisa lebih diperjelas lagi.,NETRAL
Saya perhatikan video ini telah diunggah beberapa hari yang lalu.,NETRAL
Ada yang bisa memberikan sinopsis singkat tentang video ini?,NETRAL
Saya lihat video ini memiliki banyak view.,NETRAL
Ada yang tahu lagu latar yang digunakan dalam video ini?,NETRAL
Banyak orang membagikan video ini di media sosial.,NETRAL
Ada beberapa bagian yang menarik perhatian saya dalam video ini.,NETRAL
Beberapa orang memberikan pandangan menarik terkait video ini.,NETRAL
Saya melihat adanya diskusi yang hangat di kolom komentar video.,NETRAL
Beberapa detail dalam video ini membuat saya tertarik untuk menonton lebih lanjut.,NETRAL
Kualitas video ini cukup baik untuk dinikmati.,NETRAL
Saya melihat berbagai pendapat yang beragam terkait video ini.,NETRAL
Ada banyak komentar positif dan negatif di bawah video ini.,NETRAL
Saya melihat banyak view pada video ini.,NETRAL
Banyak orang membahas konten video ini di media sosial.,NETRAL
Tidak ada iklan yang mengganggu saat menonton video ini.,NETRAL
Thumbnail video terlihat menarik dan sesuai dengan isinya.,NETRAL
"Saya belum menonton video ini, tetapi akan mencoba nanti.",NETRAL
Saya belum membaca komentar di video ini untuk menghindari spoiler.,NETRAL
Saya melihat ada banyak komentar positif di bawah video ini.,NETRAL
Pengunggah video memberikan informasi yang jelas tentang konten video.,NETRAL
Beberapa pengguna bertanya tentang alasan di balik keputusan yang diambil dalam video.,NETRAL
Banyak penonton tertarik dengan topik yang dibahas dalam video ini.,NETRAL
Suara dalam video terdengar jelas dan mudah dipahami.,NETRAL
Beberapa pengguna membagikan pendapat mereka tentang video ini di media sosial.,NETRAL
Terdapat informasi tambahan yang disertakan oleh pengunggah video di deskripsi.,NETRAL
Saya melihat ada tautan untuk video terkait di akhir video ini.,NETRAL
Ada informasi menarik tentang topik yang dibahas di video ini.,NETRAL
"Durasi video cukup panjang, tapi kontennya informatif.",NETRAL
Beberapa orang menyarankan video sebelumnya terkait topik ini.,NETRAL
Pengambilan gambar dalam video terlihat profesional.,NETRAL
Saya akan menonton video ini lagi untuk merespons pertanyaan-pertanyaan dari penonton lain.,NETRAL
Kualitas audio pada video terdengar jelas dan baik.,NETRAL
Ada potongan video yang cukup lucu di menit ke-7.,NETRAL
Ada banyak komentar di video ini,NETRAL
Saya melihat bahwa banyak orang menyukai video ini,NETRAL
Terdapat iklan di bagian tengah video,NETRAL
Banyak tontonan menarik di YouTube,NETRAL
Kualitas video cukup baik,NETRAL
Beberapa bagian video terlalu cepat,NETRAL
Terdapat beberapa kesalahan dalam informasi video,NETRAL
Komentar di bawah video ini cukup lucu,NETRAL
Video ini terlihat menarik dari thumbnail-nya.,NETRAL
Ada yang tahu lagu latar yang digunakan?,NETRAL
Saya pikir video ini cocok untuk audiens tertentu.,NETRAL
Apa judul video ini dalam bahasa Inggris?,NETRAL
"Saya belum menonton videonya, tapi deskripsinya menarik.",NETRAL
Apakah ada spoiler di komentar-komentar ini?,NETRAL
Beberapa bagian videonya tampak lucu.,NETRAL
Saya terkesan dengan kualitas produksi videonya.,NETRAL
Saya melihat adanya iklan pada video tersebut.,NETRAL
Beberapa bagian dari video mungkin perlu lebih dijelaskan.,NETRAL
Pengguna lain sepertinya menikmati konten ini.,NETRAL
Saya penasaran dengan komentar-komentar di bawah video.,NETRAL
Durasi video mungkin agak panjang untuk saya.,NETRAL
Saya belum menonton video ini sampai selesai.,NETRAL
Ada yang bisa memberikan rangkuman isi video ini?,NETRAL
"Video ini tampak menarik, mungkin saya akan menonton nanti.",NETRAL
Saya penasaran berapa jumlah dislike yang diterima video ini.,NETRAL
Judul video cukup menggoda untuk diklik.,NETRAL
Saya belum memutuskan apakah video ini relevan dengan minat saya.,NETRAL
"Video berdurasi cukup panjang, mungkin butuh waktu untuk menontonnya.",NETRAL
Thumbnail video terlihat menarik dan profesional.,NETRAL
Saya akan mengecek lebih dulu komentar pengguna sebelum menonton video.,NETRAL
Perbedaan pendapat di komentar membuat saya penasaran dengan konten videonya.,NETRAL
"Saya melihat banyak komentar positif di sini, mungkin video ini cukup populer.",NETRAL
Berapa jumlah dislike video ini ya? Saya penasaran.,NETRAL
"Terdapat banyak iklan pada video ini, tidak terlalu mengganggu sih.",NETRAL
"Ada beberapa adegan yang kurang jelas, mungkin perlu penjelasan lebih lanjut.",NETRAL
"Saya belum melihat bagian akhir video, apakah ada kejutan di sana?",NETRAL
Kualitas video terlihat baik meskipun kontennya biasa saja.,NETRAL
"Saya tidak terlalu paham dengan beberapa komentar di sini, mungkin saya yang ketinggalan informasi.",NETRAL
Apakah ada informasi tambahan di deskripsi video yang tidak disebutkan di video?,NETRAL
"Saya melihat beberapa kesalahan kecil dalam editing, namun tidak mengganggu keseluruhan video.",NETRAL
Video ini memiliki kualitas yang jernih.,NETRAL
Terdapat iklan yang muncul di menit ke-5.,NETRAL
Komentar yang masuk cukup bervariasi.,NETRAL
Saya belum menonton keseluruhan video ini.,NETRAL
Ada informasi kontak untuk kerjasama di deskripsi.,NETRAL
Saya melihat ada beberapa dislike di sini.,NETRAL
Menarik juga melihat berbagai komentar pengguna di sini.,NETRAL
Saya penasaran dengan jumlah dislai yang dimiliki video ini.,NETRAL
Terdapat banyak variasi konten menarik di YouTube.,NETRAL
Saya akan mencoba menonton video ini kemudian memberikan ulasan lebih lanjut.,NETRAL
Apakah pengguna lain juga merasa video ini informatif?,NETRAL
Saya ingin tahu apakah video ini memiliki subtitle bahasa Indonesia.,NETRAL
Ada yang tahu kapan video ini diunggah pertama kali?,NETRAL
Bagaimana pendapat pengguna lain terkait video ini?,NETRAL
"Saya belum menonton video ini, tetapi sepertinya menarik untuk ditonton.",NETRAL
"Menarik, banyak yang menonton video ini",NETRAL
Saya melihat ada banyak iklan di video ini,NETRAL
Apakah video ini sudah dihapus sebelumnya?,NETRAL
Terdapat banyak komentar positif di bawah video,NETRAL
Saya tidak begitu tertarik dengan konten video ini,NETRAL
Sebagian besar penonton sepertinya menyukai video tersebut,NETRAL
Saya ingin tahu lebih banyak tentang kreator video ini,NETRAL
Banyak diskusi menarik terjadi di kolom komentar,NETRAL
Video ini tampaknya sudah lama diunggah,NETRAL
Apa judul asli dari video tersebut?,NETRAL
"Ini video menarik, tapi saya tidak bisa melihatnya dengan jelas.",NETRAL
Berapa jumlah penonton video ini saat ini?,NETRAL
Saya melihat ada iklan di tengah video. Mengganggu sedikit.,NETRAL
Apakah topik dalam video ini sudah pernah dibahas sebelumnya?,NETRAL
Saya tidak yakin apakah thumbnail video ini sesuai dengan kontennya.,NETRAL
"Banyak komentar positif, sepertinya video ini populer.",NETRAL
"Saya belum sampai di bagian tengah video, tetapi sudah terkesan.",NETRAL
Bagian intro video terlalu panjang menurut saya.,NETRAL
Ada suara latar yang sedikit mengganggu fokus saya.,NETRAL
Saya ingin tahu apakah ada video lain dengan topik serupa.,NETRAL
Sepertinya ada sedikit noise pada audio di menit ke-3,NETRAL
Mengapa tidak ada opsi untuk subtitle Bahasa Indonesia?,NETRAL
Tema video ini cukup menarik untuk ditonton,NETRAL
Saya tidak yakin apakah informasi ini akurat,NETRAL
Video ini terlihat sudah diunggah sejak lama,NETRAL
Ada beberapa kesalahan kecil dalam penulisan deskripsi video,NETRAL
Apakah ada rencana untuk membuat seri video lain terkait topik ini?,NETRAL
Saya rasa video ini bisa lebih menarik dengan sedikit penyesuaian,NETRAL
Saya melihat banyak orang memberikan komentar positif pada video ini.,NETRAL
Ada informasi menarik di dalam video tersebut.,NETRAL
Beberapa pengguna meminta penjelasan lebih lanjut mengenai topik video tersebut.,NETRAL
Saya tidak yakin apakah video ini relevan dengan minat saya.,NETRAL
Terdapat diskusi yang cukup panjang di bagian komentar video.,NETRAL
Saya perhatikan jumlah like dan dislike cukup seimbang.,NETRAL
Beberapa orang menyarankan untuk menonton video terkait lainnya.,NETRAL
Video ini sepertinya mendapat respons yang cukup baik dari penonton.,NETRAL
Saya melihat ada banyak komentar di sini,NETRAL
Terdapat iklan pada menit ke-5 video,NETRAL
Siapa yang membuat video ini?,NETRAL
Ada informasi menarik di deskripsi video,NETRAL
Saya menyukai musik latar pada video ini,NETRAL
Komentar-komentar di bawah video menarik,NETRAL
Apakah video ini tersedia dalam resolusi lebih tinggi?,NETRAL
Durasi video agak panjang ya,NETRAL
Thumbnail video menarik,NETRAL
Tema video cukup menarik untuk dibahas,NETRAL
Banyak informasi yang disampaikan dalam video ini,NETRAL
Saya lihat jumlah view sudah tinggi,NETRAL
"Tersedia subtitle bahasa Inggris, bagus",NETRAL
Bagian tengah video agak monoton,NETRAL
Beberapa penonton bertanya tentang latar belakang pembuat video.,NETRAL
Pengguna lain memberikan pendapat mereka mengenai konten video.,NETRAL
Saya melihat ada link terkait di deskripsi video.,NETRAL
Beberapa penonton meminta penjelasan tambahan tentang topik tersebut.,NETRAL
Terdapat diskusi menarik mengenai video ini di kolom komentar.,NETRAL
Beberapa penonton membagikan pengalaman pribadi terkait topik video.,NETRAL
Saya melihat video ini sudah memiliki banyak likes.,NETRAL
"Video menarik, tapi saya kurang paham kontennya.",NETRAL
Ada yang tahu judul lagu latar di menit ke-3? Terima kasih.,NETRAL
"Kualitas video jernih banget, apakah ini kamera baru?",NETRAL
"Komentar di bawah cukup ramai, mungkin video ini viral.",NETRAL
"Subtitel video ini ada yang salah eja, perlu diperbaiki.",NETRAL
Ada yang merasa thumbnail video kurang menarik?,NETRAL
"Komentar penonton cukup beragam, menarik untuk dibaca.",NETRAL
"Saya kira video ini bakal membosankan, tapi ternyata menarik.",NETRAL
Beberapa orang terlihat menonton video ini di tempat umum.,NETRAL
Saya belum melihat komentar negatif atau positif yang mencolok.,NETRAL
Jumlah penonton video ini cukup tinggi dalam waktu singkat.,NETRAL
Ada beberapa adegan menarik yang terdapat dalam video tersebut.,NETRAL
Beberapa penonton tampak memberikan tanggapan yang bersifat netral.,NETRAL
Saya penasaran apakah akan ada kelanjutan cerita dari video ini.,NETRAL
Terdapat beberapa iklan yang muncul di tengah video tersebut.,NETRAL
Saya belum bisa menentukan apakah video ini informatif atau tidak.,NETRAL
Beberapa pemirsa menunjukkan ketertarikan terhadap video ini.,NETRAL
Video ini terlihat menarik untuk ditonton,NETRAL
Saya melihat banyak komentar positif tentang video ini,NETRAL
Saya mendapati bahwa video ini sudah ditonton jutaan kali,NETRAL
Apakah ada spoiler di komentar-komentar tentang video ini?,NETRAL
"Durasi video ini cukup panjang, mungkin akan butuh waktu luang",NETRAL
Ada yang mengetahui latar belakang pembuat video ini?,NETRAL
Berapa jumlah like pada video ini?,NETRAL
Apakah ada bagian yang di-sponsor dalam video ini?,NETRAL
Saya melihat video ini memiliki durasi yang cukup panjang.,NETRAL
Ada beberapa bagian yang kurang jelas pada video.,NETRAL
Pengaturan kualitas video bisa ditingkatkan lagi.,NETRAL
Ada beberapa komentar yang menarik perhatian di bagian bawah video.,NETRAL
Saya penasaran dengan bagaimana video ini dibuat.,NETRAL
Video ini terlihat menarik.,NETRAL
Pengaturan warna dalam video cukup kontras.,NETRAL
Mungkin ada kesalahan kecil pada menit ke-3.,NETRAL
Saya tidak yakin apakah thumbnail cocok dengan isi video.,NETRAL
Bagian tengah video terasa sedikit lambat.,NETRAL
Saya suka bagaimana narasi disusun dengan baik.,NETRAL
Mungkin akan lebih menarik dengan sedikit variasi musik latar.,NETRAL
Pengguna lain juga menyarankan video terkait.,NETRAL
Ada yang bisa memberi informasi tentang pembuat konten?,NETRAL
Saya rasa thumbnail video ini menarik perhatian.,NETRAL
Komentar-komentar di sini cukup beragam.,NETRAL
Bagian pertama video cukup informatif.,NETRAL
Pengguna lain memberikan saran yang menarik.,NETRAL
Saya melihat video ini sudah ditonton jutaan kali.,NETRAL
Ada beragam pendapat tentang konten video tersebut.,NETRAL
Beberapa pengguna menanyakan detail tentang video tersebut.,NETRAL
Banyak yang memberikan tanggapan pada video ini.,NETRAL
Saya melihat banyak view di video tersebut.,NETRAL
Sebagian besar komentar terfokus pada topik tertentu di video.,NETRAL
Pengguna lain juga menyukai video ini.,NETRAL
Terdapat diskusi menarik terkait video tersebut.,NETRAL
Banyak yang membagikan video ini kepada teman-teman mereka.,NETRAL
"Video ini tampak menarik, mungkin akan ditonton nanti.",NETRAL
"Saya penasaran dengan isi video ini, apa yang menarik dari sana?",NETRAL
Jumlah like dan dislike video ini seimbang ya.,NETRAL
Komentar-komentar di bawah video ini cukup beragam.,NETRAL
Mungkin saya akan menonton video ini saat waktu luang.,NETRAL
Saya tidak terlalu tertarik dengan judul video ini.,NETRAL
Ada banyak iklan di tengah-tengah video ini.,NETRAL
Saya suka bagaimana pembawa acara menjelaskan topiknya dengan detail.,NETRAL
Berapa lama waktu yang dibutuhkan untuk membuat video ini?,NETRAL
Ada beberapa adegan menarik dalam video tersebut.,NETRAL
"Saya melihat banyak view di video ini, sepertinya populer.",NETRAL
Apakah ada bagian yang tidak jelas dalam penjelasan video tersebut?,NETRAL
Banyak orang tampak tertarik dengan konten video tersebut.,NETRAL
"Durasi video ini cukup panjang, tapi kontennya menarik.",NETRAL
Saya melihat beberapa iklan muncul di tengah video.,NETRAL
Apakah ada yang memperhatikan detail kecil dalam video tersebut?,NETRAL
Mungkin penjelasan lebih detail bisa ditambahkan di bagian tengah video.,NETRAL
Saya melihat ada watermark di sudut kanan bawah sepanjang video.,NETRAL
Durasi video terlalu pendek untuk topik yang kompleks seperti ini.,NETRAL
Saya menemukan informasi yang menarik di menit ke-7 video.,NETRAL
Tata letak teks pada video terlihat rapi dan mudah dibaca.,NETRAL
Saya belum menemukan sumber referensi untuk klaim yang disebutkan di video ini.,NETRAL
Ada sedikit kebisingan latar belakang yang mengganggu pada menit ke-3 video.,NETRAL
Saya harap ada subtitle yang disediakan untuk penonton dengan gangguan pendengaran.,NETRAL
Penggunaan musik latar belakang di video ini cukup pas dengan suasana.,NETRAL
Saya melihat bahwa video ini sudah ditonton jutaan kali.,NETRAL
Apakah ada informasi lanjutan mengenai konten video ini?,NETRAL
Beberapa pengguna tampaknya menyukai adegan pada menit ke-3.,NETRAL
Saya memperhatikan banyak iklan muncul selama video berlangsung.,NETRAL
Apakah pemilik video merencanakan sekuel untuk konten ini?,NETRAL
Pengguna lain juga menyarankan video serupa untuk ditonton.,NETRAL
Tampaknya video ini memiliki rating yang cukup tinggi.,NETRAL
Saya belum melihat adanya respon dari pembuat video terhadap komentar.,NETRAL
Ada banyak diskusi menarik di bagian komentar video.,NETRAL
Mungkin akan lebih menarik jika video ini memiliki subtitle dalam beberapa bahasa.,NETRAL
"Saya melihat banyak komentar yang menyebutkan tentang bagian menit ke-3, harusnya saya lihat sendiri nanti.",NETRAL
"Terdapat banyak iklan yang muncul di tengah video, agak mengganggu sedikit.",NETRAL
Saya penasaran apakah ada versi video ini dengan kualitas resolusi yang lebih tinggi.,NETRAL
"Beberapa bagian dari video terlihat kurang jelas, mungkin karena kualitas kamera yang digunakan.",NETRAL
"Saya tidak terlalu tertarik dengan konten video ini, tapi tetap menonton sampai selesai.",NETRAL
Apakah ada informasi lebih lanjut mengenai latar belakang pembuat video ini?,NETRAL
"Saya suka bagian di menit ke-7, terlihat sangat detail dan informatif.",NETRAL
"Video ini terlihat cukup panjang, mungkin akan saya tonton jika ada kesempatan luang.",NETRAL
"Isi video terlihat biasa saja, tapi jelas disampaikan dengan baik.",NETRAL
Grafik yang ditampilkan cukup informatif,NETRAL
Saya melihat beberapa iklan di tengah video,NETRAL
Komentar-komentar di bawah video menarik untuk dibaca,NETRAL
Saya belum menemukan informasi yang saya cari di video ini,NETRAL
Cara penyampaiannya cukup jelas dan mudah dipahami,NETRAL
Bagian tengah video sedikit membingungkan,NETRAL
Efek suara yang digunakan terdengar cukup nyata,NETRAL
Apakah ada versi video yang lebih pendek?,NETRAL
Ada beberapa bagian yang kurang jelas dalam video tersebut,NETRAL
Beberapa orang meminta penjelasan tambahan mengenai topik video,NETRAL
Saya terkesan dengan kualitas visual dari video tersebut,NETRAL
"Durasi video cukup panjang, membuatnya lebih informatif",NETRAL
Sebagian besar penonton tampaknya menyukai konten video ini,NETRAL
Terdapat beberapa iklan dalam video yang cukup mengganggu,NETRAL
Banyak yang mengomentari aspek teknis dari produksi video ini,NETRAL
Beberapa pemirsa menyarankan topik yang ingin mereka lihat di video selanjutnya,NETRAL
Pengaturan kualitas video bisa disesuaikan dengan kecepatan internet.,NETRAL
Saya tidak menemukan informasi detail tentang latar belakang video ini.,NETRAL
Tema video cukup menarik dan relevan dengan tren saat ini.,NETRAL
Saya belum menonton video ini secara keseluruhan.,NETRAL
Ada beberapa bagian yang kurang terang dalam visualisasi video.,NETRAL
Video ini menarik perhatian saya karena tema yang unik.,NETRAL
Saya melihat banyak orang berdiskusi tentang konten video ini.,NETRAL
Terdapat banyak interaksi positif di bagian komentar video.,NETRAL
Banyak viewers tertarik dengan isi video tersebut.,NETRAL
Saya belum mengetahui apakah video ini viral atau tidak.,NETRAL
Isi video ini cukup informatif dan menarik perhatian.,NETRAL
Beberapa orang memberikan pendapat yang bervariasi terkait video tersebut.,NETRAL
Saya melihat adanya diskusi yang cukup panjang di kolom komentar.,NETRAL
Ada potensi video ini menjadi populer karena topiknya yang menarik.,NETRAL
Saya penasaran dengan respon penonton terhadap video ini.,NETRAL
Video ini memiliki tagline yang menarik.,NETRAL
Terdapat iklan pada menit ke-7 video.,NETRAL
Kualitas audio pada rekaman video cukup baik.,NETRAL
Penggunaan efek visual cukup menarik perhatian.,NETRAL
Topik yang dibahas dalam video ini relevan.,NETRAL
Saya melihat banyak view dari negara lain.,NETRAL
Tata letak thumbnail video terlihat profesional.,NETRAL
"Video ini tampak menarik, banyak yang menontonnya.",NETRAL
Terdapat banyak iklan di video tersebut.,NETRAL
Beberapa pengguna menanyakan link lagu yang digunakan.,NETRAL
Jumlah dislikes pada video terbilang rendah.,NETRAL
Saya melihat banyak komentar dengan emoji tertentu.,NETRAL
Pengguna lain memberikan saran untuk konten selanjutnya.,NETRAL
Banyak yang meminta video dengan subtitle Bahasa Indonesia.,NETRAL
Ada yang membagikan timestamp untuk adegan favorit mereka.,NETRAL
Pengguna lain menandai teman mereka untuk menonton video ini.,NETRAL
Tolong info tentang tanggal upload video ini,NETRAL
Apakah ada iklan di tengah-tengah video?,NETRAL
Saya lihat video ini sudah banyak disukai,NETRAL
Saya mencatat adanya potongan iklan di awal video,NETRAL
Apakah video ini masih relevan untuk ditonton?,NETRAL
Saya perhatikan video ini sudah memiliki jutaan view,NETRAL
Ada yang bisa memberi info tentang pembuat video?,NETRAL
Video ini menarik perhatian saya karena judulnya yang menarik,NETRAL
Beberapa penonton tampaknya merespon dengan tertawa pada bagian tersebut,NETRAL
Saya penasaran dengan jumlah dislike yang muncul di video ini,NETRAL
Ada beberapa bagian dalam video yang membuat saya berpikir lebih dalam,NETRAL
Sebagian besar penonton sepertinya menyukai ending dari video ini,NETRAL
Saya melihat banyak interaksi antara penonton dalam kolom komentar,NETRAL
Terdapat banyak iklan yang muncul saat menonton video ini,NETRAL
Beberapa penonton tampaknya tidak setuju dengan pendapat yang disampaikan dalam video ini,NETRAL
Saya menemukan beberapa kesalahan kecil dalam konten video tersebut,NETRAL
Video ini banyak mendapat dislike.,NETRAL
Durasi video cukup panjang.,NETRAL
Banyak penonton yang menyukai bagian tertentu dari video ini.,NETRAL
Tema video menarik untuk diperbincangkan.,NETRAL
Kualitas audio pada video ini cukup baik.,NETRAL
Informasi yang disajikan dalam video ini cukup jelas.,NETRAL
Banyak penonton yang memberikan pendapat mereka.,NETRAL
Video ini berhasil menarik perhatian saya selama beberapa menit.,NETRAL
"Durasi video terlalu panjang, mungkin bisa dipersingkat.",NETRAL
Banyak komentar positif di bagian bawah video.,NETRAL
Saya penasaran siapa pembuat video ini.,NETRAL
Ada informasi menarik di bagian deskripsi video.,NETRAL
Saya suka bagian musik latar yang dipilih.,NETRAL
Belum bisa memutuskan apakah video ini informatif atau tidak.,NETRAL
"Terdapat iklan di tengah video, agak mengganggu.",NETRAL
"Menarik, video ini mendapat banyak views.",NETRAL
Berapa lama proses pengeditan video ini dilakukan?,NETRAL
Tidak terlalu jelas apa yang menjadi fokus utama video ini.,NETRAL
Saya melihat beberapa kesalahan kecil dalam editing video.,NETRAL
Bagian mana yang menurut kalian paling menarik dari video ini?,NETRAL
Apakah ada kontroversi terkait video ini?,NETRAL
Saya tidak begitu mengerti alasan dibalik popularitas video ini.,NETRAL
Apakah ada rencana untuk membuat video lanjutan?,NETRAL
Apakah ada cuplikan menarik dalam video?,NETRAL
Saya ingin tahu berapa jumlah like video ini.,NETRAL
Tampaknya video ini memiliki durasi yang cukup panjang.,NETRAL
Ada informasi menarik di deskripsi video.,NETRAL
Beberapa orang sepertinya suka dengan konten ini.,NETRAL
Thumbnail video terlihat profesional.,NETRAL
Kualitas gambar dalam video cukup baik,NETRAL
Jumlah dislikes dan likes cukup seimbang,NETRAL
Beberapa komentar terlihat cukup informatif,NETRAL
Tidak terlalu banyak iklan yang mengganggu,NETRAL
Setiap orang punya selera berbeda soal video,NETRAL
Saya tidak terlalu tertarik dengan konten ini,NETRAL
Komentar-komentar di bawah video bervariasi,NETRAL
Durasi video seharusnya lebih singkat agar lebih menarik.,NETRAL
Saya jadi penasaran untuk menonton video ini.,NETRAL
Tema video cukup menarik untuk ditonton oleh berbagai kalangan.,NETRAL
Sebaiknya ada informasi tambahan dalam deskripsi video.,NETRAL
Video ini sepertinya sedang viral di media sosial.,NETRAL
Banyak yang menonton video ini untuk hiburan semata.,NETRAL
Mengamati jumlah view yang tinggi pada video ini...,NETRAL
Menanyakan apakah video ini memiliki subtitle...,NETRAL
Melihat banyaknya like dan dislike yang seimbang...,NETRAL
Memperhatikan warna yang digunakan dalam thumbnail video...,NETRAL
Menyampaikan bahwa video ini trending di platform lain juga...,NETRAL
Mengomentari jumlah komen yang aktif di bawah video...,NETRAL
Membuat catatan mengenai adanya iklan di tengah video...,NETRAL
Menunjukkan bahwa video ini sudah ditonton jutaan kali...,NETRAL
Merinci durasi dari video tersebut...,NETRAL
Mengobservasi bahwa thumbnail video menarik perhatian...,NETRAL
"Video ini tampak menarik, tapi saya belum menontonnya.",NETRAL
Saya penasaran apakah video ini trending di YouTube.,NETRAL
"Banyak komentar positif di video ini, mungkin saya akan menontonnya nanti.",NETRAL
Saya melihat video ini memiliki banyak view dalam waktu singkat.,NETRAL
Ada yang bisa memberi saya ringkasan isi video ini?,NETRAL
Saya belum memutuskan apakah akan menonton video ini atau tidak.,NETRAL
Apakah video ini berisi informasi yang berguna?,NETRAL
Saya akan menonton video ini untuk mencari tahu lebih lanjut.,NETRAL
Tampaknya video ini sedang ramai dibicarakan di media sosial.,NETRAL
Saya tidak yakin apakah video ini layak ditonton atau tidak.,NETRAL
Mengapa jumlah dislike video ini tinggi?,NETRAL
Banyak komentar baru muncul setelah video ini viral,NETRAL
Durasi video terlalu panjang untuk topik yang diangkat,NETRAL
Grafik penayangan video ini menurun setelah minggu pertama,NETRAL
Terdapat iklan yang terlalu sering muncul di video ini,NETRAL
Kualitas audio dalam video terdengar kurang jelas,NETRAL
Tema video ini sering muncul dalam kategori yang sama,NETRAL
Jumlah like dan dislike mencerminkan perbedaan pendapat,NETRAL
Tidak ada informasi yang jelas mengenai sumber video ini,NETRAL
Komentar-komentar terbaru lebih banyak membahas aspek teknis video,NETRAL
"Menurut saya, jumlah penonton video ini cukup besar.",NETRAL
Apakah video ini sudah trending di YouTube?,NETRAL
Video tersebut memberikan informasi yang menarik.,NETRAL
Beberapa adegan dalam video terlihat menarik.,NETRAL
Apakah video ini sudah mendapat banyak like?,NETRAL
Saya melihat beberapa iklan muncul di video tersebut.,NETRAL
Apakah ada yang tahu lagu latar yang digunakan?,NETRAL
Menarik untuk diperhatikan bahwa banyak komentar positif di video ini.,NETRAL
Saya melihat bahwa jumlah dislike cukup tinggi pada video tersebut.,NETRAL
Sebagian besar komentar terfokus pada topik yang dibahas dalam video.,NETRAL
Saya mendapati bahwa video ini memiliki durasi yang cukup panjang.,NETRAL
Banyak penonton yang menanyakan tentang referensi yang digunakan dalam video.,NETRAL
Terdapat beberapa bagian yang masih membingungkan bagi sebagian penonton.,NETRAL
Saya mencatat bahwa perdebatan terjadi di antara komunitas pengguna video ini.,NETRAL
Tanggapan dari penonton terhadap konten video sangat beragam.,NETRAL
Saya melihat bahwa video ini telah mencapai jumlah view yang signifikan.,NETRAL
Beberapa penonton tampaknya menemukan video ini memberikan pandangan baru bagi mereka.,NETRAL
Tidak ada iklan di video ini.,NETRAL
Banyak komentar positif dari penonton.,NETRAL
Saya ingin tahu lebih banyak tentang konten ini.,NETRAL
Tidak terlalu banyak interaksi antara pembuat video dan penonton.,NETRAL
Saya belum memutuskan apakah akan subscribe atau tidak.,NETRAL
Kualitas video cukup baik meskipun tidak full HD.,NETRAL
Apakah ada informasi terbaru mengenai video ini?,NETRAL
Saya melihat ada beberapa iklan yang muncul di sela-sela video,NETRAL
Pembicara dalam video ini terdengar jelas dan terarah,NETRAL
Ada beberapa bagian yang kurang jelas dalam video ini,NETRAL
Saya melihat ada beberapa kesalahan kecil dalam pengeditan video,NETRAL
Apakah ada informasi lebih lanjut tentang latar belakang pembuat video?,NETRAL
"Video ini tampak menarik, siapakah pembuatnya?",NETRAL
Saya melihat banyak interaksi positif di kolom komentar,NETRAL
Saya menemukan bagian yang cukup informatif di menit ke-5,NETRAL
Ada banyak iklan yang muncul di tengah video,NETRAL
Apakah ada rencana untuk membuat sekuel video ini?,NETRAL
Saya melihat banyak kontroversi di sekitar video ini,NETRAL
Pengguna lain sepertinya menyukai bagian intro video ini,NETRAL
Saya belum memutuskan apakah video ini informatif atau tidak,NETRAL
Jumlah penonton video ini sudah mencapai berapa juta?,NETRAL
Saya melihat banyak iklan ditampilkan di tengah video.,NETRAL
Terdapat banyak like dan dislike untuk video ini.,NETRAL
Kualitas visual dari video ini cukup bagus.,NETRAL
Beberapa komentar di video ini terlihat informatif.,NETRAL
Menarik juga melihat daftar video terkait yang direkomendasikan.,NETRAL
Menarik juga melihat beragam tanggapan pengguna terhadap video ini.,NETRAL
Saya penasaran tentang jumlah penonton yang telah melihat video tersebut.,NETRAL
Komentar di bawah video ini sangat beragam ya.,NETRAL
Terdapat beberapa informasi menarik yang dibagikan dalam video tersebut.,NETRAL
Beberapa pengguna memberikan pertanyaan menarik terkait konten video.,NETRAL
Ada beberapa observasi menarik yang bisa didiskusikan dari video ini.,NETRAL
Pengguna nampaknya memiliki pemahaman yang berbeda-beda terhadap video tersebut.,NETRAL
Saya belum memiliki pendapat pasti mengenai video ini.,NETRAL
Ada banyak iklan yang muncul di video ini.,NETRAL
Thumbnail video ini menarik perhatian.,NETRAL
Saya suka gaya editing yang digunakan pada video ini.,NETRAL
Terdapat banyak view pada video ini.,NETRAL
Saya melihat banyak komentar positif dan negatif di bawah video tersebut.,NETRAL
"Durasi video ini cukup panjang, sekitar satu jam lebih.",NETRAL
"Tidak ada iklan yang muncul di tengah video, itu bagus.",NETRAL
Beberapa komentar menanyakan tentang konten video yang kurang jelas.,NETRAL
Pengaturan pencahayaan dalam video terlihat kurang optimal.,NETRAL
"Saya belum menonton video ini, tapi judulnya menarik perhatian.",NETRAL
Kualitas audio video tersebut terdengar jelas dan nyaring.,NETRAL
Saya melihat banyak interaksi dari penonton pada video tersebut.,NETRAL
Saya melihat banyak komentar positif mengenai video ini.,NETRAL
Berapa jumlah view yang sudah diperoleh video ini?,NETRAL
"Saya belum menonton video ini, mungkin nanti akan saya coba.",NETRAL
Ada informasi menarik di menit ke-3 dari video tersebut.,NETRAL
Saya mendapati video ini muncul dalam rekomendasi YouTube saya.,NETRAL
"Terdapat banyak iklan di video ini, agak mengganggu sedikit.",NETRAL
Bagaimana pendapat kalian mengenai thumbnail video ini?,NETRAL
Saya melihat jumlah like dan dislike video ini seimbang.,NETRAL
Banyak komentar yang memberikan pendapat beragam tentang video tersebut.,NETRAL
Dalam video terlihat ada beberapa iklan yang muncul di tengah-tengah.,NETRAL
Beberapa pengguna menanyakan tentang kualitas audio dalam video ini.,NETRAL
Saya tidak melihat interaksi yang intens antara pembuat video dengan penonton.,NETRAL
Banyak penonton menyoroti konten video yang terkesan klise.,NETRAL
Pengguna tampaknya merasa netral terhadap isi video tersebut.,NETRAL
Terdapat beberapa kesalahan kecil dalam tata letak visual video tersebut.,NETRAL
Saya melihat iklan di tengah video.,NETRAL
Ada kolom deskripsi yang cukup lengkap.,NETRAL
Jumlah dislike nampak cukup tinggi.,NETRAL
Saya melihat beberapa video terkait di samping.,NETRAL
Kualitas gambar terlihat jelas dan tajam.,NETRAL
Ada tombol subscribe yang mudah ditemukan.,NETRAL
Terdapat informasi detail di bagian tentang.,NETRAL
Tidak ada iklan yang muncul di video ini.,NETRAL
Kualitas video cukup baik meskipun tidak sempurna.,NETRAL
Saya tidak sepenuhnya setuju dengan pendapat yang disampaikan dalam video.,NETRAL
Pengambilan gambar dalam video terlihat rapi.,NETRAL
Belum ada subtitle Bahasa Indonesia dalam video ini.,NETRAL
Saya ingin tahu lebih banyak informasi terkait topik yang dibahas.,NETRAL
Ada beberapa kesalahan kecil dalam penulisan judul video.,NETRAL
Terdapat beberapa iklan yang muncul saat menonton video.,NETRAL
Saya melihat beberapa video serupa sebelumnya.,NETRAL
Ada opsi untuk mengubah kualitas video.,NETRAL
Tombol subscribe terpampang jelas di sini.,NETRAL
Saya akan bookmark video ini untuk ditonton nanti.,NETRAL
Judul video tidak terlalu mencolok.,NETRAL
Ada yang bisa memberi tahu saya siapa yang membuat video ini?,NETRAL
Beberapa bagian dari video terlihat cukup informatif.,NETRAL
Mungkin ada kontroversi terkait video ini dari sudut pandang tertentu.,NETRAL
"Saya belum menonton keseluruhan video, tapi sepertinya menarik.",NETRAL
Apakah ada yang tahu latar belakang pembuat video?,NETRAL
Video ini sepertinya mendapat perhatian yang cukup besar dari penonton.,NETRAL
Video ini berdurasi cukup lama.,NETRAL
Terdapat banyak komentar pada video tersebut.,NETRAL
Banyak orang yang telah menonton video tersebut.,NETRAL
Tidak ada informasi yang kurang jelas dalam video tersebut.,NETRAL
Beberapa bagian video terlihat menarik untuk ditonton.,NETRAL
Kualitas audio dalam video ini terdengar jelas.,NETRAL
Saya melihat iklan muncul di tengah video.,NETRAL
Video ini memiliki banyak komentar positif dan negatif.,NETRAL
Apakah ada bocoran tentang konten video berikutnya?,NETRAL
Saya tidak yakin apakah thumbnail video sesuai dengan isi konten.,NETRAL
Terdapat informasi yang menarik di menit ke-5 video.,NETRAL
Saya belum memutuskan apakah akan subscribe channel ini atau tidak.,NETRAL
Kualitas audio video terdengar jelas dan baik.,NETRAL
Pembicara dalam video terlihat menguasai topik yang dibahas.,NETRAL
Banyak informasi menarik dalam video ini.,NETRAL
Ada link untuk sumber video aslinya?,NETRAL
Saya penasaran dengan konten video selanjutnya.,NETRAL
Ada yang tahu latar belakang musik di video ini?,NETRAL
Saya melihat ada banyak like pada video ini.,NETRAL
Sebagian besar komentar berkaitan dengan topik video.,NETRAL
Beberapa pengguna memberikan saran untuk video berikutnya.,NETRAL
Pengunggah video sering berinteraksi dengan komentar pengguna.,NETRAL
Sebagian besar adegan dalam video terlihat natural.,NETRAL
Terdapat informasi yang menarik dalam deskripsi video.,NETRAL
Sebaiknya penjelasan tambahan diperlukan untuk memahami video ini lebih baik.,NETRAL
Ada beberapa bagian video yang terlalu cepat dipotong.,NETRAL
Sebaiknya pengaturan audio video ini ditingkatkan.,NETRAL
Mungkin lebih banyak variasi konten bisa ditambahkan ke video tersebut.,NETRAL
Saya ingin tahu apakah ada video lanjutan terkait topik ini.,NETRAL
Saya melihat ada banyak like dan dislike di video tersebut.,NETRAL
Beberapa pengguna tampaknya menyukai konten ini.,NETRAL
Dalam video terdapat beberapa iklan yang muncul.,NETRAL
Jumlah view pada video tersebut terus bertambah.,NETRAL
Pengguna lain juga merekomendasikan video serupa.,NETRAL
Ada diskusi menarik di bagian komentar video.,NETRAL
Beberapa orang berbagi pendapat yang berbeda tentang konten ini.,NETRAL
Saya melihat banyak thumbnail menarik di video tersebut.,NETRAL
Pengguna lain juga membagikan video ini di media sosial.,NETRAL
Apakah ada informasi kontak kreator di deskripsi video?,NETRAL
Tema video ini tampak menarik untuk banyak orang.,NETRAL
Saya tidak melihat iklan yang mengganggu selama menonton video.,NETRAL
Kualitas video cukup jelas meskipun tidak dalam resolusi tinggi.,NETRAL
"Pada menit ke-3, terdapat perpindahan adegan yang agak tiba-tiba.",NETRAL
Saya penasaran apakah ada lanjutan dari video ini di bagian kedua.,NETRAL
Musik latar belakang video cukup cocok dengan tema yang ditampilkan.,NETRAL
Penggunaan efek transisi antar-klip cukup halus dan tidak terlalu mencolok.,NETRAL
"Video ini tampaknya menarik, saya akan menontonnya nanti.",NETRAL
Komentar di bawah video cukup beragam ya.,NETRAL
Tampaknya ada banyak iklan di video ini.,NETRAL
Saya pikir video ini bisa lebih informatif.,NETRAL
Apakah ada link terkait untuk video ini?,NETRAL
Sebaiknya ada caption untuk video non-verbal ini.,NETRAL
Terdengar jelas suara narator dalam video.,NETRAL
Video ini memiliki kualitas visual yang baik.,NETRAL
Ada yang bisa menjelaskan konten video ini secara singkat?,NETRAL
Saya mencatat adanya iklan di menit ke-7.,NETRAL
Saya tidak yakin apakah topik ini sesuai minat saya.,NETRAL
Terdapat banyak interaksi di kolom komentar.,NETRAL
"Saya belum menonton video ini, ada saran dari yang sudah menonton?",NETRAL
"Saya melihat video ini trending, apa yang menarik dari video tersebut?",NETRAL
Beberapa penonton menanyakan detail tentang konten video.,NETRAL
Terdapat diskusi menarik di bagian komentar.,NETRAL
Banyak orang mengomentari aspek teknis dari produksi video.,NETRAL
Terkadang penonton menyarankan konten yang ingin mereka lihat di masa mendatang.,NETRAL
Ada yang memperhatikan adanya kesalahan kecil dalam video tersebut.,NETRAL
Beberapa penonton membandingkan video ini dengan karya sebelumnya.,NETRAL
Saya melihat banyak perdebatan seputar topik yang diangkat dalam video.,NETRAL
Penonton terlihat aktif berbagi pendapat mereka di kolom komentar.,NETRAL
Jumlah view video sudah mencapai satu juta,NETRAL
Ada banyak komentar positif di bawah video,NETRAL
Tidak ada iklan yang muncul di tengah video,NETRAL
Banyak orang yang berbagi video ini di media sosial,NETRAL
Belum ada informasi tentang pembuat video,NETRAL
Kualitas video terlihat baik,NETRAL
Jumlah dislike video cukup tinggi,NETRAL
Jumlah like dan dislike video ini cukup seimbang.,NETRAL
Kualitas visual dari video ini terlihat profesional.,NETRAL
Komentar yang ada di video ini cukup beragam.,NETRAL
Tema video ini sepertinya menarik untuk ditelusuri lebih lanjut.,NETRAL
Banyak informasi menarik yang disajikan dalam video ini.,NETRAL
Saya merasa video ini cukup informatif tanpa terlalu berlebihan.,NETRAL
Ada beberapa bagian dari video ini yang masih membuat saya bertanya-tanya.,NETRAL
Saya penasaran dengan latar belakang pembuatan video ini.,NETRAL
Banyak komentar positif muncul di kolom diskusi.,NETRAL
Ada beberapa adegan yang cukup menghibur di video tersebut.,NETRAL
Sebagian besar penonton sepertinya menikmati konten ini.,NETRAL
Saya belum memahami maksud dari adegan pembuka video.,NETRAL
Penggunaan musik latar cukup pas dengan suasana video.,NETRAL
Saya tidak terlalu tertarik dengan topik yang diangkat dalam video ini.,NETRAL
Saya penasaran siapa yang membuat video ini.,NETRAL
Thumbnail video cukup informatif.,NETRAL
"Saya belum menonton video ini, tapi deskripsinya menarik.",NETRAL
Beberapa video terkait disarankan setelah video ini selesai.,NETRAL
"Video ini tampak menarik, mungkin layak untuk ditonton.",NETRAL
Beberapa pengguna meminta penjelasan lebih lanjut mengenai topik video.,NETRAL
Saya melihat beberapa iklan ditampilkan di sini.,NETRAL
Pengaturan subtitle bisa membantu pemahaman konten video.,NETRAL
Banyak pengguna menandai timestamp menarik di komentar.,NETRAL
Video ini memiliki banyak view.,NETRAL
Durasi video cukup panjang untuk topik ini.,NETRAL
Saya menyadari banyak iklan di video tersebut.,NETRAL
Sebagian besar penonton tampak menikmati konten videonya.,NETRAL
Saya melihat ada beberapa video terkait yang direkomendasikan.,NETRAL
Deskripsi video memberikan informasi yang jelas tentang isi konten.,NETRAL
Suara narator terdengar jelas.,NETRAL
Tema video sangat relevan saat ini.,NETRAL
Video ini tampaknya memiliki sponsor.,NETRAL
Durasi video tidak terlalu panjang.,NETRAL
Apakah ada informasi lebih lanjut tentang konten ini?,NETRAL
Beberapa bagian dari video ini tampak menarik.,NETRAL
Terlihat ada diskusi yang menarik di kolom komentar.,NETRAL
Saya tertarik untuk mengetahui lebih lanjut tentang topik ini.,NETRAL
Mungkin video ini dapat menarik perhatian lebih banyak orang.,NETRAL
Ada yang bisa memberikan ringkasan singkat tentang konten video?,NETRAL
Saya perlu waktu lebih lama untuk meninjau video ini secara menyeluruh.,NETRAL
Ada beberapa bagian dalam video yang kurang jelas.,NETRAL
Sebaiknya pembuat video memberikan penjelasan lebih lanjut tentang topik ini.,NETRAL
Banyak orang sepertinya menikmati video ini.,NETRAL
Video ini memperlihatkan berbagai adegan menarik.,NETRAL
"Pengguna lain juga menyukai bagian ini, tampaknya.",NETRAL
Saya akan menonton video ini lebih lanjut besok.,NETRAL
"Banyak sekali view yang sudah terkumpul, menarik untuk dianalisis.",NETRAL
Tampaknya ada diskusi menarik di kolom komentar.,NETRAL
Saya ingin tahu apakah video ini memiliki sekuel.,NETRAL
Apakah ada informasi terbaru terkait pembuat video ini?,NETRAL
Saya akan simpan video ini ke dalam playlist favorit saya.,NETRAL
Tulisan di video ini cukup sulit untuk dibaca.,NETRAL
Warna background video tidak begitu kontras.,NETRAL
Saya tidak begitu paham dengan konten video ini.,NETRAL
Saya perlu menonton video ini lebih dari sekali.,NETRAL
Ada bagian yang kurang jelas dalam video.,NETRAL
Saya merasa video ini kurang informatif bagi saya.,NETRAL
Terdapat banyak komentar pada bagian ini.,NETRAL
Saya melihat ada iklan di menit ke-7.,NETRAL
Kualitas gambar pada resolusi 1080p sangat baik.,NETRAL
Apakah ini video pertama dari channel tersebut?,NETRAL
Bagian awal video terlihat menarik.,NETRAL
"Durasi video cukup panjang, sekitar 1 jam.",NETRAL
Subtitel tersedia dalam berbagai bahasa.,NETRAL
Saya tidak melihat like/dislike ratio di sini.,NETRAL
Thumbnail video menarik dan sesuai dengan konten.,NETRAL
Tolong informasikan judul video ini.,NETRAL
Sepertinya video ini sedang viral.,NETRAL
Komentar-komentar di bawah cukup variatif.,NETRAL
Saya penasaran dengan topik yang dibahas di video ini.,NETRAL
Apakah ada yang bisa memberikan ringkasan video ini?,NETRAL
Saya tidak yakin apakah video ini relevan untuk saya.,NETRAL
Banyak komentar positif di bagian ini.,NETRAL
"Saya belum menonton video ini, tetapi banyak yang merekomendasikannya.",NETRAL
Saya tidak tertarik dengan topik yang dibahas dalam video.,NETRAL
Video ini memiliki rating yang tinggi.,NETRAL
Terdapat banyak komentar di bagian ini.,NETRAL
Ada link terkait di deskripsi video.,NETRAL
Komentar-komentar di bawah video cukup variatif.,NETRAL
Video ini mendapatkan banyak views dalam waktu singkat.,NETRAL
Beberapa pengguna menanyakan tentang latar belakang pembuat video.,NETRAL
Pengguna lain menyebut video ini kontroversial.,NETRAL
Terdapat diskusi panjang di bagian komentar.,NETRAL
Beberapa orang menyimpan video ini ke dalam daftar putar mereka.,NETRAL
Ada beberapa spoiler yang dibagikan di bagian komentar.,NETRAL
Pengguna lain menyarankan video serupa untuk ditonton.,NETRAL
Menurutku video ini agak panjang ya...,NETRAL
Saya melihat ada banyak interaksi di komentar video ini.,NETRAL
Beberapa orang menyukai bagian intro dari video tersebut.,NETRAL
Ada beberapa iklan yang muncul di tengah video itu.,NETRAL
"Video ini sepertinya sudah lama diunggah, tapi masih banyak yang menonton.",NETRAL
"Menurut saya, gaya editing video ini cukup menarik.",NETRAL
Saya tidak terlalu paham dengan konten yang diulas dalam video tersebut.,NETRAL
Tampaknya ada perdebatan seru di bagian komentar video.,NETRAL
Saya merasa video ini cukup informatif meskipun tidak terlalu menarik bagi saya.,NETRAL
Saya tidak sepenuhnya setuju dengan pendapat yang disampaikan.,NETRAL
Tata letak thumbnail video cukup menarik.,NETRAL
Saya belum menonton video ini hingga akhir.,NETRAL
Penjelasan yang disampaikan terasa cukup detail.,NETRAL
Tidak ada spoiler tentang isi video di deskripsi.,NETRAL
Saya rasa video ini cocok untuk target audiensnya.,NETRAL
Saya tidak yakin apakah video ini relevan dengan topik yang dibahas.,NETRAL
Ada banyak komentar positif dari penonton terkait video ini.,NETRAL
Sebaiknya saya periksa ulang informasi yang disampaikan dalam video.,NETRAL
Terlihat banyak interaksi dari pemirsa terhadap video tersebut.,NETRAL
Saya ingin mengetahui lebih lanjut tentang latar belakang pembuat video ini.,NETRAL
Apakah video ini sudah dilihat oleh banyak orang?,NETRAL
Sepertinya video ini membutuhkan sedikit pembaruan dalam kontennya.,NETRAL
Bagaimana cara terbaik untuk berbagi ulang video ini kepada teman?,NETRAL
Saya melihat bahwa video ini sudah lama diunggah.,NETRAL
Saya pikir thumbnail video ini menarik.,NETRAL
Terdapat informasi menarik di deskripsi video.,NETRAL
Saya menduga ada kontroversi terkait video ini.,NETRAL
Apakah ada yang mengetahui tanggal unggah video ini?,NETRAL
Saya tidak merasakan antusiasme berlebihan terhadap video ini.,NETRAL
"Durasi video terlalu panjang, sulit untuk ditonton sepenuhnya.",NETRAL
Banyak komentar positif maupun negatif mengenai video tersebut.,NETRAL
Jumlah dislike pada video cukup tinggi dibandingkan like-nya.,NETRAL
Beberapa bagian video terasa kurang jelas dalam penjelasannya.,NETRAL
Pengguna lain juga menyarankan video lain yang lebih informatif.,NETRAL
Terdapat banyak komentar dalam bahasa asing yang sulit dipahami.,NETRAL
Video ini membuat saya penasaran untuk mengetahui lebih lanjut.,NETRAL
Saya tidak sabar untuk melihat reaksi penonton lain.,NETRAL
Saya melihat beberapa iklan disela-sela video.,NETRAL
Ada bagian yang cukup lucu di tengah video.,NETRAL
Kualitas visual video ini cukup bagus.,NETRAL
Terima kasih atas konten yang informatif.,NETRAL
Banyak orang menonton video ini.,NETRAL
Ada banyak komentar di video tersebut.,NETRAL
Saya melihat bahwa video ini telah diunggah sejak lama.,NETRAL
Terdapat beragam pendapat yang disampaikan dalam kolom komentar.,NETRAL
Beberapa penonton bertanya tentang konten video.,NETRAL
Jumlah dislikes dan likes video tersebut seimbang.,NETRAL
Saya menaruh perhatian pada bagian tengah video.,NETRAL
Terdapat iklan yang muncul di awal video.,NETRAL
Beberapa orang menyukai thumbnail yang menarik perhatian.,NETRAL
Berapa jumlah view video ini sekarang?,NETRAL
Tulis deskripsi video dengan lebih jelas ya,NETRAL
Ada informasi tentang pembuat video ini?,NETRAL
Saya tidak terlalu suka dengan gaya editingnya,NETRAL
Coba jelaskan apa yang membuat video ini istimewa,NETRAL
Ada rekomendasi video serupa?,NETRAL
Bagaimana cara mengakses video di luar negeri?,NETRAL
Saya melihat banyak komentar positif pada video ini,NETRAL
Ada banyak viewer yang menyukai konten ini,NETRAL
Saya melihat bahwa video ini telah banyak ditonton,NETRAL
Banyak orang memberikan respons terhadap video tersebut,NETRAL
Terdapat beragam pendapat mengenai video ini,NETRAL
Saya menemukan bahwa video ini memiliki rating yang tinggi,NETRAL
Banyak orang bereaksi terhadap video ini di media sosial,NETRAL
Saya melihat bahwa video ini trending di YouTube,NETRAL
Ada diskusi yang menarik seputar video tersebut,NETRAL
Banyak orang tertarik dengan konten seperti ini.,NETRAL
Saya penasaran dengan jumlah dislike pada video ini.,NETRAL
Ternyata video ini sudah ditonton jutaan kali.,NETRAL
Saya tidak melihat adanya unsur provokasi dalam video ini.,NETRAL
Penonton sepertinya memiliki beragam pendapat tentang konten tersebut.,NETRAL
Saya mencatat adanya perbedaan pendapat di antara penonton.,NETRAL
Pembuat video sebaiknya memperhatikan umpan balik dari penonton.,NETRAL
Banyak yang berpendapat bahwa video ini informatif.,NETRAL
Ada beberapa iklan yang muncul di video tersebut.,NETRAL
Saya ingin tahu siapa pembuat video ini.,NETRAL
Terdapat banyak konten serupa di platform lain.,NETRAL
Beberapa komentar di video ini cukup lucu.,NETRAL
Ada tombol subscribe di bawah video.,NETRAL
Saya melihat video terkait yang mungkin menarik juga.,NETRAL
Banyak komentar positif dari pengguna tentang video ini.,NETRAL
Saya melihat banyak view count pada video tersebut.,NETRAL
Pengguna tampak antusias dengan video baru dari channel ini.,NETRAL
"Saya belum menonton video ini, tetapi thumbnailnya menarik.",NETRAL
Komentar-komentar pengguna cukup bervariasi.,NETRAL
"Pengguna lain menyarankan untuk menonton video ini, mungkin saya akan coba.",NETRAL
Video ini sepertinya menarik untuk ditonton.,NETRAL
Saya perhatikan banyak komentar positif di video ini.,NETRAL
Beberapa bagian video terlihat cukup informatif.,NETRAL
Ada banyak saran yang mungkin bisa diterapkan pada video ini.,NETRAL
Durasi video terlihat cukup panjang untuk topik tersebut.,NETRAL
Tema yang diangkat dalam video tampaknya cukup menarik.,NETRAL
Saya belum menemukan komentar negatif yang signifikan.,NETRAL
Video ini bisa jadi menarik bagi yang tertarik dengan topiknya.,NETRAL
Apakah ada video terkait lainnya?,NETRAL
Terdapat iklan pada menit ke-5.,NETRAL
Video ini tampaknya mendapat banyak view.,NETRAL
Saya tidak melihat deskripsi video di sini.,NETRAL
Ada beberapa adegan yang menarik perhatian.,NETRAL
Kualitas audio terdengar jelas.,NETRAL
Durasi video terlalu pendek menurut saya.,NETRAL
Berapa jumlah like dari video ini?,NETRAL
Video ini tampaknya memiliki rating yang tinggi.,NETRAL
Apakah ada bagian yang di-skip dalam video?,NETRAL
Saya perhatikan ada iklan di tengah video.,NETRAL
Lama sekali durasi video ini.,NETRAL
Apakah thumbnail sesuai dengan konten video?,NETRAL
Saya tidak melihat informasi kontak pembuat video.,NETRAL
Terdapat caption dalam bahasa lain di sini.,NETRAL
Ada bagian yang terlalu gelap dalam video.,NETRAL
"Menarik, berapa jumlah view video ini?",NETRAL
Video ini sepertinya sudah lama diunggah.,NETRAL
Apakah ada yang bisa memberikan ringkasan isi video?,NETRAL
Saya belum memutuskan apakah video ini menarik atau tidak.,NETRAL
"Video ini tampak menarik, berapa lama durasinya?",NETRAL
Ada yang bisa memberi saya ringkasan tentang isi video?,NETRAL
"Banyak orang sepertinya menonton video ini, apa yang menarik dari video tersebut?",NETRAL
Apakah video ini termasuk dalam seri video atau standalone?,NETRAL
Saya melihat ada beberapa kesalahan pengejaan dalam deskripsi video.,NETRAL
Ada yang tahu latar belakang musik yang digunakan di video ini?,NETRAL
Tampaknya video ini sedang trending.,NETRAL
Ada bagian yang cukup menarik di tengah video.,NETRAL
Beberapa orang membagikan video ini di media sosial.,NETRAL
Judul video cukup menarik perhatian untuk diklik.,NETRAL
Apakah video ini merupakan bagian dari seri konten tertentu?,NETRAL
Beberapa bagian dari video terlihat kurang jelas,NETRAL
Saya penasaran dengan informasi tambahan yang tidak disebutkan di video,NETRAL
Terdapat iklan yang muncul di tengah-tengah video,NETRAL
Saya menemukan beberapa kesalahan teknis dalam produksi video,NETRAL
Pengguna lain nampaknya sangat antusias dengan konten ini,NETRAL
Saya memperhatikan gaya editing yang konsisten sepanjang video,NETRAL
Ada sedikit ketidaksesuaian antara judul dan isi video,NETRAL
Saya merasa video ini cukup informatif namun kurang menarik secara visual,NETRAL
"Ukuran tampilan video terlalu kecil, sulit untuk dilihat dengan jelas.",NETRAL
Saya melihat ada iklan yang muncul di tengah video tersebut.,NETRAL
Ada komentar yang menarik perhatian saya di bagian bawah video.,NETRAL
"Durasi video terlalu panjang, mungkin akan kurang diminati oleh sebagian orang.",NETRAL
Terdapat beberapa adegan yang cukup menghibur di pertengahan video.,NETRAL
Jumlah dislike pada video ini cukup tinggi dibandingkan jumlah like-nya.,NETRAL
Saya melihat bahwa video ini telah ditonton oleh ribuan pengguna sebelumnya.,NETRAL
Tema video cukup menarik dan cocok dengan minat saya pribadi.,NETRAL
Kualitas audio pada video terdengar cukup jernih dan baik.,NETRAL
Saya tidak begitu tertarik dengan konten yang disajikan dalam video ini.,NETRAL
Video ini memiliki banyak tampilan.,NETRAL
Mungkin akan menarik untuk ditonton lebih lanjut.,NETRAL
Saya belum menonton videonya.,NETRAL
Dapatkah seseorang memberi saya cuplikan kontennya?,NETRAL
Apa genre video ini?,NETRAL
Saya suka thumbnail yang dipilih.,NETRAL
Saya belum membaca semua komentar.,NETRAL
Sangat mudah untuk membagikan video ini ke media sosial.,NETRAL
Saya melihat beberapa kesalahan kecil dalam konten video.,NETRAL
Ada beberapa adegan yang cukup lucu dalam video.,NETRAL
Terdapat banyak video terkait yang direkomendasikan setelah menonton ini.,NETRAL
Judul video cukup menggoda untuk ditonton.,NETRAL
Saya tidak begitu tertarik dengan topik yang diangkat dalam video ini.,NETRAL
Terdapat iklan singkat di awal video tersebut.,NETRAL
Pembicara dalam video terlihat berbicara dengan lancar.,NETRAL
Saya pikir thumbnail video ini cukup menarik perhatian.,NETRAL
Apakah ada informasi detail mengenai penjelasan di video ini?,NETRAL
Durasi video ini tergolong panjang dibanding yang lainnya.,NETRAL
Saya menemukan video ini ketika sedang mencari tutorial sejenis.,NETRAL
"Saya belum menonton video ini, tetapi judulnya menarik perhatian.",NETRAL
Saya melihat banyak view pada video ini,NETRAL
Isi dari video ini sepertinya informatif,NETRAL
Saya melihat beberapa iklan di video tersebut,NETRAL
Ada beberapa diskusi menarik di kolom komentar,NETRAL
Video ini memiliki durasi yang cukup panjang,NETRAL
Beberapa bagian dari video tampak tidak jelas,NETRAL
Terdapat informasi yang menarik dalam video tersebut,NETRAL
Saya menemukan beberapa kesalahan kecil dalam video,NETRAL
Perhatikan jumlah views video ini.,NETRAL
Apakah ada spoiler di video tersebut?,NETRAL
Komentar-komentar di sini sangat beragam ya.,NETRAL
Coba perhatikan thumbnail yang dipilih.,NETRAL
Video ini sepertinya sudah lama ditunggu-tunggu.,NETRAL
Ada informasi menarik di menit ke-5.,NETRAL
Apakah ada versi dengan subtitle?,NETRAL
Saya tertarik dengan topik yang diangkat.,NETRAL
Video ini banyak mendapatkan komentar positif dari pengguna lain.,NETRAL
Berapa jumlah view yang sudah terkumpul untuk video ini?,NETRAL
Ada yang tahu siapa pembuat musik latar belakang di video ini?,NETRAL
Terlihat ada beberapa kesalahan kecil dalam editing video.,NETRAL
Apakah ada yang merasa video ini terlalu panjang?,NETRAL
Saya pikir topik yang diangkat dalam video cukup menarik.,NETRAL
Tolong beritahu saya apakah video ini sudah memiliki subtitle?,NETRAL
Saya belum menemukan informasi terkait siapa narator dalam video.,NETRAL
Apakah ada yang tahu bagaimana cara mengunduh video ini?,NETRAL
Saya melihat ada beberapa komentar yang menarik perhatian.,NETRAL
Saya mengamati adanya perbedaan pendapat di bagian ini.,NETRAL
Apakah ada informasi tentang pembuat video?,NETRAL
Topik video ini sebenarnya menarik untuk dibahas lebih lanjut.,NETRAL
Saya belum menemukan informasi yang memuaskan dari video ini.,NETRAL
Saya ingin mengetahui lebih banyak detail tentang konten video.,NETRAL
Banyak komentar positif dan negatif di bagian ini.,NETRAL
Saya melihat banyak iklan disisipkan dalam video.,NETRAL
Thumbnail video menarik perhatian untuk diklik.,NETRAL
Banyak informasi berguna dibagikan dalam video ini.,NETRAL
Pengguna lain merekomendasikan video serupa di sini.,NETRAL
Kualitas audio dan video dalam video ini cukup baik.,NETRAL
Komentar-komentar di bawah video memberikan perspektif tambahan.,NETRAL
Saya terkejut dengan jumlah penonton video ini.,NETRAL
Berapa jumlah dislai video ini?,NETRAL
Ada banyak komentar yang membahas topik yang sama.,NETRAL
Belum jelas apakah video ini akan memiliki sekuel.,NETRAL
Mungkin akan lebih baik jika video ini disertai subtitle.,NETRAL
Apakah video ini cocok untuk ditonton semua kalangan?,NETRAL
Saya tidak begitu tertarik dengan isi video ini.,NETRAL
Banyak informasi menarik yang disajikan dalam video tersebut.,NETRAL
Saya rasa video ini bisa lebih menarik dengan pengeditan yang lebih baik.,NETRAL
Tidak banyak aksi menarik dalam video tersebut.,NETRAL
Saya belum yakin apakah saya suka dengan gaya penyampaian konten video ini.,NETRAL
Komentar pengguna pada video ini cukup beragam.,NETRAL
Mengamati bahwa thumbnail video menarik perhatian,NETRAL
Menyebutkan bahwa video memiliki banyak view,NETRAL
Menyampaikan bahwa suara narator terdengar jelas,NETRAL
